# Blender 4.2.3 LTS
# www.blender.org
mtllib double_torus_odd.mtl
o double_torus_odd
v 1.250000 1.337275 -0.000000
v 1.216506 1.337275 0.125000
v 1.125000 1.337275 0.216506
v 1.000000 1.337275 0.255710
v 0.875000 1.337275 0.246282
v 0.783494 1.337275 0.185354
v 0.750000 1.337275 0.074500
v 0.783494 1.337275 -0.064646
v 0.875000 1.337275 -0.186730
v 1.000000 1.337275 -0.244290
v 1.125000 1.337275 -0.216506
v 1.216506 1.337275 -0.125000
v 1.239306 1.500433 0.000097
v 1.206099 1.496061 0.126007
v 1.115376 1.484117 0.225022
v 0.991445 1.467801 0.281297
v 0.867514 1.451485 0.286265
v 0.776791 1.439541 0.233855
v 0.743584 1.435170 0.125676
v 0.776791 1.439541 -0.016145
v 0.867514 1.451485 -0.146747
v 0.991445 1.467801 -0.218703
v 1.115376 1.484117 -0.207990
v 1.206099 1.496061 -0.123993
v 1.207407 1.660799 0.014946
v 1.175055 1.652130 0.145116
v 1.086667 1.628446 0.254918
v 0.965926 1.596094 0.323844
v 0.845185 1.563742 0.338943
v 0.756797 1.540058 0.292282
v 0.724444 1.531389 0.185845
v 0.756797 1.540058 0.042282
v 0.845185 1.563742 -0.094069
v 0.965926 1.596094 -0.176156
v 1.086667 1.628446 -0.178094
v 1.175055 1.652130 -0.104884
v 1.154849 1.815629 0.050316
v 1.123905 1.802812 0.183471
v 1.039364 1.767794 0.300738
v 0.923880 1.719958 0.378181
v 0.808395 1.672123 0.399791
v 0.723854 1.637105 0.356596
v 0.692910 1.624288 0.251155
v 0.723854 1.637105 0.106596
v 0.808395 1.672123 -0.033221
v 0.923880 1.719958 -0.121819
v 1.039364 1.767794 -0.132274
v 1.123905 1.802812 -0.066529
v 1.082532 1.962275 0.098246
v 1.053525 1.945528 0.233334
v 0.974279 1.899775 0.355353
v 0.866025 1.837275 0.438012
v 0.757772 1.774775 0.463343
v 0.678525 1.729022 0.421959
v 0.649519 1.712275 0.317009
v 0.678525 1.729022 0.171959
v 0.757772 1.774775 0.030331
v 0.866025 1.837275 -0.061988
v 0.974279 1.899775 -0.077659
v 1.053525 1.945528 -0.016666
v 0.991692 2.098227 0.149738
v 0.965119 2.077837 0.285968
v 0.892523 2.022131 0.410723
v 0.793353 1.946036 0.496224
v 0.694184 1.869941 0.523412
v 0.621587 1.814236 0.482890
v 0.595015 1.793846 0.378206
v 0.621587 1.814236 0.232890
v 0.694184 1.869941 0.090400
v 0.793353 1.946036 -0.003776
v 0.892523 2.022131 -0.022289
v 0.965119 2.077837 0.035968
v 0.883883 2.221159 0.195513
v 0.860200 2.197475 0.365049
v 0.795495 2.132770 0.502111
v 0.707107 2.044382 0.567678
v 0.618718 1.955994 0.573418
v 0.554014 1.891289 0.533472
v 0.530330 1.867605 0.429127
v 0.554014 1.891289 0.283473
v 0.618718 1.955994 0.140406
v 0.707107 2.044382 0.067678
v 0.795495 2.132770 0.069099
v 0.860200 2.197475 0.115049
v 0.760952 2.328967 0.268042
v 0.740562 2.302394 0.446690
v 0.684857 2.229797 0.586915
v 0.608762 2.130628 0.646287
v 0.532666 2.031459 0.630040
v 0.476961 1.958862 0.567650
v 0.456571 1.932290 0.463936
v 0.476961 1.958862 0.317650
v 0.532666 2.031459 0.197028
v 0.608762 2.130628 0.146287
v 0.684857 2.229797 0.153903
v 0.740562 2.302394 0.196690
v 0.625000 2.419807 0.357625
v 0.608253 2.390800 0.505561
v 0.562500 2.311554 0.648332
v 0.500000 2.203300 0.704462
v 0.437500 2.095047 0.675999
v 0.391747 2.015800 0.587804
v 0.375000 1.986794 0.476802
v 0.391747 2.015800 0.337804
v 0.437500 2.095047 0.242987
v 0.500000 2.203300 0.204462
v 0.562500 2.311554 0.215320
v 0.608253 2.390800 0.255561
v 0.478355 2.492124 0.442729
v 0.465537 2.461180 0.569425
v 0.430519 2.376639 0.671420
v 0.382684 2.261154 0.726802
v 0.334848 2.145669 0.693308
v 0.299830 2.061129 0.601802
v 0.287013 2.030185 0.476802
v 0.299830 2.061129 0.351802
v 0.334848 2.145669 0.260296
v 0.382684 2.261154 0.226802
v 0.430519 2.376639 0.238408
v 0.465537 2.461180 0.319425
v 0.323524 2.544682 0.476802
v 0.314855 2.512330 0.601802
v 0.291171 2.423942 0.693308
v 0.258819 2.303201 0.726802
v 0.226467 2.182460 0.693308
v 0.202783 2.094072 0.601802
v 0.194114 2.061719 0.476802
v 0.202783 2.094072 0.351802
v 0.226467 2.182460 0.260296
v 0.258819 2.303201 0.226802
v 0.291171 2.423942 0.260296
v 0.314855 2.512330 0.351802
v 0.163158 2.576581 0.476802
v 0.158786 2.543374 0.601802
v 0.146842 2.452651 0.693308
v 0.130526 2.328720 0.726802
v 0.114210 2.204789 0.693308
v 0.102266 2.114066 0.601802
v 0.097895 2.080859 0.476802
v 0.102266 2.114066 0.351802
v 0.114210 2.204789 0.260296
v 0.130526 2.328720 0.226802
v 0.146842 2.452651 0.260296
v 0.158786 2.543374 0.351802
v 0.000000 2.587275 0.476802
v 0.000000 2.553782 0.601802
v 0.000000 2.462275 0.693308
v 0.000000 2.337275 0.726802
v 0.000000 2.212275 0.693308
v 0.000000 2.120769 0.601802
v 0.000000 2.087275 0.476802
v 0.000000 2.120769 0.351802
v 0.000000 2.212275 0.260296
v 0.000000 2.337275 0.226802
v 0.000000 2.462275 0.260296
v 0.000000 2.553782 0.351802
v -0.163158 2.576581 0.476802
v -0.158786 2.543374 0.601802
v -0.146842 2.452651 0.693308
v -0.130526 2.328720 0.726802
v -0.114211 2.204789 0.693308
v -0.102267 2.114066 0.601802
v -0.097895 2.080859 0.476802
v -0.102267 2.114066 0.351802
v -0.114211 2.204789 0.260296
v -0.130526 2.328720 0.226802
v -0.146842 2.452651 0.260296
v -0.158786 2.543374 0.351802
v -0.323524 2.544683 0.476802
v -0.314855 2.512330 0.601802
v -0.291171 2.423942 0.693308
v -0.258819 2.303201 0.726802
v -0.226467 2.182460 0.693308
v -0.202783 2.094072 0.601802
v -0.194114 2.061719 0.476802
v -0.202783 2.094072 0.351802
v -0.226467 2.182460 0.260296
v -0.258819 2.303201 0.226802
v -0.291171 2.423942 0.260296
v -0.314855 2.512330 0.351802
v -0.478354 2.492125 0.442729
v -0.465537 2.461180 0.569425
v -0.430519 2.376639 0.671420
v -0.382684 2.261155 0.726802
v -0.334848 2.145669 0.693308
v -0.299830 2.061129 0.601802
v -0.287013 2.030185 0.476802
v -0.299830 2.061129 0.351802
v -0.334848 2.145669 0.260296
v -0.382684 2.261155 0.226802
v -0.430519 2.376639 0.238408
v -0.465537 2.461180 0.319425
v -0.625000 2.419807 0.357624
v -0.608253 2.390800 0.505561
v -0.562500 2.311554 0.648332
v -0.500000 2.203300 0.704462
v -0.437500 2.095047 0.675999
v -0.391747 2.015800 0.601802
v -0.375000 1.986794 0.476802
v -0.391747 2.015800 0.351802
v -0.437500 2.095047 0.242987
v -0.500000 2.203300 0.204462
v -0.562500 2.311554 0.215320
v -0.608253 2.390800 0.255561
v -0.760952 2.328967 0.268042
v -0.740562 2.302394 0.446690
v -0.684857 2.229797 0.586915
v -0.608761 2.130628 0.646287
v -0.532666 2.031459 0.657157
v -0.476961 1.958862 0.587805
v -0.456571 1.932290 0.463936
v -0.476961 1.958862 0.337804
v -0.532666 2.031459 0.224145
v -0.608761 2.130628 0.146287
v -0.684857 2.229797 0.153903
v -0.740562 2.302394 0.196690
v -0.883884 2.221158 0.204376
v -0.860200 2.197475 0.365049
v -0.795495 2.132770 0.504507
v -0.707107 2.044382 0.598650
v -0.618719 1.955993 0.617772
v -0.554014 1.891289 0.550122
v -0.530330 1.867605 0.429127
v -0.554014 1.891289 0.300122
v -0.618719 1.955993 0.184760
v -0.707107 2.044382 0.098650
v -0.795495 2.132770 0.071495
v -0.860200 2.197475 0.115049
v -0.991692 2.098227 0.155339
v -0.965119 2.077837 0.308962
v -0.892522 2.022132 0.448395
v -0.793353 1.946036 0.540691
v -0.694184 1.869941 0.560258
v -0.621587 1.814236 0.495368
v -0.595015 1.793846 0.378206
v -0.621587 1.814236 0.245368
v -0.694184 1.869941 0.127246
v -0.793353 1.946036 0.040691
v -0.892522 2.022132 0.015383
v -0.965119 2.077837 0.058962
v -1.082532 1.962275 0.100571
v -1.053525 1.945529 0.249359
v -0.974278 1.899775 0.383667
v -0.866025 1.837275 0.472710
v -0.757772 1.774775 0.492171
v -0.678525 1.729022 0.430138
v -0.649519 1.712275 0.317009
v -0.678525 1.729022 0.180138
v -0.757772 1.774775 0.059159
v -0.866025 1.837275 -0.027290
v -0.974278 1.899775 -0.049345
v -1.053525 1.945529 -0.000641
v -1.154849 1.815629 0.050316
v -1.123905 1.802812 0.192904
v -1.039364 1.767794 0.319801
v -0.923880 1.719959 0.403187
v -0.808395 1.672123 0.420826
v -0.723854 1.637105 0.360761
v -0.692910 1.624288 0.251155
v -0.723854 1.637105 0.110761
v -0.808395 1.672123 -0.012186
v -0.923880 1.719959 -0.096813
v -1.039364 1.767794 -0.113211
v -1.123905 1.802812 -0.057096
v -1.207407 1.660799 0.014946
v -1.175055 1.652130 0.149188
v -1.086667 1.628446 0.265714
v -0.965926 1.596094 0.339989
v -0.845185 1.563742 0.352939
v -0.756797 1.540058 0.293068
v -0.724444 1.531389 0.185845
v -0.756797 1.540058 0.043068
v -0.845185 1.563742 -0.080073
v -0.965926 1.596094 -0.160011
v -1.086667 1.628446 -0.167298
v -1.175055 1.652130 -0.100812
v -1.239306 1.500433 0.000097
v -1.206099 1.496061 0.126609
v -1.115375 1.484117 0.229193
v -0.991445 1.467801 0.289973
v -0.867514 1.451486 0.294381
v -0.776791 1.439542 0.233856
v -0.743584 1.435170 0.125676
v -0.776791 1.439542 -0.016144
v -0.867514 1.451486 -0.138631
v -0.991445 1.467801 -0.210027
v -1.115375 1.484117 -0.203819
v -1.206099 1.496061 -0.123391
v -1.250000 1.337275 -0.000000
v -1.216506 1.337275 0.125000
v -1.125000 1.337275 0.216506
v -1.000000 1.337275 0.258713
v -0.875000 1.337275 0.249978
v -0.783494 1.337275 0.185354
v -0.750000 1.337275 0.074500
v -0.783494 1.337275 -0.064646
v -0.875000 1.337275 -0.183034
v -1.000000 1.337275 -0.241287
v -1.125000 1.337275 -0.216506
v -1.216506 1.337275 -0.125000
v -1.239306 1.174117 -0.000000
v -1.206099 1.178489 0.125000
v -1.115375 1.190433 0.216506
v -0.991445 1.206749 0.250000
v -0.867514 1.223065 0.223364
v -0.776791 1.235008 0.149893
v -0.743584 1.239380 0.035310
v -0.776791 1.235008 -0.100107
v -0.867514 1.223065 -0.209648
v -0.991445 1.206749 -0.250000
v -1.115375 1.190433 -0.216506
v -1.206099 1.178489 -0.125000
v -1.207407 1.013751 -0.000000
v -1.175055 1.022420 0.125000
v -1.086667 1.046104 0.216506
v -0.965926 1.078456 0.250000
v -0.845185 1.110808 0.216506
v -0.756797 1.134492 0.129589
v -0.724444 1.143161 0.010167
v -0.756797 1.134492 -0.120411
v -0.845185 1.110808 -0.216506
v -0.965926 1.078456 -0.250000
v -1.086667 1.046104 -0.216506
v -1.175055 1.022420 -0.125000
v -1.154850 0.858921 -0.000000
v -1.123906 0.871739 0.125000
v -1.039365 0.906757 0.216506
v -0.923880 0.954592 0.250000
v -0.808395 1.002427 0.216506
v -0.723854 1.037445 0.125000
v -0.692910 1.050263 0.000171
v -0.723854 1.037445 -0.125000
v -0.808395 1.002427 -0.216506
v -0.923880 0.954592 -0.250000
v -1.039365 0.906757 -0.216506
v -1.123906 0.871739 -0.125000
v -1.082532 0.712275 -0.000000
v -1.053526 0.729022 0.125000
v -0.974279 0.774775 0.216506
v -0.866026 0.837275 0.250000
v -0.757772 0.899775 0.216506
v -0.678525 0.945528 0.125000
v -0.649519 0.962275 -0.000000
v -0.678525 0.945528 -0.125000
v -0.757772 0.899775 -0.216506
v -0.866026 0.837275 -0.250000
v -0.974279 0.774775 -0.216506
v -1.053526 0.729022 -0.125000
v -0.997825 0.571617 -0.000000
v -0.965119 0.596713 0.125000
v -0.892522 0.652418 0.216506
v -0.793353 0.728514 0.250000
v -0.694184 0.804609 0.216506
v -0.621587 0.860314 0.125000
v -0.595015 0.880704 -0.000000
v -0.621587 0.860314 -0.125000
v -0.694184 0.804609 -0.216506
v -0.793353 0.728514 -0.250000
v -0.892522 0.652418 -0.216506
v -0.965119 0.596713 -0.125000
v -0.887364 0.492872 0.019747
v -0.827131 0.473068 0.095596
v -0.802194 0.560674 0.188375
v -0.707107 0.630168 0.250000
v -0.618719 0.718557 0.216506
v -0.554014 0.783262 0.125000
v -0.530330 0.806945 -0.000000
v -0.554014 0.783262 -0.125000
v -0.618719 0.718557 -0.216506
v -0.707107 0.630168 -0.250000
v -0.780511 0.540939 -0.190016
v -0.852654 0.487790 -0.084751
v -0.851231 0.299398 -0.000161
v -0.767915 0.303704 0.192479
v -0.653589 0.490915 0.213517
v -0.611746 0.552734 0.255291
v -0.532667 0.643091 0.216506
v -0.476961 0.715688 0.125000
v -0.456571 0.742260 -0.000000
v -0.476961 0.715688 -0.125000
v -0.532667 0.643091 -0.216506
v -0.610350 0.557800 -0.231682
v -0.646522 0.464594 -0.210402
v -0.729528 0.308393 -0.191282
v -0.614463 0.320994 0.232036
v -0.498979 0.485065 0.223106
v -0.439898 0.589093 0.217797
v -0.391747 0.658750 0.125000
v -0.375000 0.687756 -0.000000
v -0.391747 0.658750 -0.125000
v -0.437950 0.586416 -0.219610
v -0.494005 0.464736 -0.225030
v -0.580295 0.415071 -0.189147
v -0.511799 0.217636 0.319442
v -0.363405 0.353751 0.277166
v -0.347673 0.542532 0.194697
v -0.299830 0.613421 0.125000
v -0.287013 0.644365 -0.000000
v -0.299830 0.613421 -0.125000
v -0.330535 0.510114 -0.208415
v -0.381833 0.334160 -0.285079
v -0.535941 0.244662 -0.289154
v -0.227501 0.220200 0.361005
v -0.252780 0.476753 0.214896
v -0.192786 0.581830 0.127939
v -0.194115 0.612831 -0.000000
v -0.201084 0.584053 -0.127939
v -0.206940 0.505724 -0.192864
v -0.241369 0.306991 -0.314485
v -0.112898 0.293963 0.302632
v -0.127458 0.462878 0.201557
v -0.101696 0.564818 0.128307
v -0.097895 0.593691 -0.000000
v -0.101049 0.564250 -0.127939
v -0.119059 0.447526 -0.210869
v -0.115961 0.297538 -0.301676
v 0.002227 0.292247 0.309742
v -0.001057 0.495914 0.180504
v -0.006014 0.560554 0.121945
v 0.003846 0.592335 -0.004701
v -0.003682 0.560278 -0.124078
v -0.002582 0.495010 -0.181387
v -0.001484 0.293196 -0.309535
v 0.136601 0.331845 0.286246
v 0.095171 0.456433 0.206396
v 0.097768 0.561744 0.132221
v 0.097895 0.593691 -0.000000
v 0.097124 0.560057 -0.133345
v 0.093527 0.455280 -0.206852
v 0.133155 0.328713 -0.287624
v 0.261653 0.285993 0.314465
v 0.195286 0.485222 0.198416
v 0.195221 0.585464 0.121945
v 0.194114 0.612831 -0.000000
v 0.202467 0.584424 -0.127939
v 0.205836 0.499985 -0.193052
v 0.272381 0.241714 -0.340575
v 0.413532 0.409456 0.231155
v 0.330511 0.509349 0.208488
v 0.299830 0.613421 0.125000
v 0.287013 0.644365 -0.000000
v 0.299830 0.613421 -0.125000
v 0.377145 0.495614 -0.162181
v 0.386144 0.454103 -0.230509
v 0.473368 0.245070 -0.304070
v 0.529135 0.424384 0.232958
v 0.473931 0.480181 0.236994
v 0.437950 0.586416 0.219610
v 0.391747 0.658750 0.125000
v 0.375000 0.687756 -0.000000
v 0.391747 0.658750 -0.125000
v 0.419587 0.592273 -0.223336
v 0.492397 0.480143 -0.225220
v 0.617671 0.353594 -0.232522
v 0.853660 0.230402 -0.001479
v 0.810634 0.309430 0.167906
v 0.664899 0.388951 0.237152
v 0.584047 0.549700 0.230607
v 0.532666 0.643091 0.216506
v 0.476961 0.715688 0.125000
v 0.456571 0.742260 -0.000000
v 0.476961 0.715688 -0.125000
v 0.532666 0.643091 -0.216506
v 0.604926 0.549303 -0.227860
v 0.748692 0.344490 -0.172631
v 0.860533 0.479080 0.001202
v 0.843907 0.492503 0.115146
v 0.803927 0.560419 0.189322
v 0.707106 0.630168 0.250000
v 0.618718 0.718556 0.216506
v 0.554013 0.783261 0.125000
v 0.530330 0.806945 -0.000000
v 0.554013 0.783261 -0.125000
v 0.618718 0.718556 -0.216506
v 0.707106 0.630168 -0.250000
v 0.785312 0.553664 -0.195457
v 0.856838 0.515952 -0.131566
v 0.992128 0.565450 0.006582
v 0.965119 0.596713 0.125000
v 0.892523 0.652419 0.216506
v 0.793353 0.728514 0.250000
v 0.694184 0.804609 0.216506
v 0.621587 0.860314 0.125000
v 0.595015 0.880704 -0.000000
v 0.621587 0.860314 -0.125000
v 0.694184 0.804609 -0.216506
v 0.793353 0.728514 -0.250000
v 0.892523 0.652419 -0.216506
v 0.965119 0.596713 -0.125000
v 1.082532 0.712275 -0.000000
v 1.053525 0.729022 0.125000
v 0.974279 0.774775 0.216506
v 0.866025 0.837275 0.250000
v 0.757772 0.899775 0.216506
v 0.678525 0.945528 0.125000
v 0.649519 0.962275 -0.000000
v 0.678525 0.945528 -0.125000
v 0.757772 0.899775 -0.216506
v 0.866025 0.837275 -0.250000
v 0.974279 0.774775 -0.216506
v 1.053525 0.729022 -0.125000
v 1.154849 0.858920 -0.000000
v 1.123905 0.871738 0.125000
v 1.039364 0.906756 0.216506
v 0.923879 0.954591 0.250000
v 0.808394 1.002427 0.216506
v 0.723854 1.037445 0.125000
v 0.692910 1.050262 0.000171
v 0.723854 1.037445 -0.125000
v 0.808394 1.002427 -0.216506
v 0.923879 0.954591 -0.250000
v 1.039364 0.906756 -0.216506
v 1.123905 0.871738 -0.125000
v 1.207407 1.013752 -0.000000
v 1.175055 1.022420 0.125000
v 1.086667 1.046104 0.216506
v 0.965926 1.078456 0.250000
v 0.845185 1.110809 0.216506
v 0.756797 1.134492 0.129589
v 0.724444 1.143161 0.010167
v 0.756797 1.134492 -0.120411
v 0.845185 1.110809 -0.216506
v 0.965926 1.078456 -0.250000
v 1.086667 1.046104 -0.216506
v 1.175055 1.022420 -0.125000
v 1.239306 1.174117 -0.000000
v 1.206099 1.178489 0.125000
v 1.115376 1.190433 0.216506
v 0.991445 1.206749 0.250000
v 0.867514 1.223065 0.222428
v 0.776791 1.235009 0.149893
v 0.743584 1.239380 0.035310
v 0.776791 1.235009 -0.100107
v 0.867514 1.223065 -0.210584
v 0.991445 1.206749 -0.250000
v 1.115376 1.190433 -0.216506
v 1.206099 1.178489 -0.125000
v 1.720000 -1.429261 0.000000
v 1.674327 -1.429261 0.229610
v 1.544264 -1.429261 0.424264
v 1.349610 -1.429261 0.554328
v 1.120000 -1.429261 0.600000
v 0.925042 -1.444113 0.565504
v 0.824142 -1.477635 0.462335
v 0.796580 -1.502271 0.290312
v 0.786047 -1.464144 0.043109
v 0.822782 -1.423214 -0.205786
v 0.895136 -1.407518 -0.413775
v 1.009432 -1.408982 -0.551730
v 1.162247 -1.421983 -0.599119
v 1.350722 -1.429069 -0.554305
v 1.544264 -1.429261 -0.424264
v 1.674327 -1.429261 -0.229610
v 1.708370 -1.229581 0.000000
v 1.663006 -1.234884 0.229610
v 1.533822 -1.249983 0.424264
v 1.340484 -1.272581 0.554328
v 1.112427 -1.299237 0.600000
v 0.906552 -1.341206 0.564397
v 0.797758 -1.398639 0.460898
v 0.766468 -1.433975 0.286724
v 0.753227 -1.386397 0.032461
v 0.786564 -1.349107 -0.212947
v 0.857128 -1.322392 -0.419537
v 0.965477 -1.311919 -0.552637
v 1.130635 -1.296100 -0.599620
v 1.340484 -1.272581 -0.554328
v 1.533822 -1.249983 -0.424264
v 1.663006 -1.234884 -0.229610
v 1.673637 -1.032602 0.000000
v 1.629196 -1.043134 0.229610
v 1.502638 -1.073129 0.424264
v 1.313231 -1.118020 0.554328
v 1.089810 -1.170971 0.600000
v 0.877581 -1.234876 0.561028
v 0.760657 -1.310575 0.454213
v 0.725979 -1.357107 0.277723
v 0.714047 -1.320665 0.027123
v 0.741701 -1.276844 -0.220106
v 0.811234 -1.245683 -0.421465
v 0.917512 -1.215115 -0.553262
v 1.093290 -1.170372 -0.599928
v 1.313231 -1.118020 -0.554328
v 1.502638 -1.073129 -0.424264
v 1.629196 -1.043134 -0.229610
v 1.616271 -0.840986 0.000000
v 1.573353 -0.856607 0.229610
v 1.451133 -0.901092 0.424264
v 1.268218 -0.967667 0.554328
v 1.052456 -1.046199 0.600000
v 0.839768 -1.128211 0.556406
v 0.714589 -1.217674 0.444030
v 0.677064 -1.275605 0.265219
v 0.667107 -1.252981 0.019574
v 0.690325 -1.210260 -0.225384
v 0.758076 -1.173336 -0.422089
v 0.867133 -1.119485 -0.553693
v 1.052456 -1.046199 -0.600000
v 1.268218 -0.967667 -0.554328
v 1.451133 -0.901092 -0.424264
v 1.573353 -0.856607 -0.229610
v 1.537048 -0.657326 0.000000
v 1.496234 -0.677824 0.229610
v 1.380005 -0.736197 0.424264
v 1.206055 -0.823557 0.554328
v 1.000868 -0.926606 0.600000
v 0.795682 -1.029655 0.554328
v 0.661740 -1.126679 0.433411
v 0.621816 -1.194326 0.251604
v 0.614035 -1.186930 0.011440
v 0.634505 -1.153162 -0.226920
v 0.698646 -1.103764 -0.422660
v 0.810100 -1.027170 -0.554027
v 1.000868 -0.926606 -0.600000
v 1.206055 -0.823557 -0.554328
v 1.380005 -0.736197 -0.424264
v 1.496234 -0.677824 -0.229610
v 1.437039 -0.484106 0.000000
v 1.398880 -0.509203 0.229610
v 1.290214 -0.580674 0.424264
v 1.127583 -0.687638 0.554328
v 0.935746 -0.813811 0.600000
v 0.743910 -0.939984 0.554328
v 0.604441 -1.045435 0.425991
v 0.562153 -1.119187 0.239607
v 0.556549 -1.127025 0.004825
v 0.574402 -1.100882 -0.227488
v 0.634274 -1.037818 -0.423159
v 0.747972 -0.939284 -0.554243
v 0.935746 -0.813811 -0.600000
v 1.127583 -0.687638 -0.554328
v 1.290214 -0.580674 -0.424264
v 1.398880 -0.509203 -0.229610
v 1.295637 -0.341420 -0.001879
v 1.259905 -0.365932 0.216973
v 1.167356 -0.403938 0.379320
v 1.033861 -0.561748 0.554328
v 0.857970 -0.709339 0.600000
v 0.682078 -0.856929 0.554328
v 0.544644 -0.980038 0.424507
v 0.499975 -1.056287 0.232062
v 0.496433 -1.078116 0.002045
v 0.510734 -1.052318 -0.227996
v 0.566163 -0.976331 -0.423572
v 0.682117 -0.856923 -0.554327
v 0.857970 -0.709339 -0.600000
v 1.033861 -0.561748 -0.554328
v 1.182975 -0.436627 -0.424264
v 1.282609 -0.353024 -0.229610
v 1.161877 -0.206298 0.028409
v 1.147328 -0.260795 0.257533
v 1.044083 -0.316277 0.406240
v 0.913373 -0.450703 0.529783
v 0.768591 -0.614603 0.600000
v 0.611022 -0.781615 0.554328
v 0.481689 -0.922470 0.424353
v 0.436717 -1.009445 0.230622
v 0.433958 -1.037899 0.001591
v 0.444448 -1.008113 -0.228437
v 0.495384 -0.920110 -0.423890
v 0.611022 -0.781615 -0.554328
v 0.768591 -0.614603 -0.600000
v 0.926158 -0.447590 -0.554328
v 1.063669 -0.299427 -0.429932
v 1.172574 -0.242830 -0.191450
v 0.960110 -0.045667 0.179479
v 0.887201 -0.248732 0.457375
v 0.794674 -0.395153 0.547484
v 0.668818 -0.530883 0.600000
v 0.531704 -0.715059 0.554328
v 0.415975 -0.871107 0.424275
v 0.371468 -0.969721 0.230312
v 0.368862 -1.002715 0.001150
v 0.376397 -0.968872 -0.228805
v 0.422864 -0.869920 -0.424110
v 0.531704 -0.715059 -0.554328
v 0.668818 -0.530883 -0.600000
v 0.805931 -0.346708 -0.554328
v 0.875508 -0.217448 -0.444644
v 0.958464 -0.047574 -0.186081
v 0.724453 0.042798 0.343908
v 0.710095 -0.292794 0.532425
v 0.553084 -0.409257 0.577713
v 0.445195 -0.658161 0.554328
v 0.347868 -0.826736 0.424264
v 0.304588 -0.935629 0.230063
v 0.301613 -0.973228 0.000707
v 0.307333 -0.935156 -0.229100
v 0.349388 -0.826474 -0.424232
v 0.445195 -0.658161 -0.554328
v 0.560000 -0.459313 -0.600000
v 0.674053 -0.283972 -0.538688
v 0.691083 -0.030463 -0.388938
v 0.515074 -0.198660 0.517492
v 0.443217 -0.443132 0.576442
v 0.352665 -0.611691 0.554328
v 0.275567 -0.790425 0.424264
v 0.236245 -0.908058 0.229831
v 0.232601 -0.950047 0.000244
v 0.237416 -0.907856 -0.229365
v 0.275567 -0.790425 -0.424264
v 0.352665 -0.611691 -0.554328
v 0.443609 -0.400859 -0.600000
v 0.524210 -0.248897 -0.558118
v 0.318884 -0.360523 0.576599
v 0.255367 -0.576277 0.554328
v 0.199539 -0.762753 0.424264
v 0.166458 -0.887837 0.229565
v 0.162166 -0.933709 -0.000259
v 0.166756 -0.887786 -0.229649
v 0.199539 -0.762753 -0.424264
v 0.255367 -0.576277 -0.554328
v 0.321220 -0.356313 -0.600000
v 0.393548 -0.076008 -0.478451
v 0.158142 -0.329011 0.582994
v 0.154615 -0.552398 0.554328
v 0.120813 -0.744095 0.424264
v 0.095479 -0.875484 0.229243
v 0.090641 -0.924658 -0.000820
v 0.095653 -0.875455 -0.229973
v 0.120813 -0.744095 -0.424264
v 0.154615 -0.552398 -0.554328
v 0.194746 -0.324804 -0.609018
v 0.204180 -0.107466 -0.531219
v 0.111932 0.020158 0.456971
v 0.040376 -0.279173 0.587922
v 0.051771 -0.540378 0.554328
v 0.040453 -0.734702 0.424264
v 0.023598 -0.871397 0.228842
v 0.018390 -0.923226 -0.001456
v 0.023668 -0.871385 -0.230377
v 0.040453 -0.734702 -0.424264
v 0.051771 -0.540378 -0.554328
v 0.072729 -0.322429 -0.607215
v 0.077902 0.020162 -0.458351
v -0.077611 0.015838 0.459219
v -0.074481 -0.326041 0.586239
v -0.051772 -0.540378 0.554328
v -0.040533 -0.734759 0.424258
v -0.048821 -0.875832 0.228343
v -0.054155 -0.929616 -0.002179
v -0.048821 -0.875832 -0.230877
v -0.040533 -0.734759 -0.424271
v -0.051772 -0.540378 -0.554328
v -0.066363 -0.289850 -0.608016
v -0.134083 0.045346 -0.452677
v -0.203709 -0.104514 0.530921
v -0.210201 -0.367215 0.580716
v -0.154614 -0.552398 0.554328
v -0.122514 -0.745300 0.424129
v -0.121972 -0.889005 0.227722
v -0.126473 -0.943893 -0.002997
v -0.121972 -0.889005 -0.231498
v -0.122666 -0.745408 -0.424412
v -0.154614 -0.552398 -0.554328
v -0.189415 -0.332646 -0.608589
v -0.189648 -0.199821 -0.588792
v -0.391680 -0.026535 0.456653
v -0.359104 -0.337876 0.586208
v -0.255367 -0.576277 0.554328
v -0.204989 -0.766614 0.423831
v -0.195455 -0.910887 0.226969
v -0.197940 -0.965973 -0.003913
v -0.195455 -0.910887 -0.232252
v -0.205748 -0.767152 -0.424758
v -0.255367 -0.576277 -0.554328
v -0.321220 -0.356313 -0.600000
v -0.367303 -0.060604 -0.479802
v -0.524537 -0.249611 0.558955
v -0.448979 -0.412266 0.579495
v -0.352665 -0.611691 0.554328
v -0.286860 -0.798426 0.423366
v -0.268306 -0.941205 0.226091
v -0.267823 -0.995619 -0.004920
v -0.268306 -0.941205 -0.233129
v -0.288783 -0.799788 -0.425315
v -0.352665 -0.611691 -0.554328
v -0.443609 -0.400859 -0.600000
v -0.564040 -0.268842 -0.560974
v -0.675466 0.004466 0.372180
v -0.673673 -0.313970 0.547212
v -0.523238 -0.485206 0.577289
v -0.445195 -0.658161 0.554328
v -0.366956 -0.840259 0.422746
v -0.339510 -0.979526 0.225103
v -0.335608 -1.032494 -0.006012
v -0.339510 -0.979526 -0.234117
v -0.370700 -0.842912 -0.426080
v -0.445924 -0.658677 -0.554386
v -0.560000 -0.459313 -0.600000
v -0.675445 -0.293932 -0.582117
v -0.684712 -0.034575 -0.390133
v -0.956493 -0.045314 0.187309
v -0.875906 -0.216673 0.444503
v -0.845411 -0.340733 0.519299
v -0.668817 -0.530883 0.600000
v -0.532957 -0.715947 0.554228
v -0.444042 -0.891441 0.421992
v -0.408007 -1.025264 0.224027
v -0.400834 -1.076139 -0.007182
v -0.408007 -1.025264 -0.235193
v -0.450350 -0.895911 -0.427038
v -0.536565 -0.718503 -0.554714
v -0.668817 -0.530883 -0.600000
v -0.805931 -0.346707 -0.554328
v -0.883647 -0.255986 -0.462149
v -0.955942 -0.045273 -0.181810
v -1.161877 -0.206297 -0.028409
v -1.172645 -0.241341 0.190472
v -1.044420 -0.324489 0.406976
v -0.875022 -0.500269 0.555317
v -0.768591 -0.614603 0.600000
v -0.615979 -0.785127 0.553934
v -0.516839 -0.951112 0.421131
v -0.472704 -1.077683 0.222889
v -0.462487 -1.125870 -0.008401
v -0.472704 -1.077683 -0.236331
v -0.526508 -0.957962 -0.428166
v -0.623393 -0.790379 -0.555312
v -0.768591 -0.614603 -0.600000
v -0.926159 -0.447590 -0.554328
v -1.066076 -0.301697 -0.429932
v -1.147328 -0.260795 -0.257533
v -1.295637 -0.341420 0.001879
v -1.263649 -0.370712 0.220049
v -1.209526 -0.455885 0.379785
v -1.033861 -0.561748 0.554328
v -0.857969 -0.709339 0.600000
v -0.694449 -0.865694 0.553344
v -0.584045 -1.018239 0.420202
v -0.532493 -1.135907 0.221725
v -0.519529 -1.180872 -0.009637
v -0.532493 -1.135907 -0.237495
v -0.597892 -1.028049 -0.429427
v -0.704848 -0.873061 -0.556139
v -0.858265 -0.709548 -0.600024
v -1.033861 -0.561748 -0.554328
v -1.182974 -0.436627 -0.424264
v -1.282609 -0.353024 -0.229610
v -1.437039 -0.484106 0.000000
v -1.398880 -0.509203 0.229610
v -1.290213 -0.580674 0.424264
v -1.127582 -0.687638 0.554328
v -0.936041 -0.814020 0.599976
v -0.766680 -0.956116 0.552517
v -0.646206 -1.092947 0.419101
v -0.586269 -1.198941 0.220572
v -0.570417 -1.240134 -0.010844
v -0.586269 -1.198941 -0.238648
v -0.663178 -1.104971 -0.430777
v -0.779302 -0.965058 -0.557142
v -0.939603 -0.816544 -0.600307
v -1.127582 -0.687638 -0.554328
v -1.290213 -0.580674 -0.424264
v -1.398880 -0.509203 -0.229610
v -1.537048 -0.657326 0.000000
v -1.496234 -0.677824 0.229610
v -1.380005 -0.736197 0.424264
v -1.206055 -0.823557 0.554328
v -1.004565 -0.929225 0.599706
v -0.831074 -1.054729 0.551513
v -0.703631 -1.175038 0.417751
v -0.632948 -1.265678 0.219476
v -0.613786 -1.302567 -0.011971
v -0.633605 -1.266144 -0.239797
v -0.721023 -1.187360 -0.432160
v -0.845671 -1.065071 -0.558303
v -1.014586 -0.936325 -0.601091
v -1.206055 -0.823557 -0.554328
v -1.380005 -0.736197 -0.424264
v -1.496234 -0.677824 -0.229610
v -1.616271 -0.840986 0.000000
v -1.573353 -0.856607 0.229610
v -1.451133 -0.901091 0.424264
v -1.268218 -0.967667 0.554328
v -1.062593 -1.053380 0.599194
v -0.886103 -1.159735 0.550399
v -0.753068 -1.261649 0.416368
v -0.671489 -1.334929 0.218483
v -0.648566 -1.367051 -0.012973
v -0.676141 -1.338222 -0.241107
v -0.770092 -1.273710 -0.433513
v -0.907920 -1.175192 -0.559992
v -1.080638 -1.066165 -0.602241
v -1.270203 -0.969073 -0.554486
v -1.451133 -0.901091 -0.424264
v -1.573353 -0.856607 -0.229610
v -1.673637 -1.032602 0.000000
v -1.629196 -1.043135 0.229610
v -1.502638 -1.073130 0.424264
v -1.313351 -1.118105 0.554318
v -1.108333 -1.184094 0.598527
v -0.930262 -1.269175 0.549248
v -0.793297 -1.351218 0.415015
v -0.700109 -1.405306 0.217658
v -0.673667 -1.432389 -0.013799
v -0.709500 -1.411859 -0.242298
v -0.809088 -1.362406 -0.434769
v -0.959996 -1.290241 -0.561771
v -1.135352 -1.203236 -0.603622
v -1.322392 -1.124510 -0.555056
v -1.502638 -1.073130 -0.424264
v -1.629196 -1.043135 -0.229610
v -1.708370 -1.229581 0.000000
v -1.663006 -1.234883 0.229610
v -1.533822 -1.249983 0.424264
v -1.342518 -1.274021 0.554166
v -1.140090 -1.318835 0.597800
v -0.962113 -1.380972 0.548146
v -0.823137 -1.442083 0.413759
v -0.718311 -1.476192 0.216977
v -0.687961 -1.497317 -0.014395
v -0.732047 -1.485572 -0.243297
v -0.836791 -1.451756 -0.435855
v -0.999931 -1.407764 -0.563517
v -1.176288 -1.344481 -0.605078
v -1.359984 -1.286396 -0.555878
v -1.534207 -1.250255 -0.424295
v -1.663006 -1.234883 -0.229610
v -1.720000 -1.429261 0.000000
v -1.674327 -1.429261 0.229610
v -1.544264 -1.429261 0.424264
v -1.354871 -1.432988 0.553909
v -1.156357 -1.455018 0.597109
v -0.980360 -1.493002 0.547173
v -0.841495 -1.532526 0.412673
v -0.731325 -1.550459 0.216018
v -0.690265 -1.560535 -0.014704
v -0.742603 -1.557903 -0.244040
v -0.859648 -1.545387 -0.437298
v -1.025786 -1.525185 -0.565094
v -1.201096 -1.486715 -0.606449
v -1.380326 -1.451022 -0.556770
v -1.547611 -1.431632 -0.424530
v -1.674327 -1.429261 -0.229610
v -1.708370 -1.628941 0.000000
v -1.663006 -1.623639 0.229610
v -1.533822 -1.608539 0.424264
v -1.349066 -1.592021 0.553645
v -1.155924 -1.590102 0.596541
v -0.983932 -1.603166 0.546411
v -0.847409 -1.620819 0.411829
v -0.732001 -1.622406 0.215322
v -0.679342 -1.620712 -0.014669
v -0.739890 -1.627352 -0.244455
v -0.869754 -1.636650 -0.438476
v -1.035738 -1.639868 -0.566365
v -1.207668 -1.626761 -0.607574
v -1.381113 -1.614725 -0.557559
v -1.541217 -1.613778 -0.424852
v -1.663006 -1.623639 -0.229610
v -1.673637 -1.825920 0.000000
v -1.629196 -1.815387 0.229610
v -1.502638 -1.785392 0.424264
v -1.324238 -1.748300 0.553452
v -1.137991 -1.721685 0.596169
v -0.972080 -1.709477 0.545923
v -0.840133 -1.705295 0.411290
v -0.719122 -1.690524 0.214960
v -0.656586 -1.678152 -0.014413
v -0.722516 -1.692387 -0.244471
v -0.865558 -1.723308 -0.439259
v -1.028216 -1.749248 -0.567196
v -1.194360 -1.761621 -0.608314
v -1.360637 -1.774088 -0.558098
v -1.513295 -1.792943 -0.425112
v -1.629196 -1.815387 -0.229610
v -1.616271 -2.017535 0.000000
v -1.573353 -2.001915 0.229610
v -1.451136 -1.957432 0.424264
v -1.280109 -1.899278 0.553382
v -1.102266 -1.847613 0.596039
v -0.944493 -1.810165 0.545756
v -0.817838 -1.784211 0.411135
v -0.691382 -1.753292 0.215005
v -0.624270 -1.733503 -0.014101
v -0.692184 -1.753430 -0.244232
v -0.845675 -1.803302 -0.439538
v -1.002176 -1.851032 -0.567487
v -1.160256 -1.888696 -0.608572
v -1.318029 -1.926144 -0.558289
v -1.463023 -1.965854 -0.425210
v -1.573356 -2.001917 -0.229611
v -1.537048 -2.201195 0.000000
v -1.496234 -2.180698 0.229610
v -1.380007 -2.122328 0.424264
v -1.217945 -2.043388 0.553382
v -1.050679 -1.967205 0.596039
v -0.903481 -1.905240 0.545756
v -0.780620 -1.857610 0.411242
v -0.650732 -1.811179 0.215309
v -0.582584 -1.785189 -0.013916
v -0.651715 -1.811349 -0.243932
v -0.810475 -1.877048 -0.439472
v -0.961165 -1.946106 -0.567487
v -1.108668 -2.008289 -0.608572
v -1.255866 -2.070254 -0.558289
v -1.391895 -2.130749 -0.425210
v -1.496237 -2.180700 -0.229611
v -1.437039 -2.374416 0.000000
v -1.398881 -2.349319 0.229610
v -1.290217 -2.277849 0.424264
v -1.139473 -2.179307 0.553382
v -0.985557 -2.080000 0.596039
v -0.851710 -1.994911 0.545756
v -0.731181 -1.926129 0.411430
v -0.600246 -1.852865 0.212782
v -0.531789 -1.809325 -0.019320
v -0.601492 -1.865331 -0.243570
v -0.763159 -1.945934 -0.439329
v -0.909393 -2.035777 -0.567487
v -1.043546 -2.121083 -0.608572
v -1.177394 -2.206172 -0.558289
v -1.302104 -2.286271 -0.425210
v -1.398883 -2.349321 -0.229610
v -1.317597 -2.534855 0.000000
v -1.282610 -2.505498 0.229610
v -1.182978 -2.421897 0.424264
v -1.045751 -2.305197 0.553382
v -0.907781 -2.184472 0.596039
v -0.789373 -2.077878 0.545766
v -0.670220 -1.988847 0.411694
v -0.540398 -1.853935 0.201835
v -0.472447 -1.798336 -0.031945
v -0.542072 -1.904845 -0.245461
v -0.704325 -2.009018 -0.439110
v -0.847562 -2.118831 -0.567487
v -0.965770 -2.225555 -0.608572
v -1.083672 -2.332063 -0.558289
v -1.194865 -2.430318 -0.425210
v -1.282612 -2.505500 -0.229610
v -1.180336 -2.680344 0.000000
v -1.148993 -2.647122 0.229610
v -1.059741 -2.552520 0.424264
v -0.938049 -2.419355 0.553382
v -0.818401 -2.279209 0.596039
v -0.713563 -2.152374 0.545865
v -0.598685 -2.034357 0.409528
v -0.472090 -1.822432 0.184516
v -0.405431 -1.761252 -0.049526
v -0.474125 -1.899685 -0.256580
v -0.634870 -2.065468 -0.438819
v -0.775080 -2.193901 -0.567457
v -0.876391 -2.320292 -0.608572
v -0.975969 -2.446221 -0.558289
v -1.071628 -2.560942 -0.425210
v -1.148996 -2.647125 -0.229610
v -1.027113 -2.808912 0.000000
v -0.999840 -2.772277 0.229610
v -0.922174 -2.667953 0.424264
v -0.817822 -2.520238 0.553382
v -0.718629 -2.362928 0.596039
v -0.625188 -2.217369 0.546054
v -0.517768 -2.042745 0.400389
v -0.396493 -1.773888 0.164610
v -0.331855 -1.712945 -0.068443
v -0.398785 -1.858768 -0.274699
v -0.553572 -2.112620 -0.438777
v -0.688161 -2.259147 -0.567299
v -0.776618 -2.404011 -0.608572
v -0.855742 -2.547103 -0.558289
v -0.934061 -2.676374 -0.425210
v -0.999842 -2.772279 -0.229610
v -0.860000 -2.918825 0.000000
v -0.837164 -2.879272 0.229610
v -0.772132 -2.766633 0.424264
v -0.685811 -2.605855 0.553452
v -0.606502 -2.433055 0.596204
v -0.523756 -2.270566 0.546489
v -0.425890 -2.025735 0.387795
v -0.311479 -1.726034 0.147058
v -0.253055 -1.673684 -0.083827
v -0.317457 -1.800791 -0.295312
v -0.461664 -2.121626 -0.445656
v -0.587997 -2.313693 -0.567014
v -0.667062 -2.475455 -0.608557
v -0.724616 -2.633347 -0.558289
v -0.784022 -2.775057 -0.425210
v -0.837166 -2.879273 -0.229610
v -0.681257 -3.008593 0.000000
v -0.663167 -2.966655 0.229610
v -0.611652 -2.847229 0.424264
v -0.543135 -2.674574 0.553645
v -0.479539 -2.487175 0.596699
v -0.408984 -2.308931 0.547079
v -0.321895 -2.002890 0.377026
v -0.215811 -1.709387 0.139660
v -0.170572 -1.667637 -0.089916
v -0.231783 -1.750261 -0.312569
v -0.355912 -2.090173 -0.458944
v -0.471481 -2.354070 -0.566299
v -0.540044 -2.530334 -0.608145
v -0.581959 -2.702080 -0.558098
v -0.622309 -2.854779 -0.425112
v -0.663167 -2.966655 -0.229610
v -0.493302 -3.077003 0.000000
v -0.480203 -3.033249 0.229610
v -0.442901 -2.908649 0.424264
v -0.392172 -2.725872 0.553913
v -0.340130 -2.524961 0.597473
v -0.282010 -2.330027 0.547301
v -0.209024 -2.004172 0.375028
v -0.112539 -1.719241 0.141127
v -0.082808 -1.681904 -0.089152
v -0.139949 -1.733051 -0.319659
v -0.233591 -2.042373 -0.472097
v -0.335543 -2.371531 -0.566224
v -0.392864 -2.565619 -0.607082
v -0.425875 -2.750642 -0.557521
v -0.450296 -2.913888 -0.424852
v -0.480203 -3.033249 -0.229610
v -0.298675 -3.123130 0.000000
v -0.290744 -3.078152 0.229610
v -0.268158 -2.950064 0.424264
v -0.234106 -2.759414 0.554213
v -0.186188 -2.545648 0.598550
v -0.137219 -2.338554 0.548651
v -0.091322 -2.006903 0.376195
v -0.005281 -1.719947 0.142796
v 0.011286 -1.688329 -0.087274
v -0.041022 -1.738620 -0.318539
v -0.098764 -1.932539 -0.496254
v -0.184063 -2.303113 -0.581945
v -0.230022 -2.581851 -0.605499
v -0.255059 -2.778403 -0.556562
v -0.271505 -2.952435 -0.424530
v -0.290744 -3.078152 -0.229610
v -0.100009 -3.146351 0.000000
v -0.097354 -3.100756 0.229610
v -0.089791 -2.970912 0.424264
v -0.069918 -2.775178 0.554499
v -0.026852 -2.550704 0.599711
v 0.013142 -2.334029 0.550238
v 0.042375 -1.998324 0.378159
v 0.095033 -1.724831 0.148187
v 0.110803 -1.701444 -0.077089
v 0.061808 -1.734318 -0.317144
v 0.041707 -1.851794 -0.510483
v -0.024305 -2.205161 -0.600745
v -0.043760 -2.570034 -0.605166
v -0.066764 -2.785026 -0.555228
v -0.089116 -2.971002 -0.424273
v -0.097354 -3.100756 -0.229610
v 0.100008 -3.146351 0.000000
v 0.097353 -3.100756 0.229610
v 0.089790 -2.970912 0.424264
v 0.094528 -2.773821 0.554662
v 0.131005 -2.541451 0.600779
v 0.162470 -2.317587 0.551852
v 0.181068 -1.976373 0.381097
v 0.193733 -1.733343 0.159466
v 0.210606 -1.715400 -0.062149
v 0.177109 -1.780075 -0.297476
v 0.171481 -1.902883 -0.491374
v 0.156303 -2.181439 -0.596924
v 0.148957 -2.544108 -0.604050
v 0.126065 -2.773300 -0.553873
v 0.097292 -2.969620 -0.424108
v 0.097353 -3.100756 -0.229610
v 0.298675 -3.123130 0.000000
v 0.290744 -3.078152 0.229610
v 0.268195 -2.950058 0.424265
v 0.256686 -2.754520 0.554793
v 0.281008 -2.519321 0.601587
v 0.304096 -2.291688 0.553559
v 0.317543 -2.000147 0.403109
v 0.286188 -1.766630 0.178533
v 0.305056 -1.757136 -0.038224
v 0.291638 -1.893517 -0.254695
v 0.302401 -2.045004 -0.438063
v 0.337216 -2.276723 -0.555037
v 0.335030 -2.523140 -0.598724
v 0.311643 -2.746116 -0.552833
v 0.284106 -2.947317 -0.423932
v 0.290744 -3.078152 -0.229610
v 0.493301 -3.077003 0.000000
v 0.480202 -3.033249 0.229610
v 0.443237 -2.908591 0.424271
v 0.412927 -2.717719 0.554867
v 0.418278 -2.485646 0.602006
v 0.432322 -2.263595 0.556594
v 0.440146 -2.054859 0.431220
v 0.391967 -1.848453 0.211375
v 0.388589 -1.826640 -0.007428
v 0.398288 -1.966120 -0.218562
v 0.435489 -2.170068 -0.385754
v 0.502071 -2.320524 -0.525011
v 0.503570 -2.479369 -0.596389
v 0.480606 -2.706059 -0.552378
v 0.465650 -2.904730 -0.423790
v 0.480220 -3.033246 -0.229610
v 0.681256 -3.008593 0.000000
v 0.663166 -2.966656 0.229610
v 0.611977 -2.847173 0.424271
v 0.560315 -2.664056 0.554865
v 0.540850 -2.440910 0.602028
v 0.543495 -2.220628 0.557602
v 0.541049 -2.079800 0.448294
v 0.493031 -1.951878 0.255512
v 0.462022 -1.885845 0.018025
v 0.488420 -2.010029 -0.191789
v 0.559718 -2.174636 -0.367124
v 0.635498 -2.280974 -0.518428
v 0.647294 -2.430474 -0.593050
v 0.633132 -2.651511 -0.552272
v 0.637089 -2.842847 -0.423734
v 0.663340 -2.966626 -0.229607
v 0.860000 -2.918825 0.000000
v 0.837164 -2.879271 0.229610
v 0.772159 -2.766628 0.424264
v 0.697289 -2.594183 0.554796
v 0.652540 -2.383266 0.601930
v 0.640061 -2.171158 0.558960
v 0.624095 -2.061093 0.455726
v 0.574843 -1.995262 0.279561
v 0.531151 -1.925470 0.037609
v 0.565419 -2.018634 -0.176446
v 0.659282 -2.124528 -0.365560
v 0.741056 -2.225842 -0.517240
v 0.762101 -2.371036 -0.592546
v 0.769000 -2.581829 -0.552364
v 0.795230 -2.762653 -0.423783
v 0.837193 -2.879266 -0.229610
v 1.027112 -2.808913 0.000000
v 0.999839 -2.772278 0.229610
v 0.922170 -2.667951 0.424264
v 0.825773 -2.508396 0.554741
v 0.756496 -2.312533 0.601828
v 0.724681 -2.115774 0.560731
v 0.701460 -2.014311 0.459143
v 0.643928 -1.979219 0.287831
v 0.596666 -1.937909 0.052161
v 0.636884 -1.984474 -0.171886
v 0.742740 -2.068831 -0.364299
v 0.836534 -2.161786 -0.516462
v 0.868513 -2.301469 -0.591702
v 0.896879 -2.496145 -0.552431
v 0.943291 -2.664312 -0.423824
v 0.999839 -2.772278 -0.229610
v 1.180336 -2.680343 0.000000
v 1.148993 -2.647122 0.229610
v 1.059738 -2.552517 0.424264
v 0.940723 -2.408422 0.554631
v 0.845952 -2.230591 0.601613
v 0.791843 -2.052542 0.561506
v 0.759503 -1.958727 0.460036
v 0.700994 -1.928793 0.288827
v 0.657578 -1.907804 0.057855
v 0.702836 -1.931166 -0.170649
v 0.818899 -2.006779 -0.363171
v 0.922555 -2.090335 -0.515737
v 0.967199 -2.219789 -0.590795
v 1.015545 -2.395532 -0.552464
v 1.079933 -2.549038 -0.423843
v 1.148993 -2.647122 -0.229610
v 1.317596 -2.534856 0.000000
v 1.282609 -2.505498 0.229610
v 1.182975 -2.421895 0.424264
v 1.041948 -2.295380 0.554496
v 0.920874 -2.138346 0.601312
v 0.843722 -1.982873 0.562282
v 0.800173 -1.899068 0.460590
v 0.740081 -1.875329 0.289430
v 0.712817 -1.854084 0.058948
v 0.762127 -1.873295 -0.169524
v 0.886473 -1.939391 -0.362213
v 0.997679 -2.012752 -0.515085
v 1.056854 -2.127405 -0.589584
v 1.123010 -2.281414 -0.552469
v 1.203035 -2.418439 -0.423846
v 1.282609 -2.505498 -0.229610
v 1.437038 -2.374417 0.000000
v 1.398880 -2.349319 0.229610
v 1.290213 -2.277848 0.424264
v 1.130017 -2.170465 0.554378
v 0.981897 -2.036760 0.600962
v 0.881994 -1.906143 0.562928
v 0.825522 -1.835945 0.460932
v 0.764864 -1.819145 0.289775
v 0.761448 -1.796709 0.059943
v 0.813860 -1.811708 -0.168534
v 0.934209 -1.859922 -0.366437
v 1.048734 -1.929331 -0.516187
v 1.125591 -2.028979 -0.587519
v 1.209554 -2.156762 -0.552619
v 1.306741 -2.275001 -0.423920
v 1.398880 -2.349319 -0.229610
v 1.537048 -2.201195 0.000000
v 1.496234 -2.180697 0.229610
v 1.380005 -2.122325 0.424264
v 1.206056 -2.034965 0.554328
v 1.030131 -1.926874 0.600610
v 0.907728 -1.823078 0.563449
v 0.837997 -1.771629 0.462045
v 0.799924 -1.756722 0.290376
v 0.797358 -1.737403 0.060713
v 0.849942 -1.741405 -0.171422
v 0.956058 -1.769684 -0.376264
v 1.076060 -1.834869 -0.521216
v 1.170623 -1.920600 -0.587458
v 1.273578 -2.023438 -0.552866
v 1.390060 -2.120593 -0.424055
v 1.496234 -2.180697 -0.229610
v 1.616271 -2.017536 0.000000
v 1.573353 -2.001915 0.229610
v 1.451133 -1.957431 0.424264
v 1.268218 -1.890855 0.554328
v 1.066968 -1.809823 0.600303
v 0.922563 -1.736551 0.564931
v 0.839115 -1.704722 0.462963
v 0.819072 -1.693320 0.290690
v 0.816364 -1.677585 0.061173
v 0.865637 -1.662538 -0.178990
v 0.957241 -1.675588 -0.388092
v 1.082670 -1.732144 -0.528750
v 1.193410 -1.801969 -0.590067
v 1.316622 -1.882564 -0.553294
v 1.454454 -1.956859 -0.424195
v 1.573353 -2.001915 -0.229610
v 1.673637 -1.825921 0.000000
v 1.629196 -1.815388 0.229610
v 1.502638 -1.785394 0.424264
v 1.313231 -1.740503 0.554328
v 1.094788 -1.686694 0.600104
v 0.927348 -1.644706 0.565946
v 0.845001 -1.630976 0.463019
v 0.823819 -1.629444 0.290756
v 0.819738 -1.612896 0.058916
v 0.864155 -1.580560 -0.188676
v 0.942143 -1.583166 -0.399106
v 1.071464 -1.623863 -0.537703
v 1.196899 -1.675584 -0.594512
v 1.341467 -1.735639 -0.553739
v 1.502641 -1.785393 -0.424264
v 1.629196 -1.815388 -0.229610
v 1.708370 -1.628941 0.000000
v 1.663006 -1.623638 0.229610
v 1.533822 -1.608539 0.424264
v 1.340484 -1.585941 0.554328
v 1.113751 -1.559057 0.600028
v 0.932361 -1.545676 0.566030
v 0.840095 -1.554572 0.462628
v 0.815804 -1.565588 0.290616
v 0.808918 -1.540859 0.052492
v 0.848675 -1.497559 -0.199230
v 0.923004 -1.496211 -0.406300
v 1.045774 -1.513930 -0.546389
v 1.185118 -1.547079 -0.598325
v 1.351579 -1.584029 -0.554096
v 1.533822 -1.608539 -0.424264
v 1.663006 -1.623638 -0.229610
vn 0.9640 0.0630 0.2583
vn 0.7071 0.0053 0.7071
vn 0.4161 -0.0254 0.9090
vn -0.0737 -0.1965 0.9777
vn -0.5267 -0.3114 0.7910
vn -0.9361 -0.2092 0.2828
vn -0.9706 0.0585 -0.2336
vn -0.7795 0.2260 -0.5842
vn -0.4017 0.2790 -0.8722
vn 0.2125 0.2014 -0.9562
vn 0.7044 0.0870 -0.7044
vn 0.9639 0.0648 -0.2583
vn 0.9542 0.1668 0.2483
vn 0.7321 0.0626 0.6783
vn 0.4224 -0.1025 0.9006
vn 0.0776 -0.2999 0.9508
vn -0.3747 -0.5205 0.7672
vn -0.8932 -0.3452 0.2881
vn -0.9734 -0.0544 -0.2226
vn -0.8176 0.1590 -0.5534
vn -0.5115 0.1771 -0.8408
vn 0.0562 0.2132 -0.9754
vn 0.6332 0.2758 -0.7232
vn 0.9406 0.2189 -0.2594
vn 0.9346 0.2538 0.2492
vn 0.7649 0.0976 0.6367
vn 0.5141 -0.1054 0.8512
vn 0.2223 -0.4188 0.8804
vn -0.2464 -0.5921 0.7673
vn -0.8254 -0.4843 0.2903
vn -0.9597 -0.1666 -0.2263
vn -0.8425 0.0681 -0.5343
vn -0.5832 0.1521 -0.7979
vn -0.0912 0.2830 -0.9548
vn 0.5302 0.3737 -0.7611
vn 0.8898 0.3700 -0.2670
vn 0.8990 0.3636 0.2439
vn 0.7840 0.1359 0.6058
vn 0.5866 -0.1193 0.8011
vn 0.2983 -0.3128 0.9018
vn -0.1688 -0.5777 0.7986
vn -0.7581 -0.5824 0.2933
vn -0.9301 -0.2904 -0.2248
vn -0.8614 -0.0667 -0.5035
vn -0.6283 0.0845 -0.7733
vn -0.2276 0.3510 -0.9083
vn 0.3871 0.5090 -0.7688
vn 0.8218 0.5005 -0.2725
vn 0.8467 0.4746 0.2406
vn 0.7682 0.2458 0.5911
vn 0.5943 0.0334 0.8036
vn 0.3536 -0.2467 0.9023
vn -0.0625 -0.6078 0.7916
vn -0.6783 -0.6696 0.3026
vn -0.8796 -0.4194 -0.2243
vn -0.8321 -0.1812 -0.5242
vn -0.6596 0.0333 -0.7509
vn -0.3561 0.2447 -0.9018
vn 0.2881 0.5479 -0.7854
vn 0.7473 0.6041 -0.2767
vn 0.7724 0.5885 0.2388
vn 0.7805 0.3361 0.5271
vn 0.6663 -0.0311 0.7451
vn 0.3691 -0.3123 0.8753
vn -0.0564 -0.5382 0.8409
vn -0.6121 -0.7325 0.2980
vn -0.8009 -0.5551 -0.2243
vn -0.7793 -0.3365 -0.5286
vn -0.6363 -0.1148 -0.7628
vn -0.3885 0.2938 -0.8733
vn 0.1355 0.6263 -0.7677
vn 0.6244 0.7305 -0.2767
vn 0.7090 0.6781 0.1938
vn 0.7502 0.3864 0.5366
vn 0.6025 -0.0105 0.7981
vn 0.3910 -0.3354 0.8571
vn -0.0453 -0.4916 0.8697
vn -0.5495 -0.7791 0.3016
vn -0.7002 -0.6779 -0.2241
vn -0.6787 -0.5035 -0.5347
vn -0.6295 -0.0097 -0.7769
vn -0.3470 0.3609 -0.8656
vn -0.0601 0.6172 -0.7845
vn 0.4554 0.8088 -0.3721
vn 0.6372 0.7395 0.2171
vn 0.6381 0.5504 0.5384
vn 0.5228 0.1053 0.8459
vn 0.2543 -0.3432 0.9042
vn -0.1809 -0.5575 0.8102
vn -0.4782 -0.8236 0.3050
vn -0.5654 -0.7911 -0.2332
vn -0.5369 -0.5900 -0.6030
vn -0.4609 -0.0493 -0.8861
vn -0.2911 0.2933 -0.9106
vn -0.0600 0.5406 -0.8391
vn 0.3704 0.8309 -0.4153
vn 0.5091 0.8319 0.2208
vn 0.5539 0.6399 0.5327
vn 0.3037 0.2945 0.9061
vn 0.0454 -0.2784 0.9594
vn -0.2106 -0.6703 0.7116
vn -0.3881 -0.8757 0.2874
vn -0.4300 -0.8720 -0.2338
vn -0.4008 -0.5985 -0.6936
vn -0.2694 -0.1811 -0.9458
vn -0.0960 0.1541 -0.9834
vn 0.0530 0.4276 -0.9024
vn 0.3072 0.9010 -0.3065
vn 0.3607 0.8970 0.2556
vn 0.3642 0.6518 0.6653
vn 0.2196 0.2057 0.9537
vn -0.0834 -0.2456 0.9658
vn -0.2275 -0.6703 0.7063
vn -0.3105 -0.9148 0.2583
vn -0.3105 -0.9148 -0.2583
vn -0.2275 -0.6703 -0.7063
vn -0.0834 -0.2456 -0.9658
vn 0.0298 0.0877 -0.9957
vn 0.1091 0.6638 -0.7399
vn 0.2602 0.9302 -0.2588
vn 0.1885 0.9475 0.2583
vn 0.1381 0.6943 0.7063
vn 0.0506 0.2544 0.9658
vn -0.0506 -0.2544 0.9658
vn -0.1381 -0.6943 0.7063
vn -0.1885 -0.9475 0.2583
vn -0.1885 -0.9475 -0.2583
vn -0.1381 -0.6943 -0.7063
vn -0.0506 -0.2544 -0.9658
vn 0.0506 0.2544 -0.9658
vn 0.1381 0.6943 -0.7063
vn 0.1885 0.9475 -0.2583
vn 0.0632 0.9640 0.2583
vn 0.0463 0.7063 0.7063
vn 0.0170 0.2588 0.9658
vn -0.0170 -0.2588 0.9658
vn -0.0463 -0.7063 0.7063
vn -0.0632 -0.9640 0.2583
vn -0.0632 -0.9640 -0.2583
vn -0.0463 -0.7063 -0.7063
vn -0.0170 -0.2588 -0.9658
vn 0.0170 0.2588 -0.9658
vn 0.0463 0.7063 -0.7063
vn 0.0632 0.9640 -0.2583
vn -0.0632 0.9640 0.2583
vn -0.0463 0.7063 0.7064
vn -0.0170 0.2588 0.9658
vn 0.0170 -0.2588 0.9658
vn 0.0463 -0.7063 0.7063
vn 0.0632 -0.9640 0.2583
vn 0.0632 -0.9640 -0.2583
vn 0.0463 -0.7063 -0.7063
vn 0.0170 -0.2588 -0.9658
vn -0.0170 0.2588 -0.9658
vn -0.0463 0.7063 -0.7064
vn -0.0632 0.9640 -0.2583
vn -0.1885 0.9475 0.2583
vn -0.1381 0.6943 0.7063
vn -0.0506 0.2544 0.9658
vn 0.0506 -0.2544 0.9658
vn 0.1381 -0.6943 0.7063
vn 0.1885 -0.9475 0.2583
vn 0.1885 -0.9475 -0.2583
vn 0.1381 -0.6943 -0.7063
vn 0.0506 -0.2544 -0.9658
vn -0.0506 0.2544 -0.9658
vn -0.1381 0.6943 -0.7063
vn -0.1885 0.9475 -0.2583
vn -0.3609 0.8965 0.2571
vn -0.3606 0.6225 0.6946
vn -0.2196 0.2057 0.9537
vn 0.0834 -0.2456 0.9658
vn 0.2275 -0.6703 0.7063
vn 0.3105 -0.9148 0.2583
vn 0.3105 -0.9148 -0.2583
vn 0.2275 -0.6703 -0.7064
vn 0.0834 -0.2456 -0.9658
vn -0.0298 0.0877 -0.9957
vn -0.0881 0.7050 -0.7037
vn -0.2602 0.9302 -0.2588
vn -0.5413 0.8026 0.2508
vn -0.4220 0.6215 0.6600
vn -0.3079 0.3047 0.9013
vn -0.0376 -0.2927 0.9555
vn 0.2140 -0.6753 0.7058
vn 0.4273 -0.8664 0.2583
vn 0.4273 -0.8664 -0.2583
vn 0.3131 -0.6349 -0.7063
vn 0.2467 -0.1743 -0.9533
vn 0.1149 0.1464 -0.9825
vn -0.1845 0.6391 -0.7467
vn -0.3072 0.9010 -0.3065
vn -0.6372 0.7395 0.2171
vn -0.6221 0.5828 0.5228
vn -0.5170 0.1394 0.8445
vn -0.2330 -0.3709 0.8990
vn 0.2388 -0.5867 0.7738
vn 0.5081 -0.8215 0.2587
vn 0.5646 -0.7841 -0.2576
vn 0.5119 -0.5776 -0.6359
vn 0.4868 -0.0297 -0.8730
vn 0.2892 0.2594 -0.9215
vn 0.0666 0.4821 -0.8736
vn -0.4283 0.8483 -0.3114
vn -0.7000 0.6904 0.1826
vn -0.7359 0.4360 0.5181
vn -0.5132 0.1154 0.8505
vn -0.3243 -0.1464 0.9346
vn 0.1763 -0.6059 0.7758
vn 0.5600 -0.7855 0.2634
vn 0.7027 -0.6648 -0.2536
vn 0.6630 -0.4398 -0.6058
vn 0.5527 -0.2092 -0.8067
vn 0.2341 0.2517 -0.9391
vn 0.1113 0.5666 -0.8165
vn -0.4195 0.8049 -0.4197
vn -0.7751 0.5948 0.2130
vn -0.7443 0.4032 0.5324
vn -0.6326 0.1718 0.7552
vn -0.3871 -0.1920 0.9018
vn 0.1517 -0.6378 0.7551
vn 0.6232 -0.7355 0.2659
vn 0.8066 -0.5371 -0.2467
vn 0.7626 -0.2785 -0.5839
vn 0.6373 -0.0446 -0.7694
vn 0.4260 0.1520 -0.8919
vn -0.0761 0.5033 -0.8608
vn -0.6166 0.7050 -0.3504
vn -0.8540 0.4756 0.2109
vn -0.7954 0.2923 0.5309
vn -0.6819 -0.0015 0.7314
vn -0.3915 -0.2852 0.8749
vn 0.1697 -0.6459 0.7443
vn 0.6901 -0.6702 0.2731
vn 0.8805 -0.4106 -0.2368
vn 0.8199 -0.1191 -0.5600
vn 0.6664 0.0206 -0.7453
vn 0.3587 0.3106 -0.8803
vn -0.1088 0.5207 -0.8468
vn -0.7107 0.6225 -0.3277
vn -0.9019 0.3664 0.2287
vn -0.8169 0.1870 0.5457
vn -0.6060 -0.0840 0.7910
vn -0.3786 -0.3951 0.8370
vn 0.2562 -0.6337 0.7300
vn 0.7592 -0.5869 0.2815
vn 0.9304 -0.2838 -0.2319
vn 0.8367 0.0008 -0.5477
vn 0.6728 0.1689 -0.7203
vn 0.3688 0.3325 -0.8680
vn -0.2553 0.4619 -0.8494
vn -0.7965 0.5169 -0.3138
vn -0.9404 0.2534 0.2269
vn -0.8129 0.1100 0.5719
vn -0.6091 -0.0987 0.7869
vn -0.3071 -0.4281 0.8499
vn 0.3002 -0.5775 0.7592
vn 0.8272 -0.4821 0.2886
vn 0.9596 -0.1664 -0.2267
vn 0.8328 0.0974 -0.5449
vn 0.6368 0.2423 -0.7320
vn 0.2760 0.3609 -0.8909
vn -0.3620 0.4415 -0.8210
vn -0.8744 0.3832 -0.2976
vn -0.9559 0.1678 0.2412
vn -0.7881 0.0683 0.6117
vn -0.5411 -0.1035 0.8345
vn -0.0791 -0.3484 0.9340
vn 0.3975 -0.4853 0.7788
vn 0.8881 -0.3513 0.2964
vn 0.9732 -0.0536 -0.2238
vn 0.8172 0.1303 -0.5615
vn 0.5810 0.2826 -0.7633
vn 0.1178 0.2215 -0.9680
vn -0.5464 0.2254 -0.8066
vn -0.9370 0.2121 -0.2777
vn -0.9648 0.0631 0.2554
vn -0.7460 0.0422 0.6646
vn -0.4449 -0.0481 0.8943
vn -0.0646 -0.2284 0.9714
vn 0.4894 -0.3437 0.8015
vn 0.9341 -0.2011 0.2949
vn 0.9726 0.0544 -0.2261
vn 0.7996 0.1714 -0.5755
vn 0.5065 0.2834 -0.8144
vn -0.0179 0.2340 -0.9721
vn -0.6516 0.1076 -0.7509
vn -0.9630 0.0658 -0.2613
vn -0.9640 -0.0632 0.2583
vn -0.7063 -0.0463 0.7064
vn -0.3198 -0.0210 0.9472
vn 0.2163 -0.0509 0.9750
vn 0.5703 -0.1508 0.8075
vn 0.9603 -0.0331 0.2770
vn 0.9622 0.1434 -0.2316
vn 0.7278 0.2668 -0.6318
vn 0.4208 0.0878 -0.9029
vn -0.1944 -0.0127 -0.9808
vn -0.7063 -0.0463 -0.7063
vn -0.9640 -0.0632 -0.2583
vn -0.9475 -0.1885 0.2583
vn -0.6943 -0.1381 0.7064
vn -0.2544 -0.0506 0.9658
vn 0.2123 -0.0175 0.9770
vn 0.6315 -0.0309 0.7748
vn 0.9507 0.1324 0.2806
vn 0.9387 0.2490 -0.2382
vn 0.7263 0.2720 -0.6312
vn 0.2936 0.1164 -0.9488
vn -0.2544 -0.0506 -0.9658
vn -0.6943 -0.1381 -0.7064
vn -0.9475 -0.1885 -0.2583
vn -0.9148 -0.3105 0.2583
vn -0.6703 -0.2275 0.7063
vn -0.2456 -0.0834 0.9658
vn 0.2456 0.0834 0.9658
vn 0.6703 0.2275 0.7064
vn 0.9157 0.2981 0.2697
vn 0.9091 0.3352 -0.2475
vn 0.6865 0.2330 -0.6888
vn 0.2456 0.0834 -0.9658
vn -0.2456 -0.0834 -0.9658
vn -0.6703 -0.2275 -0.7063
vn -0.9148 -0.3105 -0.2583
vn -0.8664 -0.4273 0.2583
vn -0.6349 -0.3131 0.7064
vn -0.2326 -0.1147 0.9658
vn 0.2326 0.1147 0.9658
vn 0.6349 0.3131 0.7064
vn 0.8666 0.4268 0.2586
vn 0.8663 0.4277 -0.2580
vn 0.6349 0.3131 -0.7063
vn 0.2326 0.1147 -0.9658
vn -0.2326 -0.1147 -0.9658
vn -0.6349 -0.3131 -0.7064
vn -0.8664 -0.4273 -0.2583
vn -0.8275 -0.4983 0.2588
vn -0.5886 -0.3933 0.7064
vn -0.2156 -0.1441 0.9658
vn 0.2156 0.1441 0.9658
vn 0.5886 0.3933 0.7064
vn 0.8033 0.5367 0.2583
vn 0.8033 0.5367 -0.2583
vn 0.5886 0.3933 -0.7064
vn 0.2156 0.1441 -0.9658
vn -0.2156 -0.1441 -0.9658
vn -0.5886 -0.3933 -0.7064
vn -0.8033 -0.5367 -0.2583
vn -0.5884 -0.7491 0.3044
vn -0.4013 -0.6057 0.6871
vn -0.0548 -0.3416 0.9382
vn 0.1950 0.1710 0.9658
vn 0.5322 0.4667 0.7063
vn 0.7263 0.6370 0.2583
vn 0.7263 0.6370 -0.2583
vn 0.5322 0.4667 -0.7063
vn 0.1950 0.1710 -0.9658
vn -0.1950 -0.1710 -0.9658
vn -0.4209 -0.5872 -0.6914
vn -0.6037 -0.7363 -0.3058
vn -0.7918 -0.2070 0.5747
vn -0.9255 -0.1177 0.3599
vn -0.3143 -0.3518 0.8817
vn 0.1710 0.1950 0.9658
vn 0.4667 0.5322 0.7064
vn 0.6370 0.7263 0.2583
vn 0.6370 0.7263 -0.2583
vn 0.4667 0.5322 -0.7064
vn 0.1710 0.1950 -0.9658
vn -0.1702 -0.4495 -0.8769
vn -0.1678 -0.0314 -0.9853
vn -0.8128 -0.2437 -0.5291
vn -0.0580 0.0949 0.9938
vn 0.3334 0.1102 0.9363
vn 0.3933 0.5886 0.7064
vn 0.5367 0.8033 0.2583
vn 0.5367 0.8033 -0.2583
vn 0.3933 0.5886 -0.7064
vn 0.0472 0.1331 -0.9900
vn -0.0936 -0.1869 -0.9779
vn -0.3992 0.3276 0.8563
vn 0.0207 0.3988 0.9168
vn 0.4607 0.5784 0.6732
vn 0.4273 0.8664 0.2583
vn 0.4273 0.8664 -0.2583
vn 0.3285 0.6661 -0.6697
vn 0.1018 -0.0026 -0.9948
vn -0.1511 0.3030 -0.9410
vn -0.0551 0.4900 0.8700
vn 0.1658 0.6322 0.7568
vn 0.2670 0.9287 0.2573
vn 0.3105 0.9148 -0.2583
vn 0.1528 0.5930 -0.7906
vn 0.1255 0.5020 -0.8557
vn 0.1000 0.5172 0.8500
vn 0.1494 0.5784 0.8020
vn 0.1782 0.9588 0.2210
vn 0.1901 0.9556 -0.2253
vn 0.1243 0.6277 -0.7685
vn 0.1536 0.4963 -0.8545
vn -0.0454 0.5101 0.8589
vn -0.0184 0.5865 0.8097
vn 0.0232 0.9752 0.2201
vn 0.0026 0.9745 -0.2243
vn 0.0566 0.6593 -0.7498
vn -0.0035 0.5336 -0.8457
vn -0.0108 0.5370 0.8435
vn 0.0161 0.5755 0.8176
vn -0.0344 0.9715 0.2347
vn -0.0010 0.9658 -0.2593
vn -0.0675 0.6577 -0.7503
vn -0.0036 0.5367 -0.8438
vn -0.0119 0.5003 0.8658
vn -0.1005 0.5746 0.8123
vn -0.1898 0.9544 0.2304
vn -0.1894 0.9523 -0.2391
vn -0.0994 0.6051 -0.7899
vn -0.0994 0.5130 -0.8526
vn 0.1973 0.3699 0.9079
vn -0.1651 0.5981 0.7842
vn -0.2580 0.9422 0.2138
vn -0.3132 0.9226 -0.2253
vn -0.1548 0.5994 -0.7853
vn 0.1643 0.5208 -0.8377
vn -0.1802 0.0729 0.9809
vn -0.4274 0.4857 0.7625
vn -0.4273 0.8664 0.2583
vn -0.4273 0.8664 -0.2583
vn -0.1136 0.2304 -0.9664
vn -0.0313 0.3201 -0.9469
vn -0.0369 0.1492 0.9881
vn -0.3642 0.6455 0.6714
vn -0.5367 0.8033 0.2583
vn -0.5367 0.8033 -0.2583
vn -0.4510 0.6750 -0.5840
vn 0.0408 0.0433 -0.9982
vn 0.9654 -0.0295 0.2590
vn 0.8731 -0.0182 0.4873
vn -0.1373 -0.0287 0.9901
vn -0.0885 0.1009 0.9909
vn -0.4667 0.5322 0.7063
vn -0.6370 0.7263 0.2583
vn -0.6370 0.7263 -0.2583
vn -0.4667 0.5322 -0.7063
vn -0.0631 0.0719 -0.9954
vn 0.8517 -0.4984 -0.1621
vn 0.6327 -0.7530 0.1810
vn 0.4134 -0.5495 0.7260
vn 0.3420 -0.2999 0.8905
vn -0.1950 0.1710 0.9658
vn -0.5322 0.4667 0.7064
vn -0.7263 0.6370 0.2583
vn -0.7263 0.6370 -0.2583
vn -0.5322 0.4667 -0.7064
vn -0.1950 0.1710 -0.9658
vn 0.3359 -0.2945 -0.8947
vn 0.3689 -0.5588 -0.7428
vn 0.5906 -0.7731 -0.2311
vn 0.8146 -0.4874 0.3145
vn 0.5886 -0.3933 0.7063
vn 0.2156 -0.1441 0.9658
vn -0.2156 0.1441 0.9658
vn -0.5886 0.3933 0.7064
vn -0.8033 0.5367 0.2583
vn -0.8033 0.5367 -0.2583
vn -0.5886 0.3933 -0.7063
vn -0.2156 0.1441 -0.9658
vn 0.2156 -0.1441 -0.9658
vn 0.5886 -0.3933 -0.7063
vn 0.7958 -0.5317 -0.2897
vn 0.8664 -0.4273 0.2583
vn 0.6349 -0.3131 0.7063
vn 0.2326 -0.1147 0.9658
vn -0.2326 0.1147 0.9658
vn -0.6349 0.3131 0.7063
vn -0.8664 0.4272 0.2586
vn -0.8662 0.4277 -0.2583
vn -0.6349 0.3131 -0.7064
vn -0.2326 0.1147 -0.9658
vn 0.2326 -0.1147 -0.9658
vn 0.6349 -0.3131 -0.7064
vn 0.8664 -0.4273 -0.2583
vn 0.9148 -0.3105 0.2583
vn 0.6703 -0.2275 0.7064
vn 0.2456 -0.0834 0.9658
vn -0.2456 0.0834 0.9658
vn -0.6703 0.2275 0.7063
vn -0.9184 0.2995 0.2584
vn -0.9060 0.3353 -0.2583
vn -0.6703 0.2275 -0.7063
vn -0.2456 0.0834 -0.9658
vn 0.2456 -0.0834 -0.9658
vn 0.6703 -0.2275 -0.7064
vn 0.9148 -0.3105 -0.2583
vn 0.9475 -0.1885 0.2583
vn 0.6943 -0.1381 0.7063
vn 0.2544 -0.0506 0.9658
vn -0.2544 0.0506 0.9658
vn -0.6843 0.0980 0.7226
vn -0.9560 0.1202 0.2677
vn -0.9355 0.2510 -0.2485
vn -0.6737 0.2727 -0.6869
vn -0.2544 0.0506 -0.9658
vn 0.2544 -0.0506 -0.9658
vn 0.6943 -0.1381 -0.7063
vn 0.9475 -0.1885 -0.2583
vn 0.9640 -0.0632 0.2583
vn 0.7063 -0.0463 0.7063
vn 0.2588 -0.0170 0.9658
vn -0.2206 -0.0282 0.9750
vn -0.6295 -0.1191 0.7678
vn -0.9566 -0.0375 0.2890
vn -0.9597 0.1461 -0.2401
vn -0.7307 0.2659 -0.6288
vn -0.2704 0.2138 -0.9387
vn 0.2169 0.0285 -0.9758
vn 0.7063 -0.0463 -0.7063
vn 0.9640 -0.0632 -0.2583
vn 0.9792 0.0570 0.1948
vn 0.8305 0.0484 0.5549
vn 0.5553 0.0323 0.8310
vn 0.1951 0.0114 0.9807
vn -0.1685 -0.0098 0.9857
vn -0.6909 -0.1165 0.7135
vn -0.9317 -0.3076 0.1933
vn -0.9143 -0.4044 -0.0234
vn -0.8930 -0.4041 -0.1983
vn -0.8543 -0.4036 -0.3276
vn -0.7198 -0.3615 -0.5926
vn -0.3014 -0.0795 -0.9502
vn 0.2329 0.0546 -0.9710
vn 0.5549 0.0362 -0.8311
vn 0.8305 0.0484 -0.5549
vn 0.9792 0.0570 -0.1948
vn 0.9659 0.1703 0.1948
vn 0.8193 0.1445 0.5549
vn 0.5478 0.0966 0.8310
vn 0.1924 0.0339 0.9807
vn -0.1646 -0.0290 0.9859
vn -0.6169 -0.2022 0.7606
vn -0.8696 -0.4296 0.2434
vn -0.8820 -0.4695 -0.0419
vn -0.8250 -0.5313 -0.1928
vn -0.7851 -0.5206 -0.3355
vn -0.6854 -0.4249 -0.5914
vn -0.2655 -0.0812 -0.9607
vn 0.2044 0.0583 -0.9772
vn 0.5478 0.0966 -0.8310
vn 0.8193 0.1445 -0.5549
vn 0.9659 0.1703 -0.1948
vn 0.9396 0.2813 0.1948
vn 0.7970 0.2386 0.5549
vn 0.5329 0.1595 0.8310
vn 0.1872 0.0560 0.9807
vn -0.1749 -0.0194 0.9844
vn -0.5983 -0.1782 0.7812
vn -0.8725 -0.4022 0.2775
vn -0.8546 -0.5182 -0.0347
vn -0.7692 -0.6089 -0.1940
vn -0.7302 -0.5906 -0.3435
vn -0.6312 -0.4691 -0.6177
vn -0.2371 -0.0785 -0.9683
vn 0.1856 0.0605 -0.9808
vn 0.5329 0.1595 -0.8310
vn 0.7970 0.2386 -0.5549
vn 0.9396 0.2813 -0.1948
vn 0.9006 0.3885 0.1948
vn 0.7639 0.3295 0.5549
vn 0.5107 0.2203 0.8310
vn 0.1794 0.0774 0.9807
vn -0.1726 -0.0745 0.9822
vn -0.5544 -0.2311 0.7995
vn -0.8058 -0.4926 0.3287
vn -0.8254 -0.5642 -0.0185
vn -0.7000 -0.6893 -0.1866
vn -0.7085 -0.6081 -0.3582
vn -0.5640 -0.4872 -0.6667
vn -0.2079 -0.0897 -0.9740
vn 0.1794 0.0774 -0.9807
vn 0.5107 0.2203 -0.8310
vn 0.7639 0.3295 -0.5549
vn 0.9006 0.3885 -0.1948
vn 0.8494 0.4904 0.1948
vn 0.7204 0.4160 0.5549
vn 0.4817 0.2781 0.8310
vn 0.1692 0.0977 0.9807
vn -0.1692 -0.0977 0.9807
vn -0.5165 -0.2907 0.8054
vn -0.7560 -0.5416 0.3675
vn -0.7836 -0.6212 0.0063
vn -0.6469 -0.7454 -0.1611
vn -0.6062 -0.7010 -0.3756
vn -0.5682 -0.4034 -0.7173
vn -0.1707 -0.1231 -0.9776
vn 0.1692 0.0977 -0.9807
vn 0.4817 0.2781 -0.8310
vn 0.7204 0.4160 -0.5549
vn 0.8494 0.4904 -0.1948
vn 0.6959 0.6922 0.1913
vn 0.5771 0.6079 0.5454
vn 0.4462 0.3322 0.8310
vn 0.1567 0.1167 0.9807
vn -0.1567 -0.1167 0.9807
vn -0.4746 -0.3534 0.8061
vn -0.6757 -0.6201 0.3987
vn -0.6317 -0.7741 0.0409
vn -0.6216 -0.7717 -0.1346
vn -0.5527 -0.7289 -0.4040
vn -0.4397 -0.4921 -0.7513
vn -0.1519 -0.1225 -0.9808
vn 0.1567 0.1167 -0.9807
vn 0.4462 0.3322 -0.8310
vn 0.6673 0.4968 -0.5549
vn 0.7868 0.5857 -0.1948
vn 0.7186 0.6683 0.1922
vn 0.6780 0.5291 0.5103
vn 0.4783 0.4390 0.7606
vn 0.0375 0.2543 0.9664
vn -0.1421 -0.1341 0.9807
vn -0.4186 -0.3950 0.8178
vn -0.6162 -0.6727 0.4096
vn -0.5942 -0.7998 0.0851
vn -0.5362 -0.8345 -0.1269
vn -0.5594 -0.7067 -0.4331
vn -0.4495 -0.4243 -0.7861
vn -0.1421 -0.1342 -0.9807
vn 0.1421 0.1341 -0.9807
vn 0.4046 0.3817 -0.8310
vn 0.6387 0.5324 -0.5556
vn 0.6922 0.7176 -0.0762
vn 0.4955 0.6431 0.5839
vn 0.4241 0.3538 0.8337
vn 0.2353 0.1997 0.9512
vn -0.1256 -0.1497 0.9807
vn -0.3475 -0.4433 0.8262
vn -0.5519 -0.7054 0.4448
vn -0.5172 -0.8486 0.1117
vn -0.4705 -0.8721 -0.1344
vn -0.4413 -0.7696 -0.4615
vn -0.3766 -0.4488 -0.8104
vn -0.1256 -0.1497 -0.9807
vn 0.1256 0.1497 -0.9807
vn 0.3372 0.4018 -0.8514
vn 0.3608 0.7222 -0.5902
vn 0.2846 0.3655 0.8862
vn 0.1312 0.2496 0.9594
vn -0.1074 -0.1633 0.9807
vn -0.3060 -0.4653 0.8306
vn -0.3982 -0.7776 0.4867
vn -0.4506 -0.8829 0.1322
vn -0.3964 -0.9063 -0.1464
vn -0.3811 -0.7850 -0.4884
vn -0.2881 -0.4896 -0.8230
vn -0.1074 -0.1633 -0.9807
vn 0.1074 0.1633 -0.9807
vn 0.0644 0.2851 0.9563
vn 0.0200 -0.1021 0.9946
vn -0.2496 -0.4971 0.8310
vn -0.3847 -0.7659 0.5152
vn -0.3701 -0.9160 0.1550
vn -0.3584 -0.9195 -0.1613
vn -0.3769 -0.7723 -0.5114
vn -0.2437 -0.4997 -0.8312
vn -0.0877 -0.1746 -0.9807
vn 0.1270 0.2528 -0.9592
vn 0.1313 0.1957 0.9718
vn -0.0629 -0.0965 0.9933
vn -0.1902 -0.5227 0.8310
vn -0.2884 -0.7923 0.5377
vn -0.2745 -0.9451 0.1772
vn -0.2210 -0.9584 -0.1807
vn -0.2890 -0.7939 -0.5349
vn -0.1902 -0.5227 -0.8310
vn -0.0668 -0.1836 -0.9807
vn 0.0817 0.2243 -0.9711
vn -0.0228 -0.0960 0.9951
vn -0.1283 -0.5412 0.8310
vn -0.1454 -0.8210 0.5521
vn -0.1690 -0.9659 0.1960
vn -0.1667 -0.9662 -0.1968
vn -0.1401 -0.8221 -0.5518
vn -0.1283 -0.5412 -0.8310
vn 0.0178 -0.2084 -0.9779
vn 0.1551 0.3591 -0.9203
vn -0.0148 -0.1270 0.9918
vn -0.0646 -0.5525 0.8310
vn -0.0958 -0.8197 0.5647
vn -0.0567 -0.9761 0.2098
vn -0.0175 -0.9775 -0.2103
vn -0.0435 -0.8250 -0.5634
vn -0.0646 -0.5525 -0.8310
vn -0.0273 -0.2333 -0.9720
vn -0.0073 0.3373 -0.9414
vn 0.0368 -0.1259 0.9914
vn -0.0000 -0.5562 0.8310
vn 0.0463 -0.8204 0.5699
vn 0.0835 -0.9726 0.2170
vn 0.0613 -0.9738 -0.2191
vn 0.0541 -0.8183 -0.5722
vn 0.0005 -0.5562 -0.8310
vn -0.0485 -0.2311 -0.9717
vn 0.0979 0.3954 -0.9133
vn 0.1949 0.3432 0.9188
vn 0.0043 -0.1468 0.9892
vn 0.0697 -0.5520 0.8309
vn 0.1031 -0.8092 0.5784
vn 0.1711 -0.9604 0.2201
vn 0.1913 -0.9564 -0.2205
vn 0.1054 -0.8055 -0.5831
vn 0.0646 -0.5523 -0.8311
vn 0.0243 -0.2081 -0.9778
vn -0.0466 0.1472 -0.9880
vn -0.2938 0.1850 0.9378
vn 0.0312 -0.1318 0.9908
vn 0.1280 -0.5401 0.8318
vn 0.2021 -0.7901 0.5787
vn 0.2765 -0.9361 0.2173
vn 0.2904 -0.9309 -0.2214
vn 0.2077 -0.7843 -0.5846
vn 0.1278 -0.5392 -0.8324
vn 0.0548 -0.2312 -0.9714
vn -0.4415 0.1315 -0.8876
vn 0.0558 0.3886 0.9197
vn 0.0193 -0.1293 0.9914
vn 0.1895 -0.5206 0.8325
vn 0.2937 -0.7642 0.5743
vn 0.3734 -0.9033 0.2115
vn 0.3776 -0.9011 -0.2133
vn 0.3195 -0.7510 -0.5778
vn 0.1884 -0.5176 -0.8346
vn 0.0668 -0.1836 -0.9807
vn -0.1296 0.3560 -0.9255
vn -0.1110 0.0765 0.9909
vn 0.0635 -0.0947 0.9935
vn 0.2519 -0.4946 0.8318
vn 0.3783 -0.7326 0.5658
vn 0.4617 -0.8632 0.2043
vn 0.4659 -0.8605 -0.2062
vn 0.3940 -0.7174 -0.5746
vn 0.2624 -0.4836 -0.8350
vn 0.0882 -0.1739 -0.9808
vn -0.0993 0.1977 -0.9752
vn -0.2093 0.4701 0.8574
vn 0.0766 0.2374 0.9684
vn 0.1704 -0.0537 0.9839
vn 0.3068 -0.4673 0.8292
vn 0.4568 -0.6961 0.5539
vn 0.5424 -0.8169 0.1964
vn 0.5464 -0.8137 -0.1983
vn 0.4626 -0.6851 -0.5627
vn 0.3049 -0.4573 -0.8354
vn 0.1101 -0.1614 -0.9807
vn -0.0486 0.0738 -0.9961
vn -0.3385 0.5520 -0.7620
vn -0.5507 0.6163 0.5629
vn -0.4292 0.3866 0.8163
vn -0.1701 0.2469 0.9540
vn 0.1259 -0.1501 0.9806
vn 0.3615 -0.4373 0.8235
vn 0.5302 -0.6546 0.5390
vn 0.6164 -0.7648 0.1874
vn 0.6187 -0.7624 -0.1896
vn 0.5311 -0.6436 -0.5511
vn 0.3579 -0.4242 -0.8318
vn 0.1280 -0.1465 -0.9809
vn -0.1256 0.1497 -0.9807
vn -0.3927 0.4680 -0.7917
vn -0.2919 0.7269 -0.6216
vn -0.6995 0.7102 0.0793
vn -0.6042 0.5556 0.5712
vn -0.2026 0.5101 0.8359
vn -0.2004 0.1891 0.9613
vn 0.1440 -0.1359 0.9802
vn 0.4115 -0.4068 0.8156
vn 0.5890 -0.6153 0.5240
vn 0.6848 -0.7068 0.1775
vn 0.6848 -0.7062 -0.1800
vn 0.5950 -0.5963 -0.5390
vn 0.4060 -0.3917 -0.8257
vn 0.1410 -0.1329 -0.9810
vn -0.1421 0.1341 -0.9807
vn -0.3816 0.3600 -0.8514
vn -0.6817 0.5714 -0.4569
vn -0.5801 0.7834 -0.2232
vn -0.6984 0.6896 0.1914
vn -0.5899 0.6123 0.5264
vn -0.4142 0.5312 0.7391
vn -0.1567 0.1167 0.9807
vn 0.1629 -0.1217 0.9791
vn 0.4578 -0.3731 0.8070
vn 0.6611 -0.5575 0.5022
vn 0.7486 -0.6417 0.1667
vn 0.7496 -0.6402 -0.1679
vn 0.6520 -0.5441 -0.5280
vn 0.4518 -0.3567 -0.8177
vn 0.1567 -0.1162 -0.9808
vn -0.1569 0.1168 -0.9807
vn -0.4462 0.3322 -0.8310
vn -0.6673 0.4968 -0.5549
vn -0.7999 0.5955 -0.0749
vn -0.8494 0.4904 0.1948
vn -0.7204 0.4160 0.5549
vn -0.4817 0.2781 0.8310
vn -0.1692 0.0977 0.9807
vn 0.1716 -0.1220 0.9776
vn 0.5017 -0.3357 0.7973
vn 0.7126 -0.5065 0.4855
vn 0.8081 -0.5678 0.1564
vn 0.8123 -0.5614 -0.1580
vn 0.7029 -0.4862 -0.5192
vn 0.4908 -0.3311 -0.8059
vn 0.1708 -0.1005 -0.9802
vn -0.1647 0.1095 -0.9803
vn -0.4817 0.2781 -0.8310
vn -0.7204 0.4160 -0.5549
vn -0.8494 0.4904 -0.1948
vn -0.9006 0.3885 0.1948
vn -0.7639 0.3295 0.5549
vn -0.5107 0.2203 0.8310
vn -0.1801 0.0777 0.9806
vn 0.1910 -0.1105 0.9753
vn 0.5457 -0.2943 0.7846
vn 0.7675 -0.4339 0.4719
vn 0.8632 -0.4825 0.1484
vn 0.8522 -0.5001 -0.1541
vn 0.7501 -0.4183 -0.5122
vn 0.5274 -0.2872 -0.7996
vn 0.1835 -0.0887 -0.9790
vn -0.1800 0.1002 -0.9786
vn -0.5115 0.2264 -0.8289
vn -0.7639 0.3295 -0.5549
vn -0.9006 0.3885 -0.1948
vn -0.9396 0.2813 0.1948
vn -0.7970 0.2386 0.5549
vn -0.5329 0.1595 0.8310
vn -0.1901 0.0570 0.9801
vn 0.2195 -0.0818 0.9722
vn 0.5883 -0.2455 0.7705
vn 0.8191 -0.3385 0.4631
vn 0.9236 -0.3566 0.1410
vn 0.9227 -0.3525 -0.1561
vn 0.7919 -0.3507 -0.4999
vn 0.5605 -0.2352 -0.7940
vn 0.1961 -0.0684 -0.9782
vn -0.1999 0.0896 -0.9757
vn -0.5362 0.1605 -0.8287
vn -0.7970 0.2386 -0.5549
vn -0.9396 0.2813 -0.1948
vn -0.9659 0.1703 0.1948
vn -0.8193 0.1445 0.5549
vn -0.5479 0.0966 0.8309
vn -0.1979 0.0414 0.9794
vn 0.2388 -0.0615 0.9691
vn 0.6284 -0.1865 0.7552
vn 0.8358 -0.2810 0.4717
vn 0.9589 -0.2476 0.1385
vn 0.9424 -0.2859 -0.1735
vn 0.8329 -0.2481 -0.4947
vn 0.5795 -0.1851 -0.7937
vn 0.2082 -0.0503 -0.9768
vn -0.2213 0.0742 -0.9724
vn -0.5568 0.1335 -0.8198
vn -0.8193 0.1445 -0.5549
vn -0.9659 0.1703 -0.1948
vn -0.9792 0.0570 0.1948
vn -0.8305 0.0484 0.5549
vn -0.5577 0.0420 0.8290
vn -0.2076 0.0146 0.9781
vn 0.2570 -0.0356 0.9658
vn 0.6552 -0.1419 0.7421
vn 0.8550 -0.1794 0.4866
vn 0.9904 -0.0367 0.1333
vn 0.9810 -0.0348 -0.1907
vn 0.8629 -0.1209 -0.4906
vn 0.5887 -0.1314 -0.7976
vn 0.2220 -0.0358 -0.9744
vn -0.2431 0.0517 -0.9686
vn -0.5906 0.0773 -0.8032
vn -0.8301 0.0621 -0.5541
vn -0.9792 0.0570 -0.1948
vn -0.9792 -0.0570 0.1948
vn -0.8305 -0.0484 0.5549
vn -0.5650 -0.0329 0.8244
vn -0.2136 -0.0094 0.9769
vn 0.2723 -0.0032 0.9622
vn 0.6914 -0.0274 0.7219
vn 0.8682 -0.0629 0.4921
vn 0.9704 0.1762 0.1650
vn 0.9605 0.1742 -0.2172
vn 0.8496 -0.0874 -0.5202
vn 0.6058 -0.0438 -0.7944
vn 0.2290 -0.0029 -0.9734
vn -0.2660 0.0059 -0.9640
vn -0.6215 -0.0204 -0.7832
vn -0.8382 -0.0285 -0.5446
vn -0.9792 -0.0570 -0.1948
vn -0.9659 -0.1703 0.1948
vn -0.8193 -0.1445 0.5549
vn -0.5648 -0.0996 0.8192
vn -0.2163 -0.0356 0.9757
vn 0.2821 0.0357 0.9587
vn 0.7050 0.0754 0.7052
vn 0.8604 0.0709 0.5047
vn 0.9586 0.1801 0.2208
vn 0.9011 0.3559 -0.2477
vn 0.8067 0.2156 -0.5503
vn 0.6095 0.0367 -0.7920
vn 0.2347 0.0235 -0.9718
vn -0.2874 -0.0231 -0.9575
vn -0.6354 -0.0979 -0.7659
vn -0.8383 -0.1299 -0.5295
vn -0.9659 -0.1703 -0.1948
vn -0.9396 -0.2813 0.1948
vn -0.7970 -0.2386 0.5549
vn -0.5554 -0.1663 0.8148
vn -0.2145 -0.0632 0.9747
vn 0.2839 0.0762 0.9558
vn 0.6973 0.1957 0.6895
vn 0.8205 0.2308 0.5231
vn 0.8827 0.3903 0.2617
vn 0.8618 0.4272 -0.2734
vn 0.7247 0.3578 -0.5889
vn 0.5976 0.1513 -0.7874
vn 0.2353 0.0630 -0.9699
vn -0.2829 -0.0781 -0.9560
vn -0.6327 -0.1835 -0.7523
vn -0.8260 -0.2399 -0.5101
vn -0.9396 -0.2813 -0.1948
vn -0.9006 -0.3885 0.1948
vn -0.7639 -0.3295 0.5549
vn -0.5351 -0.2308 0.8127
vn -0.2076 -0.0896 0.9741
vn 0.2758 0.1190 0.9538
vn 0.6690 0.2886 0.6850
vn 0.7488 0.3805 0.5428
vn 0.7855 0.5530 0.2779
vn 0.7876 0.5489 -0.2800
vn 0.6443 0.4470 -0.6205
vn 0.5600 0.2666 -0.7844
vn 0.2283 0.0985 -0.9686
vn -0.2758 -0.1190 -0.9538
vn -0.6120 -0.2640 -0.7455
vn -0.7905 -0.3410 -0.5088
vn -0.9006 -0.3885 -0.1948
vn -0.8494 -0.4904 0.1948
vn -0.7205 -0.4160 0.5549
vn -0.5051 -0.2916 0.8123
vn -0.1967 -0.1135 0.9739
vn 0.2619 0.1512 0.9532
vn 0.5878 0.4260 0.6877
vn 0.5582 0.6443 0.5227
vn 0.6213 0.7362 0.2682
vn 0.3993 0.8898 -0.2212
vn 0.5670 0.5233 -0.6362
vn 0.5092 0.3481 -0.7871
vn 0.2169 0.1252 -0.9681
vn -0.2619 -0.1512 -0.9532
vn -0.5789 -0.3343 -0.7437
vn -0.7460 -0.4307 -0.5079
vn -0.8494 -0.4904 -0.1948
vn -0.7868 -0.5857 0.1948
vn -0.6673 -0.4968 0.5549
vn -0.4679 -0.3484 0.8122
vn -0.1823 -0.1357 0.9738
vn 0.2423 0.1804 0.9533
vn 0.5583 0.4195 0.7158
vn 0.0887 0.9141 0.3956
vn -0.1517 0.9786 0.1388
vn -0.2148 0.9612 -0.1733
vn 0.4207 0.6622 -0.6201
vn 0.4811 0.3582 -0.8001
vn 0.2012 0.1498 -0.9680
vn -0.2430 -0.1809 -0.9530
vn -0.5366 -0.3995 -0.7433
vn -0.6910 -0.5145 -0.5077
vn -0.7868 -0.5857 -0.1948
vn -0.7134 -0.6731 0.1948
vn -0.6051 -0.5709 0.5549
vn -0.4241 -0.4001 0.8124
vn -0.1649 -0.1556 0.9739
vn 0.2107 0.2157 0.9535
vn 0.3861 0.5725 0.7233
vn 0.4174 0.6248 0.6599
vn -0.3951 0.9129 0.1023
vn -0.5175 0.8211 -0.2408
vn 0.4597 0.5621 -0.6876
vn 0.3741 0.4561 -0.8075
vn 0.1800 0.1734 -0.9683
vn -0.2195 -0.2071 -0.9534
vn -0.4858 -0.4583 -0.7443
vn -0.6264 -0.5910 -0.5082
vn -0.7134 -0.6731 -0.1948
vn -0.6305 -0.7514 0.1948
vn -0.5347 -0.6373 0.5549
vn -0.3743 -0.4461 0.8129
vn -0.1450 -0.1728 0.9742
vn 0.1875 0.2234 0.9565
vn 0.1515 0.6806 0.7168
vn -0.3571 0.7718 0.5260
vn -0.5254 0.8478 0.0720
vn -0.5762 0.7548 -0.3135
vn -0.5096 0.8108 -0.2881
vn 0.3412 0.4526 -0.8238
vn 0.1489 0.1960 -0.9692
vn -0.1922 -0.2291 -0.9543
vn -0.4276 -0.5096 -0.7466
vn -0.5532 -0.6593 -0.5093
vn -0.6305 -0.7514 -0.1948
vn -0.5390 -0.8195 0.1948
vn -0.4571 -0.6950 0.5549
vn -0.3166 -0.4875 0.8137
vn -0.1210 -0.1857 0.9751
vn 0.1462 0.2360 0.9607
vn 0.2668 0.5153 0.8144
vn -0.0206 0.6644 0.7471
vn -0.4727 0.8757 0.0979
vn -0.4700 0.7854 -0.4028
vn -0.0091 0.5467 -0.8373
vn 0.0077 0.6554 -0.7553
vn 0.1152 0.2065 -0.9716
vn -0.1609 -0.2469 -0.9556
vn -0.3633 -0.5523 -0.7503
vn -0.4724 -0.7182 -0.5110
vn -0.5390 -0.8195 -0.1948
vn -0.4402 -0.8765 0.1948
vn -0.3734 -0.7434 0.5549
vn -0.2594 -0.5165 0.8161
vn -0.0963 -0.1972 0.9756
vn 0.1003 0.2441 0.9646
vn 0.1598 0.4912 0.8563
vn -0.0610 0.6391 0.7667
vn -0.1550 0.9712 0.1810
vn -0.0997 0.8659 -0.4901
vn -0.4596 0.5378 -0.7068
vn 0.1611 0.4493 -0.8787
vn 0.0919 0.2053 -0.9744
vn -0.1239 -0.2597 -0.9577
vn -0.2894 -0.5880 -0.7553
vn -0.3792 -0.7699 -0.5132
vn -0.4402 -0.8765 -0.1948
vn -0.3355 -0.9217 0.1948
vn -0.2845 -0.7817 0.5549
vn -0.1853 -0.5411 0.8203
vn -0.0607 -0.2039 0.9771
vn 0.0404 0.2531 0.9666
vn 0.0210 0.4810 0.8765
vn 0.0209 0.6241 0.7811
vn 0.0904 0.9765 0.1954
vn 0.1516 0.9124 -0.3803
vn -0.2715 0.4626 -0.8440
vn -0.2714 0.4623 -0.8442
vn 0.0288 0.2203 -0.9750
vn -0.0569 -0.2665 -0.9622
vn -0.1889 -0.6161 -0.7647
vn -0.2768 -0.8079 -0.5202
vn -0.3355 -0.9217 -0.1948
vn -0.2262 -0.9544 0.1948
vn -0.1919 -0.8095 0.5549
vn -0.1188 -0.5523 0.8251
vn -0.0444 -0.2007 0.9786
vn 0.0056 0.2477 0.9688
vn 0.0021 0.4670 0.8842
vn 0.0070 0.6331 0.7741
vn 0.0040 0.9870 0.1605
vn 0.0573 0.9716 -0.2298
vn 0.0346 0.4333 -0.9006
vn -0.4482 0.3714 -0.8131
vn -0.2159 0.2618 -0.9407
vn -0.0161 -0.2560 -0.9665
vn -0.0962 -0.6190 -0.7794
vn -0.1951 -0.8232 -0.5332
vn -0.2262 -0.9544 -0.1948
vn -0.1139 -0.9742 0.1948
vn -0.0966 -0.8263 0.5549
vn -0.0648 -0.5541 0.8299
vn -0.0208 -0.1986 0.9799
vn 0.0003 0.2342 0.9722
vn -0.0233 0.4638 0.8857
vn -0.0108 0.6329 0.7742
vn 0.0407 0.9895 0.1389
vn -0.0382 0.9782 -0.2041
vn -0.0184 0.6785 -0.7344
vn -0.2507 0.2725 -0.9289
vn -0.0036 0.0848 -0.9964
vn -0.0016 -0.2414 -0.9704
vn -0.0599 -0.5997 -0.7980
vn -0.0841 -0.8336 -0.5459
vn -0.1139 -0.9742 -0.1948
vn -0.0000 -0.9808 0.1948
vn -0.0000 -0.8319 0.5549
vn 0.0037 -0.5542 0.8324
vn 0.0007 -0.1976 0.9803
vn -0.0357 0.2287 0.9728
vn -0.0602 0.4595 0.8862
vn -0.1191 0.6523 0.7485
vn 0.0732 0.9915 0.1080
vn 0.1609 0.9729 -0.1661
vn 0.3913 0.7679 -0.5072
vn -0.0123 0.2496 -0.9683
vn 0.0197 0.0111 -0.9997
vn 0.0365 -0.2298 -0.9725
vn 0.0409 -0.5785 -0.8146
vn 0.0067 -0.8322 -0.5544
vn -0.0000 -0.9808 -0.1948
vn 0.1139 -0.9742 0.1948
vn 0.0966 -0.8263 0.5549
vn 0.0645 -0.5517 0.8315
vn 0.0228 -0.1981 0.9799
vn -0.0520 0.2202 0.9741
vn -0.0654 0.4494 0.8909
vn -0.0018 0.6739 0.7388
vn 0.3800 0.9192 0.1034
vn 0.4478 0.8439 -0.2957
vn 0.7483 0.5504 -0.3703
vn 0.5909 0.2575 -0.7646
vn 0.0265 0.0191 -0.9995
vn 0.0373 -0.2173 -0.9754
vn 0.0673 -0.5570 -0.8278
vn 0.0989 -0.8239 -0.5581
vn 0.1139 -0.9742 -0.1948
vn 0.2262 -0.9544 0.1948
vn 0.1919 -0.8095 0.5549
vn 0.1291 -0.5453 0.8282
vn 0.0465 -0.1995 0.9788
vn -0.0549 0.2115 0.9758
vn -0.1215 0.4596 0.8798
vn 0.1494 0.6957 0.7026
vn 0.6178 0.7814 0.0880
vn 0.6662 0.6117 -0.4266
vn 0.7025 0.5684 -0.4283
vn 0.2768 0.4659 -0.8404
vn -0.0318 0.1748 -0.9841
vn 0.0675 -0.2079 -0.9758
vn 0.1291 -0.5474 -0.8269
vn 0.1922 -0.8110 -0.5526
vn 0.2262 -0.9544 -0.1948
vn 0.3355 -0.9217 0.1948
vn 0.2846 -0.7819 0.5547
vn 0.1940 -0.5328 0.8237
vn 0.0729 -0.2001 0.9771
vn -0.0880 0.2049 0.9748
vn -0.0176 0.5153 0.8568
vn 0.0674 0.7347 0.6750
vn 0.7010 0.7106 0.0600
vn 0.6557 0.6435 -0.3950
vn 0.4830 0.6061 -0.6319
vn 0.1306 0.7040 -0.6981
vn -0.1171 0.4061 -0.9063
vn 0.0711 -0.1970 -0.9778
vn 0.1952 -0.5441 -0.8160
vn 0.2851 -0.7893 -0.5438
vn 0.3355 -0.9217 -0.1948
vn 0.4402 -0.8765 0.1948
vn 0.3734 -0.7436 0.5546
vn 0.2574 -0.5119 0.8196
vn 0.1011 -0.1973 0.9751
vn -0.1013 0.1979 0.9750
vn -0.2041 0.5980 0.7751
vn -0.2283 0.7841 0.5771
vn 0.4489 0.8743 0.1845
vn 0.5387 0.7530 -0.3779
vn 0.2084 0.7539 -0.6230
vn -0.3342 0.6842 -0.6482
vn -0.2123 0.4255 -0.8797
vn 0.1010 -0.1867 -0.9772
vn 0.2701 -0.5331 -0.8018
vn 0.3820 -0.7535 -0.5351
vn 0.4404 -0.8765 -0.1946
vn 0.5390 -0.8195 0.1948
vn 0.4572 -0.6950 0.5549
vn 0.3166 -0.4813 0.8174
vn 0.1301 -0.1899 0.9731
vn -0.1281 0.1897 0.9735
vn -0.4034 0.5942 0.6959
vn -0.4827 0.7675 0.4218
vn -0.2501 0.9173 0.3098
vn 0.2496 0.9019 -0.3526
vn -0.3212 0.7493 -0.5790
vn -0.4199 0.6337 -0.6497
vn -0.2636 0.4138 -0.8714
vn 0.1215 -0.1820 -0.9758
vn 0.3397 -0.5118 -0.7891
vn 0.4702 -0.7081 -0.5269
vn 0.5390 -0.8195 -0.1947
vn 0.6305 -0.7514 0.1948
vn 0.5347 -0.6373 0.5549
vn 0.3806 -0.4367 0.8152
vn 0.1561 -0.1784 0.9715
vn -0.1751 0.1741 0.9690
vn -0.5186 0.5428 0.6606
vn -0.6492 0.6723 0.3557
vn -0.6427 0.7223 0.2555
vn -0.4091 0.8760 -0.2555
vn -0.5121 0.6467 -0.5653
vn -0.4726 0.5919 -0.6529
vn -0.3169 0.3925 -0.8634
vn 0.1529 -0.1740 -0.9728
vn 0.4077 -0.4811 -0.7761
vn 0.5480 -0.6531 -0.5226
vn 0.6305 -0.7514 -0.1948
vn 0.7134 -0.6731 0.1948
vn 0.6051 -0.5709 0.5549
vn 0.4183 -0.3947 0.8181
vn 0.1803 -0.1603 0.9705
vn -0.1926 0.1596 0.9682
vn -0.6540 0.4401 0.6153
vn -0.7737 0.5241 0.3560
vn -0.6861 0.7015 0.1927
vn -0.6800 0.7035 -0.2066
vn -0.5665 0.5915 -0.5738
vn -0.5289 0.5397 -0.6549
vn -0.3679 0.3682 -0.8539
vn 0.1763 -0.1584 -0.9715
vn 0.4698 -0.4428 -0.7637
vn 0.6225 -0.5867 -0.5180
vn 0.7134 -0.6731 -0.1948
vn 0.7868 -0.5857 0.1948
vn 0.6673 -0.4968 0.5549
vn 0.4557 -0.3392 0.8230
vn 0.1967 -0.1378 0.9707
vn -0.2506 0.1169 0.9610
vn -0.7186 0.3534 0.5990
vn -0.8688 0.3470 0.3532
vn -0.7557 0.6379 0.1482
vn -0.7434 0.6338 -0.2137
vn -0.6187 0.5291 -0.5808
vn -0.6621 0.3628 -0.6557
vn -0.4855 0.2862 -0.8261
vn 0.2065 -0.1445 -0.9677
vn 0.5372 -0.3888 -0.7485
vn 0.6964 -0.5038 -0.5111
vn 0.7868 -0.5857 -0.1948
vn 0.8494 -0.4904 0.1948
vn 0.7204 -0.4160 0.5549
vn 0.4851 -0.2801 0.8284
vn 0.2207 -0.0938 0.9708
vn -0.2314 0.1047 0.9672
vn -0.7724 0.2356 0.5898
vn -0.9229 0.1731 0.3440
vn -0.8541 0.5163 0.0631
vn -0.8323 0.5069 -0.2242
vn -0.8300 0.1422 -0.5394
vn -0.7625 0.1153 -0.6366
vn -0.5047 0.2102 -0.8373
vn 0.2460 -0.1017 -0.9639
vn 0.6121 -0.2953 -0.7336
vn 0.7420 -0.4284 -0.5157
vn 0.8494 -0.4904 -0.1948
vn 0.9006 -0.3885 0.1948
vn 0.7639 -0.3295 0.5549
vn 0.5107 -0.2203 0.8310
vn 0.2028 -0.0875 0.9753
vn -0.2308 0.0752 0.9701
vn -0.8226 0.0059 0.5687
vn -0.9759 0.0133 0.2176
vn -0.9568 0.2888 0.0350
vn -0.9301 0.2972 -0.2158
vn -0.8732 0.1287 -0.4701
vn -0.7833 -0.0678 -0.6180
vn -0.5213 0.0814 -0.8495
vn 0.2464 -0.0782 -0.9660
vn 0.6202 -0.2446 -0.7453
vn 0.7903 -0.3113 -0.5278
vn 0.9006 -0.3885 -0.1948
vn 0.9396 -0.2813 0.1948
vn 0.7970 -0.2386 0.5549
vn 0.5329 -0.1595 0.8310
vn 0.1994 -0.0597 0.9781
vn -0.2371 0.0016 0.9715
vn -0.7631 0.0604 0.6434
vn -0.9896 0.0789 0.1204
vn -0.9971 0.0741 0.0168
vn -0.9782 -0.0417 -0.2033
vn -0.9156 -0.0635 -0.3971
vn -0.7698 -0.1981 -0.6068
vn -0.4925 -0.0170 -0.8701
vn 0.2554 -0.0410 -0.9660
vn 0.6466 -0.1116 -0.7546
vn 0.8068 -0.2269 -0.5455
vn 0.9396 -0.2813 -0.1948
vn 0.9659 -0.1703 0.1948
vn 0.8193 -0.1445 0.5549
vn 0.5478 -0.0966 0.8310
vn 0.1968 -0.0347 0.9798
vn -0.1977 0.0092 0.9802
vn -0.7777 0.0388 0.6274
vn -0.9851 -0.1234 0.1200
vn -0.9922 -0.1245 0.0086
vn -0.9673 -0.1627 -0.1948
vn -0.9168 -0.2139 -0.3371
vn -0.7476 -0.2165 -0.6278
vn -0.4658 -0.1773 -0.8670
vn 0.2637 -0.0199 -0.9644
vn 0.6026 -0.1062 -0.7909
vn 0.8193 -0.1444 -0.5549
vn 0.9659 -0.1703 -0.1948
vn 0.9792 -0.0570 0.1948
vn 0.8305 -0.0484 0.5549
vn 0.5553 -0.0323 0.8310
vn 0.1965 -0.0093 0.9805
vn -0.1848 -0.0082 0.9827
vn -0.7431 -0.0501 0.6673
vn -0.9683 -0.2002 0.1496
vn -0.9569 -0.2905 -0.0025
vn -0.9189 -0.3380 -0.2033
vn -0.8856 -0.3367 -0.3201
vn -0.7382 -0.2867 -0.6107
vn -0.3806 -0.1780 -0.9075
vn 0.2653 0.0424 -0.9632
vn 0.5769 -0.0336 -0.8161
vn 0.8305 -0.0484 -0.5549
vn 0.9792 -0.0570 -0.1948
vn 0.4026 0.4102 -0.8183
vn 0.2231 0.4846 -0.8458
vn 0.1706 0.4463 -0.8785
vn 0.9646 0.0616 0.2565
vn 0.7340 0.0438 0.6778
vn 0.2951 -0.1651 0.9411
vn 0.0805 -0.3246 0.9424
vn -0.4145 -0.4120 0.8114
vn -0.9341 -0.2011 0.2949
vn -0.9730 0.0436 -0.2265
vn -0.8191 0.1410 -0.5561
vn -0.5107 0.1330 -0.8494
vn 0.0777 0.0628 -0.9950
vn 0.6751 0.0489 -0.7361
vn 0.9635 0.0633 -0.2601
vn 0.9534 0.1582 0.2569
vn 0.7762 0.0239 0.6300
vn 0.5228 -0.1728 0.8347
vn 0.2143 -0.3797 0.9000
vn -0.3179 -0.4539 0.8325
vn -0.8833 -0.3620 0.2980
vn -0.9715 -0.0599 -0.2293
vn -0.8427 0.0820 -0.5320
vn -0.5891 0.2443 -0.7702
vn -0.0947 0.2964 -0.9504
vn 0.5889 0.2126 -0.7798
vn 0.9396 0.2118 -0.2690
vn 0.9342 0.2618 0.2423
vn 0.7982 0.0744 0.5977
vn 0.5921 -0.1466 0.7924
vn 0.2936 -0.2987 0.9081
vn -0.2010 -0.5305 0.8235
vn -0.8248 -0.4790 0.3003
vn -0.9587 -0.1789 -0.2211
vn -0.8557 -0.0000 -0.5174
vn -0.6465 0.1947 -0.7376
vn -0.2193 0.3286 -0.9187
vn 0.4465 0.4126 -0.7940
vn 0.8894 0.3648 -0.2755
vn 0.9015 0.3613 0.2384
vn 0.7907 0.1861 0.5833
vn 0.6150 -0.0229 0.7882
vn 0.3939 -0.3355 0.8557
vn -0.0692 -0.6006 0.7966
vn -0.7465 -0.5934 0.3010
vn -0.9279 -0.3009 -0.2203
vn -0.8427 -0.0867 -0.5313
vn -0.6814 0.1118 -0.7233
vn -0.2773 0.2475 -0.9284
vn 0.3589 0.4606 -0.8118
vn 0.8216 0.4966 -0.2798
vn 0.8487 0.4731 0.2364
vn 0.7678 0.2847 0.5739
vn 0.6437 0.0207 0.7650
vn 0.4333 -0.2559 0.8641
vn -0.0406 -0.5526 0.8325
vn -0.6775 -0.6739 0.2948
vn -0.8765 -0.4281 -0.2203
vn -0.8278 -0.2301 -0.5117
vn -0.6679 -0.0488 -0.7427
vn -0.2730 0.2392 -0.9318
vn 0.2693 0.5059 -0.8194
vn 0.7420 0.6081 -0.2823
vn 0.7972 0.5726 0.1914
vn 0.7931 0.2296 0.5641
vn 0.6158 -0.0319 0.7872
vn 0.3886 -0.1839 0.9029
vn 0.0176 -0.5379 0.8428
vn -0.6022 -0.7381 0.3042
vn -0.8037 -0.5526 -0.2205
vn -0.7696 -0.3743 -0.5173
vn -0.6366 0.0020 -0.7712
vn -0.3665 0.3801 -0.8493
vn -0.0488 0.6103 -0.7907
vn 0.6187 0.6855 -0.3839
vn 0.7156 0.6744 0.1820
vn 0.7359 0.4360 0.5181
vn 0.6207 -0.0069 0.7840
vn 0.2745 -0.3569 0.8929
vn -0.0443 -0.6314 0.7742
vn -0.5415 -0.7827 0.3070
vn -0.6966 -0.6825 -0.2211
vn -0.7208 -0.3942 -0.5701
vn -0.5517 -0.0034 -0.8340
vn -0.3750 0.3535 -0.8570
vn -0.0821 0.5520 -0.8298
vn 0.4446 0.7904 -0.4214
vn 0.6014 0.7774 0.1843
vn 0.6221 0.5828 0.5228
vn 0.5170 0.1394 0.8445
vn 0.2022 -0.3566 0.9121
vn -0.1316 -0.7025 0.6995
vn -0.5000 -0.8165 0.2888
vn -0.5775 -0.7853 -0.2231
vn -0.6109 -0.4371 -0.6601
vn -0.5006 -0.0578 -0.8637
vn -0.2892 0.2594 -0.9215
vn -0.0666 0.4821 -0.8736
vn 0.3785 0.8722 -0.3100
vn 0.5413 0.8026 0.2508
vn 0.4220 0.6215 0.6600
vn 0.3188 0.2992 0.8993
vn 0.0204 -0.2863 0.9579
vn -0.2237 -0.6717 0.7062
vn -0.4273 -0.8664 0.2583
vn -0.4586 -0.8505 -0.2576
vn -0.4076 -0.5877 -0.6989
vn -0.2467 -0.1743 -0.9533
vn -0.1149 0.1463 -0.9825
vn 0.0151 0.6885 -0.7250
vn 0.3006 0.9172 -0.2614
vn 0.3597 0.8969 0.2571
vn 0.3259 0.6364 0.6991
vn 0.1304 0.3843 0.9140
vn -0.0553 0.2806 -0.9582
vn 0.0881 0.7050 -0.7037
vn 0.2585 0.9303 -0.2603
vn 0.0463 0.7063 0.7064
vn 0.0463 0.7063 -0.7064
vn -0.0463 0.7063 0.7063
vn -0.0463 0.7063 -0.7063
vn -0.3596 0.8974 0.2556
vn -0.3313 0.6674 0.6669
vn -0.1304 0.3843 0.9140
vn 0.2275 -0.6703 -0.7063
vn 0.0553 0.2806 -0.9582
vn -0.1091 0.6638 -0.7399
vn -0.2585 0.9303 -0.2603
vn -0.5091 0.8319 0.2208
vn -0.5539 0.6399 0.5327
vn -0.3142 0.2877 0.9047
vn -0.0292 -0.2699 0.9624
vn 0.2789 -0.5656 0.7761
vn 0.4232 -0.6384 -0.6429
vn 0.2694 -0.1811 -0.9458
vn 0.0960 0.1541 -0.9834
vn 0.1306 0.5078 -0.8515
vn -0.3006 0.9172 -0.2614
vn -0.6014 0.7774 0.1843
vn -0.6381 0.5504 0.5384
vn -0.5228 0.1053 0.8459
vn -0.1764 -0.0275 0.9839
vn 0.2470 -0.5635 0.7883
vn 0.5066 -0.8221 0.2597
vn 0.5658 -0.7836 -0.2565
vn 0.5015 -0.5964 -0.6267
vn 0.4032 -0.3533 -0.8441
vn 0.2911 0.2933 -0.9106
vn 0.0600 0.5406 -0.8391
vn -0.3061 0.8602 -0.4078
vn -0.7204 0.6629 0.2039
vn -0.7466 0.3997 0.5318
vn -0.6614 0.1262 0.7394
vn -0.3237 -0.1207 0.9384
vn 0.1738 -0.6233 0.7624
vn 0.5640 -0.7835 0.2609
vn 0.7047 -0.6635 -0.2512
vn 0.6691 -0.4218 -0.6119
vn 0.5680 -0.2078 -0.7964
vn 0.4657 0.2009 -0.8618
vn 0.0398 0.5850 -0.8101
vn -0.5119 0.7870 -0.3444
vn -0.7814 0.5904 0.2022
vn -0.7486 0.3815 0.5422
vn -0.6337 0.1039 0.7666
vn -0.3770 -0.2630 0.8881
vn 0.1535 -0.6583 0.7369
vn 0.6243 -0.7333 0.2692
vn 0.8084 -0.5356 -0.2439
vn 0.7666 -0.2528 -0.5903
vn 0.6363 -0.1079 -0.7639
vn 0.3550 0.1561 -0.9217
vn -0.1227 0.5074 -0.8529
vn -0.6434 0.6935 -0.3241
vn -0.8497 0.4793 0.2196
vn -0.7978 0.2407 0.5527
vn -0.6312 0.0115 0.7755
vn -0.3658 -0.3674 0.8551
vn 0.1773 -0.6702 0.7207
vn 0.6906 -0.6685 0.2760
vn 0.8819 -0.4065 -0.2388
vn 0.8071 -0.1267 -0.5766
vn 0.6550 0.0983 -0.7492
vn 0.3913 0.2122 -0.8954
vn -0.2123 0.5158 -0.8300
vn -0.7282 0.6114 -0.3098
vn -0.9068 0.3612 0.2174
vn -0.8101 0.1220 0.5734
vn -0.6678 -0.1072 0.7366
vn -0.2907 -0.3776 0.8791
vn 0.1980 -0.6508 0.7329
vn 0.7592 -0.5861 0.2829
vn 0.9300 -0.2857 -0.2311
vn 0.8226 -0.0105 -0.5686
vn 0.6236 0.1474 -0.7677
vn 0.2597 0.3139 -0.9133
vn -0.3040 0.5323 -0.7901
vn -0.8133 0.5019 -0.2942
vn -0.9343 0.2618 0.2421
vn -0.7930 0.0331 0.6083
vn -0.5533 -0.2218 0.8029
vn -0.2009 -0.3902 0.8985
vn 0.3240 -0.6128 0.7208
vn 0.8257 -0.4840 0.2897
vn 0.9594 -0.1670 -0.2275
vn 0.8170 0.0803 -0.5710
vn 0.5780 0.2066 -0.7894
vn 0.1413 0.3162 -0.9381
vn -0.4839 0.3914 -0.7827
vn -0.8893 0.3649 -0.2759
vn -0.9546 0.1529 0.2558
vn -0.7500 -0.0181 0.6612
vn -0.4527 -0.2443 0.8575
vn -0.2072 -0.4197 0.8837
vn 0.4253 -0.5207 0.7403
vn 0.8890 -0.3565 0.2873
vn 0.9716 -0.0582 -0.2293
vn 0.7988 0.1793 -0.5742
vn 0.5085 0.2231 -0.8317
vn 0.0011 0.3630 -0.9318
vn -0.6086 0.3063 -0.7320
vn -0.9390 0.2245 -0.2605
vn -0.9642 0.0606 0.2583
vn -0.7070 -0.0147 0.7070
vn -0.3133 -0.2017 0.9280
vn 0.0649 -0.3653 0.9286
vn 0.5309 -0.3913 0.7517
vn 0.9361 -0.2092 0.2828
vn 0.9711 0.0472 -0.2338
vn 0.7697 0.2317 -0.5949
vn 0.4150 0.1861 -0.8906
vn -0.1935 0.0970 -0.9763
vn -0.7061 0.0534 -0.7061
vn -0.9640 0.0633 -0.2583
vn -0.7063 -0.0463 0.7063
vn -0.2501 -0.0808 0.9648
vn 0.0680 -0.2222 0.9726
vn 0.6315 -0.2168 0.7445
vn 0.9559 -0.0530 0.2888
vn 0.9577 0.1588 -0.2400
vn 0.7767 0.1908 -0.6003
vn 0.2728 0.2353 -0.9329
vn -0.2664 0.0468 -0.9627
vn -0.7063 -0.0463 -0.7064
vn -0.6943 -0.1381 0.7063
vn 0.2544 0.0506 0.9658
vn 0.6855 0.0922 0.7222
vn 0.9560 0.1202 0.2677
vn 0.9392 0.2370 -0.2484
vn 0.7011 0.1816 -0.6896
vn 0.2544 0.0506 -0.9658
vn -0.6943 -0.1381 -0.7063
vn -0.6703 -0.2275 0.7064
vn 0.6619 0.1904 0.7250
vn 0.9230 0.2855 0.2581
vn 0.9111 0.3215 -0.2581
vn 0.6588 0.2571 -0.7070
vn 0.8664 0.4273 0.2583
vn 0.8664 0.4273 -0.2583
vn 0.6349 0.3131 -0.7064
vn -0.7898 -0.5277 0.3126
vn -0.5886 -0.3933 0.7063
vn 0.5886 0.3933 0.7063
vn 0.5886 0.3933 -0.7063
vn -0.5886 -0.3933 -0.7063
vn -0.8141 -0.4902 -0.3114
vn -0.6048 -0.7431 0.2863
vn -0.4008 -0.6099 0.6836
vn -0.3496 -0.3066 0.8853
vn 0.5322 0.4667 0.7064
vn 0.5322 0.4667 -0.7064
vn -0.2099 -0.4206 -0.8826
vn -0.4189 -0.6621 -0.6214
vn -0.5570 -0.8177 -0.1452
vn 0.1167 0.4984 0.8590
vn -0.0813 0.5185 0.8512
vn -0.3392 -0.3582 0.8699
vn 0.1628 0.2654 0.9503
vn 0.1883 0.0032 -0.9821
vn -0.2232 -0.1338 -0.9655
vn -0.0055 -0.0776 0.9970
vn -0.1284 0.5725 -0.8098
vn -0.7723 -0.1660 -0.6131
vn 0.0119 0.0442 0.9990
vn 0.3652 0.6436 0.6726
vn 0.3642 0.6455 -0.6714
vn 0.0677 0.0133 -0.9976
vn -0.9132 -0.0922 0.3970
vn -0.0447 0.3405 0.9392
vn 0.2810 0.5697 0.7723
vn 0.4262 0.4882 -0.7616
vn -0.1700 -0.0069 0.9854
vn 0.9785 -0.1322 0.1583
vn -0.0211 0.4816 0.8761
vn 0.2090 0.5499 0.8087
vn 0.3135 0.9236 0.2205
vn 0.2716 0.9357 -0.2253
vn 0.1190 0.6283 -0.7688
vn -0.0317 0.5821 -0.8125
vn -0.0725 -0.5243 0.8484
vn -0.0025 0.5442 0.8390
vn 0.1899 0.9546 0.2293
vn 0.1892 0.9559 -0.2246
vn 0.1960 0.5477 -0.8134
vn -0.1235 0.3970 -0.9095
vn -0.0391 0.5169 -0.8551
vn 0.0789 0.6726 0.7358
vn 0.0595 0.9671 0.2473
vn 0.0497 0.9638 -0.2619
vn -0.0271 0.4877 -0.8726
vn -0.1065 0.4231 -0.8998
vn -0.0831 -0.4848 -0.8707
vn -0.0029 0.5339 0.8456
vn -0.0261 0.9701 0.2414
vn -0.0203 0.9695 -0.2444
vn 0.3979 -0.0674 0.9149
vn -0.1474 0.4607 0.8752
vn -0.0811 0.6658 0.7418
vn -0.0637 0.6053 0.7935
vn -0.2094 0.9537 0.2159
vn -0.2086 0.9518 -0.2249
vn -0.1535 0.3429 0.9267
vn -0.0967 0.1877 0.9775
vn 0.2094 -0.0691 0.9754
vn -0.1790 0.5830 0.7925
vn -0.3105 0.9148 0.2583
vn -0.2687 0.9282 -0.2573
vn 0.1725 0.3977 -0.9012
vn -0.6709 0.5913 -0.4476
vn -0.1347 0.4249 0.8952
vn 0.1532 0.4420 -0.8839
vn -0.3285 0.6661 0.6697
vn -0.9136 0.1664 -0.3711
vn 0.2402 0.2912 -0.9260
vn 0.1019 0.5634 0.8199
vn -0.0429 0.1260 0.9911
vn -0.3933 0.5886 0.7063
vn -0.2605 0.6728 -0.6924
vn -0.0661 0.0696 -0.9954
vn -0.0044 0.5370 -0.8436
vn -0.0192 0.4041 -0.9145
vn 0.4593 -0.1272 0.8791
vn -0.2361 0.1289 0.9631
vn -0.4667 0.5322 0.7064
vn -0.4667 0.5322 -0.7064
vn -0.2760 0.0867 -0.9572
vn 0.1462 0.5004 0.8534
vn -0.5177 0.3288 -0.7899
vn 0.5093 -0.7963 0.3264
vn 0.4096 -0.5980 0.6890
vn 0.0600 -0.3356 0.9401
vn -0.5322 0.4667 0.7063
vn -0.5322 0.4667 -0.7063
vn 0.0902 -0.3004 -0.9495
vn 0.4550 -0.5533 -0.6978
vn 0.5323 -0.7925 -0.2976
vn 0.8033 -0.5367 0.2583
vn -0.5886 0.3933 0.7063
vn -0.5886 0.3933 -0.7064
vn 0.8173 -0.5148 -0.2586
vn 0.6349 -0.3131 0.7064
vn -0.8666 0.4269 0.2583
vn -0.8665 0.4273 -0.2580
vn -0.6349 0.3131 -0.7063
vn 0.6349 -0.3131 -0.7063
vn 0.6703 -0.2275 0.7063
vn -0.6619 0.1904 0.7250
vn -0.9203 0.2833 0.2699
vn -0.9138 0.3219 -0.2478
vn -0.6771 0.2624 -0.6875
vn 0.6703 -0.2275 -0.7063
vn -0.2182 -0.0081 0.9759
vn -0.6267 -0.0326 0.7785
vn -0.9507 0.1324 0.2806
vn -0.9421 0.2356 -0.2386
vn -0.7500 0.1827 -0.6357
vn -0.2884 0.1076 -0.9514
vn 0.2987 -0.0612 0.9524
vn -0.0737 -0.1993 0.9772
vn -0.5374 -0.2446 0.8071
vn -0.9599 -0.0477 0.2764
vn -0.9604 0.1555 -0.2312
vn -0.7878 0.1750 -0.5905
vn -0.4173 0.0670 -0.9063
vn 0.2588 -0.0170 -0.9658
vn -0.1727 -0.0204 0.9848
vn -0.6207 -0.1935 0.7598
vn -0.8933 -0.3814 0.2379
vn -0.9197 -0.3917 -0.0254
vn -0.8754 -0.4459 -0.1867
vn -0.8313 -0.4392 -0.3407
vn -0.7188 -0.3312 -0.6112
vn -0.2602 -0.1268 -0.9572
vn 0.2095 0.0136 -0.9777
vn 0.5574 0.0325 -0.8296
vn -0.1757 -0.0167 0.9843
vn -0.6154 -0.1431 0.7751
vn -0.8946 -0.3564 0.2697
vn -0.8573 -0.5137 -0.0339
vn -0.8375 -0.5142 -0.1848
vn -0.7995 -0.4872 -0.3515
vn -0.6896 -0.3458 -0.6363
vn -0.2265 -0.1185 -0.9668
vn 0.1950 0.0344 -0.9802
vn -0.1805 -0.0540 0.9821
vn -0.5732 -0.1971 0.7954
vn -0.8330 -0.4507 0.3208
vn -0.8206 -0.5712 -0.0193
vn -0.7996 -0.5742 -0.1759
vn -0.7496 -0.5539 -0.3622
vn -0.6486 -0.3448 -0.6786
vn -0.1999 -0.1097 -0.9737
vn 0.1897 0.0568 -0.9802
vn -0.1867 -0.0628 0.9804
vn -0.5547 -0.2288 0.8000
vn -0.8283 -0.4407 0.3459
vn -0.7799 -0.6259 0.0060
vn -0.7608 -0.6303 -0.1546
vn -0.6564 -0.6519 -0.3796
vn -0.5919 -0.3683 -0.7169
vn -0.1764 -0.1125 -0.9779
vn -0.5150 -0.2973 0.8040
vn -0.7727 -0.5105 0.3773
vn -0.7232 -0.6895 0.0403
vn -0.7078 -0.6939 -0.1325
vn -0.6525 -0.6400 -0.4059
vn -0.4678 -0.4623 -0.7533
vn -0.1723 -0.0995 -0.9800
vn 0.7205 0.4160 -0.5549
vn 0.6961 0.6921 0.1912
vn 0.6448 0.5760 0.5024
vn 0.4233 0.4883 0.7632
vn -0.4338 -0.3781 0.8178
vn -0.6806 -0.6132 0.4009
vn -0.7137 -0.6962 0.0771
vn -0.6010 -0.7893 -0.1259
vn -0.6030 -0.6709 -0.4316
vn -0.4844 -0.3881 -0.7840
vn -0.1595 -0.1187 -0.9800
vn 0.7087 0.7013 -0.0763
vn 0.7065 0.6771 0.2059
vn 0.5470 0.5855 0.5983
vn 0.2806 0.4872 0.8270
vn 0.2232 0.2106 0.9518
vn -0.3804 -0.4138 0.8270
vn -0.5392 -0.7144 0.4459
vn -0.5385 -0.8354 0.1103
vn -0.5494 -0.8251 -0.1319
vn -0.4903 -0.7398 -0.4608
vn -0.3623 -0.4607 -0.8103
vn -0.1421 -0.1341 -0.9807
vn 0.4159 0.3266 -0.8487
vn 0.5626 0.7090 -0.4252
vn 0.6987 0.7105 -0.0841
vn 0.4734 0.6474 0.5973
vn 0.2987 0.3561 0.8854
vn 0.1756 0.2093 0.9619
vn -0.3580 -0.4267 0.8305
vn -0.4567 -0.7463 0.4842
vn -0.4721 -0.8718 0.1309
vn -0.4939 -0.8578 -0.1424
vn -0.4972 -0.7205 -0.4834
vn -0.3209 -0.4672 -0.8239
vn 0.2906 0.5233 -0.8011
vn 0.8470 -0.0177 -0.5313
vn 0.2440 0.4670 0.8499
vn 0.0860 0.2582 0.9623
vn -0.1962 -0.0071 0.9805
vn -0.3037 -0.4659 0.8311
vn -0.4699 -0.7211 0.5091
vn -0.3977 -0.9046 0.1535
vn -0.4327 -0.8876 -0.1578
vn -0.4379 -0.7420 -0.5076
vn -0.3068 -0.4665 -0.8296
vn 0.0346 0.3097 -0.9502
vn -0.0909 0.2586 0.9617
vn -0.0515 -0.1026 0.9934
vn -0.3172 -0.7817 0.5370
vn -0.3145 -0.9329 0.1756
vn -0.3123 -0.9332 -0.1780
vn -0.3056 -0.7879 -0.5346
vn -0.2505 -0.4988 -0.8298
vn 0.1675 0.1784 -0.9696
vn -0.0338 -0.0928 0.9951
vn -0.2338 -0.7995 0.5533
vn -0.2229 -0.9552 0.1948
vn -0.2673 -0.9438 -0.1943
vn -0.2256 -0.8019 -0.5532
vn -0.0245 0.4030 -0.9149
vn 0.0145 -0.1275 0.9917
vn -0.1902 -0.8026 0.5654
vn -0.1244 -0.9698 0.2099
vn -0.1211 -0.9700 -0.2109
vn -0.1900 -0.8017 -0.5667
vn -0.0532 -0.2244 -0.9730
vn 0.2041 0.3221 -0.9245
vn 0.0202 0.5737 -0.8188
vn -0.0127 -0.1281 0.9917
vn -0.0496 -0.8164 0.5753
vn -0.0213 -0.9753 0.2200
vn -0.0538 -0.9736 -0.2217
vn -0.0947 -0.8098 -0.5791
vn -0.0189 -0.2305 -0.9729
vn 0.0637 -0.0092 0.9979
vn 0.5966 -0.1895 -0.7798
vn -0.0000 -0.1473 0.9891
vn 0.0003 -0.5561 0.8311
vn 0.0005 -0.8115 0.5843
vn 0.0580 -0.9725 0.2256
vn 0.0877 -0.9701 -0.2261
vn 0.0006 -0.8079 -0.5893
vn -0.0000 -0.5561 -0.8311
vn -0.0000 -0.2095 -0.9778
vn -0.2125 0.4305 -0.8772
vn 0.0779 0.3936 0.9160
vn 0.0159 -0.1364 0.9905
vn 0.0644 -0.5509 0.8321
vn 0.1389 -0.7990 0.5850
vn 0.1863 -0.9566 0.2239
vn 0.1745 -0.9582 -0.2267
vn 0.1478 -0.7931 -0.5909
vn 0.0726 -0.5486 -0.8329
vn 0.0833 -0.2264 -0.9705
vn -0.5269 0.6218 0.5794
vn 0.1109 0.3917 0.9134
vn 0.0153 -0.1082 0.9940
vn 0.1354 -0.5356 0.8335
vn 0.2264 -0.7804 0.5829
vn 0.2854 -0.9329 0.2195
vn 0.2805 -0.9345 -0.2190
vn 0.2361 -0.7725 -0.5894
vn 0.1423 -0.5303 -0.8358
vn -0.0259 -0.2106 -0.9772
vn -0.1244 0.3569 -0.9258
vn -0.1281 0.0655 0.9896
vn 0.0388 -0.1066 0.9935
vn 0.1957 -0.5159 0.8340
vn 0.3080 -0.7567 0.5766
vn 0.3790 -0.9006 0.2129
vn 0.3840 -0.8980 -0.2149
vn 0.2998 -0.7529 -0.5859
vn 0.2043 -0.5056 -0.8383
vn 0.0479 0.3231 -0.9451
vn -0.1047 0.0766 0.9916
vn 0.0540 -0.1074 0.9927
vn 0.2485 -0.4949 0.8327
vn 0.3843 -0.7287 0.5668
vn 0.4651 -0.8611 0.2052
vn 0.4701 -0.8580 -0.2073
vn 0.3859 -0.7229 -0.5731
vn 0.2448 -0.4848 -0.8397
vn 0.0877 -0.1746 -0.9807
vn 0.1386 0.2016 -0.9696
vn -0.2122 0.4658 0.8591
vn -0.1907 0.2281 0.9548
vn 0.1069 -0.1641 0.9806
vn 0.3041 -0.4702 0.8285
vn 0.4563 -0.6964 0.5538
vn 0.5428 -0.8165 0.1965
vn 0.5475 -0.8129 -0.1986
vn 0.4650 -0.6831 -0.5632
vn 0.3104 -0.4513 -0.8367
vn 0.1064 -0.1618 -0.9811
vn -0.2336 0.0667 -0.9701
vn -0.3666 0.4898 -0.7911
vn 0.0262 0.4247 -0.9050
vn -0.4553 0.2756 0.8466
vn -0.1770 0.2109 0.9613
vn 0.1244 -0.1535 0.9803
vn 0.3553 -0.4453 0.8218
vn 0.5249 -0.6596 0.5380
vn 0.6145 -0.7664 0.1868
vn 0.6202 -0.7614 -0.1888
vn 0.5322 -0.6431 -0.5506
vn 0.3574 -0.4249 -0.8317
vn 0.1236 -0.1474 -0.9813
vn -0.2657 0.4652 -0.8444
vn -0.5898 0.6779 -0.4388
vn -0.7809 0.5937 0.1942
vn -0.5805 0.6203 0.5275
vn -0.4802 0.4473 0.7546
vn -0.0841 0.2017 0.9758
vn 0.1411 -0.1446 0.9794
vn 0.4052 -0.4169 0.8136
vn 0.6012 -0.6091 0.5173
vn 0.6813 -0.7105 0.1763
vn 0.6883 -0.7033 -0.1779
vn 0.5933 -0.5984 -0.5384
vn 0.4034 -0.3960 -0.8249
vn 0.1420 -0.1301 -0.9813
vn -0.1421 0.1344 -0.9807
vn -0.4369 0.3436 -0.8313
vn -0.5448 0.6325 -0.5505
vn -0.7170 0.6930 -0.0751
vn -0.6950 0.6921 0.1948
vn -0.5993 0.5830 0.5486
vn -0.4462 0.3322 0.8310
vn 0.1595 -0.1364 0.9777
vn 0.4510 -0.3871 0.8042
vn 0.6542 -0.5672 0.5003
vn 0.7465 -0.6444 0.1658
vn 0.7514 -0.6379 -0.1686
vn 0.6510 -0.5458 -0.5275
vn 0.4476 -0.3656 -0.8161
vn 0.1564 -0.1163 -0.9808
vn -0.1564 0.1215 -0.9802
vn -0.6959 0.6922 -0.1913
vn -0.1693 0.0984 0.9806
vn 0.1883 -0.1143 0.9754
vn 0.4936 -0.3583 0.7925
vn 0.7126 -0.5064 0.4855
vn 0.8098 -0.5653 0.1571
vn 0.8082 -0.5665 -0.1609
vn 0.7038 -0.4854 -0.5187
vn 0.4950 -0.3191 -0.8082
vn 0.1706 -0.1019 -0.9801
vn -0.1784 0.1030 -0.9786
vn -0.1804 0.0803 0.9803
vn 0.2080 -0.1012 0.9729
vn 0.5393 -0.3203 0.7788
vn 0.7601 -0.4415 0.4768
vn 0.8690 -0.4711 0.1514
vn 0.8693 -0.4663 -0.1640
vn 0.7456 -0.4308 -0.5085
vn 0.5285 -0.2865 -0.7991
vn 0.1835 -0.0847 -0.9794
vn -0.2001 0.0893 -0.9757
vn -0.5107 0.2203 -0.8310
vn -0.5329 0.1598 0.8309
vn -0.1913 0.0619 0.9796
vn 0.2210 -0.0994 0.9702
vn 0.5844 -0.2740 0.7638
vn 0.7988 -0.3660 0.4775
vn 0.9155 -0.3740 0.1484
vn 0.8976 -0.4038 -0.1770
vn 0.7941 -0.3420 -0.5024
vn 0.5557 -0.2392 -0.7962
vn 0.1967 -0.0739 -0.9777
vn -0.2199 0.0774 -0.9724
vn -0.5421 0.1850 -0.8197
vn -0.5500 0.1021 0.8289
vn -0.2027 0.0370 0.9785
vn 0.2424 -0.0786 0.9670
vn 0.6278 -0.2165 0.7477
vn 0.8442 -0.2215 0.4881
vn 0.9658 -0.2140 0.1462
vn 0.9582 -0.2092 -0.1953
vn 0.8310 -0.2516 -0.4962
vn 0.5785 -0.1697 -0.7978
vn 0.2097 -0.0567 -0.9761
vn -0.2403 0.0607 -0.9688
vn -0.5855 0.1045 -0.8039
vn -0.8197 0.1462 -0.5538
vn -0.5641 0.0329 0.8250
vn -0.2105 0.0202 0.9774
vn 0.2624 -0.0511 0.9636
vn 0.6738 -0.1161 0.7298
vn 0.8556 -0.1563 0.4936
vn 0.9685 -0.1720 0.1799
vn 0.9652 -0.1386 -0.2219
vn 0.8332 -0.1954 -0.5173
vn 0.5960 -0.1206 -0.7939
vn 0.2195 -0.0289 -0.9752
vn -0.2600 0.0374 -0.9649
vn -0.6161 0.0466 -0.7863
vn -0.8371 0.0488 -0.5448
vn -0.5721 -0.0222 0.8199
vn -0.2168 -0.0048 0.9762
vn 0.2787 -0.0157 0.9603
vn 0.6975 -0.0536 0.7146
vn 0.8622 -0.0130 0.5065
vn 0.9747 -0.0113 0.2231
vn 0.9660 0.0393 -0.2557
vn 0.8297 0.0357 -0.5571
vn 0.6100 -0.0574 -0.7903
vn 0.2324 -0.0094 -0.9726
vn -0.2757 0.0207 -0.9610
vn -0.6381 0.0068 -0.7699
vn -0.8463 -0.0493 -0.5304
vn -0.5714 -0.0918 0.8155
vn -0.2190 -0.0326 0.9752
vn 0.2879 0.0277 0.9573
vn 0.7122 0.0569 0.6997
vn 0.8357 0.1552 0.5268
vn 0.8964 0.3563 0.2636
vn 0.9272 0.2478 -0.2810
vn 0.8019 0.0442 -0.5959
vn 0.6128 0.0481 -0.7888
vn 0.2381 0.0288 -0.9708
vn -0.2790 -0.0326 -0.9597
vn -0.6490 -0.0808 -0.7565
vn -0.8431 -0.1487 -0.5169
vn -0.5584 -0.1636 0.8133
vn -0.2157 -0.0622 0.9745
vn 0.2854 0.0800 0.9551
vn 0.6966 0.1897 0.6919
vn 0.7656 0.3387 0.5470
vn 0.8273 0.4846 0.2842
vn 0.8282 0.4819 -0.2861
vn 0.7483 0.1882 -0.6361
vn 0.5954 0.1546 -0.7884
vn 0.2364 0.0654 -0.9695
vn -0.2866 -0.0750 -0.9551
vn -0.6385 -0.1780 -0.7488
vn -0.8212 -0.2458 -0.5150
vn 0.6383 0.3247 0.6980
vn 0.6759 0.4776 0.5613
vn 0.7445 0.6015 0.2895
vn 0.7449 0.5998 -0.2921
vn 0.6786 0.3233 -0.6596
vn 0.5613 0.2421 -0.7914
vn 0.6023 0.3477 0.7185
vn 0.6479 0.4691 0.6001
vn 0.4358 0.8526 0.2885
vn 0.6815 0.6316 -0.3696
vn 0.6091 0.4170 -0.6747
vn 0.5183 0.2992 -0.8012
vn 0.2422 0.1821 0.9530
vn 0.4809 0.4705 0.7398
vn 0.5338 0.5216 0.6656
vn 0.0627 0.9667 0.2481
vn 0.4643 0.7227 -0.5119
vn 0.5235 0.4858 -0.7000
vn 0.4265 0.3949 -0.8137
vn 0.2136 0.2016 0.9559
vn 0.4464 0.4553 0.7703
vn -0.1989 0.7668 0.6103
vn -0.4618 0.8814 0.0989
vn -0.1484 0.8442 -0.5151
vn -0.1562 0.7953 -0.5857
vn 0.4034 0.3891 -0.8282
vn 0.1806 0.1704 -0.9687
vn 0.1634 0.2250 0.9606
vn 0.3428 0.4684 0.8143
vn 0.1511 0.6124 0.7760
vn -0.5344 0.8422 0.0720
vn -0.5104 0.7715 -0.3799
vn 0.2428 0.4178 -0.8755
vn 0.2771 0.4770 -0.8341
vn 0.1535 0.1829 -0.9711
vn -0.4276 -0.5096 -0.7467
vn -0.4571 -0.6951 0.5549
vn -0.3183 -0.4840 0.8151
vn -0.1196 -0.1889 0.9747
vn 0.1189 0.2346 0.9648
vn 0.0155 0.5395 0.8419
vn -0.2241 0.6609 0.7162
vn -0.4290 0.8983 0.0951
vn -0.6034 0.7512 -0.2677
vn -0.5487 0.5441 -0.6347
vn 0.2257 0.4099 -0.8837
vn 0.1238 0.1896 -0.9740
vn -0.1614 -0.2455 -0.9559
vn -0.2494 -0.5154 0.8199
vn -0.0869 -0.1950 0.9770
vn 0.0752 0.2397 0.9679
vn -0.0172 0.4894 0.8719
vn -0.0519 0.6393 0.7672
vn -0.0598 0.9841 0.1672
vn -0.5255 0.8346 -0.1652
vn -0.2435 0.4573 -0.8554
vn -0.2430 0.4549 -0.8567
vn 0.0761 0.2022 -0.9764
vn -0.1067 -0.2541 -0.9613
vn -0.2817 -0.5868 -0.7592
vn -0.3840 -0.7645 -0.5177
vn -0.1934 -0.5314 0.8248
vn -0.0679 -0.1946 0.9785
vn 0.0577 0.2327 0.9708
vn 0.0737 0.4532 0.8884
vn 0.0485 0.6239 0.7800
vn 0.1564 0.9716 0.1777
vn -0.1940 0.9668 -0.1664
vn -0.1558 0.4742 -0.8665
vn 0.0346 0.2649 -0.9637
vn 0.0528 0.1908 -0.9802
vn -0.0729 -0.2459 -0.9665
vn -0.2046 -0.5987 -0.7744
vn -0.2898 -0.7962 -0.5311
vn -0.1286 -0.5427 0.8300
vn -0.0332 -0.1958 0.9801
vn 0.0239 0.2288 0.9732
vn 0.0188 0.4592 0.8881
vn -0.0079 0.6324 0.7746
vn 0.0647 0.9880 0.1404
vn 0.0709 0.9713 -0.2272
vn -0.6012 0.6298 -0.4919
vn -0.2181 0.2673 -0.9386
vn 0.0178 0.0813 -0.9965
vn -0.0331 -0.2375 -0.9708
vn -0.1262 -0.5920 -0.7960
vn -0.1757 -0.8193 -0.5458
vn -0.0542 -0.5493 0.8339
vn -0.0133 -0.1950 0.9807
vn -0.0171 0.2256 0.9741
vn -0.0425 0.4587 0.8876
vn -0.0528 0.6486 0.7593
vn 0.1187 0.9867 0.1107
vn 0.1453 0.9758 -0.1633
vn -0.4843 0.7691 -0.4170
vn -0.2835 0.2867 -0.9151
vn -0.1282 0.0189 -0.9916
vn 0.0162 -0.2279 -0.9736
vn -0.0144 -0.5745 -0.8184
vn -0.0966 -0.8263 -0.5549
vn -0.0000 -0.5518 0.8340
vn 0.0048 -0.1954 0.9807
vn -0.0193 0.2161 0.9762
vn -0.0900 0.4496 0.8887
vn -0.0262 0.6743 0.7380
vn 0.1248 0.9881 0.0895
vn 0.3955 0.8697 -0.2953
vn 0.3797 0.7765 -0.5028
vn 0.2632 0.3293 -0.9068
vn 0.0032 0.0196 -0.9998
vn 0.0200 -0.2157 -0.9762
vn 0.0048 -0.5519 -0.8339
vn -0.0000 -0.8291 -0.5590
vn 0.0650 -0.5514 0.8317
vn 0.0239 -0.1974 0.9800
vn -0.0362 0.2098 0.9771
vn -0.0948 0.4600 0.8829
vn 0.1044 0.6966 0.7098
vn 0.3252 0.9431 0.0696
vn 0.7155 0.5702 -0.4036
vn 0.7128 0.5607 -0.4214
vn 0.4224 0.4582 -0.7820
vn 0.3036 0.1637 -0.9386
vn 0.0512 -0.2065 -0.9771
vn 0.0846 -0.5457 -0.8337
vn 0.0965 -0.8253 -0.5564
vn 0.1918 -0.8096 0.5548
vn 0.1282 -0.5461 0.8279
vn 0.0460 -0.1999 0.9787
vn -0.0678 0.2040 0.9766
vn 0.0327 0.5137 0.8573
vn 0.3705 0.7163 0.5913
vn 0.5965 0.7995 0.0705
vn 0.6036 0.6777 -0.4200
vn 0.5852 0.5752 -0.5715
vn 0.7121 0.6200 -0.3294
vn 0.2655 0.3972 -0.8785
vn 0.0489 -0.1951 -0.9796
vn 0.1316 -0.5456 -0.8277
vn 0.1909 -0.8119 -0.5517
vn 0.2846 -0.7818 0.5547
vn 0.1939 -0.5328 0.8237
vn -0.0724 0.1980 0.9775
vn -0.2363 0.5932 0.7696
vn 0.5991 0.7278 0.3337
vn 0.5905 0.7942 0.1437
vn 0.4945 0.7738 -0.3958
vn 0.1252 0.7482 -0.6515
vn -0.1928 0.7548 -0.6270
vn -0.0862 0.4395 -0.8941
vn 0.0860 -0.1861 -0.9788
vn 0.1963 -0.5432 -0.8164
vn 0.2873 -0.7896 -0.5423
vn 0.3353 -0.9218 -0.1946
vn 0.3737 -0.7432 0.5549
vn 0.2598 -0.5086 0.8209
vn 0.1021 -0.1963 0.9752
vn -0.1116 0.1910 0.9752
vn -0.3279 0.6205 0.7123
vn 0.4065 0.8873 0.2179
vn 0.4187 0.8899 0.1811
vn 0.1755 0.9127 -0.3691
vn -0.3572 0.7281 -0.5850
vn -0.3487 0.6816 -0.6433
vn -0.2149 0.4225 -0.8805
vn 0.0934 -0.1835 -0.9786
vn 0.2719 -0.5312 -0.8025
vn 0.3798 -0.7559 -0.5333
vn 0.4402 -0.8765 -0.1947
vn 0.4571 -0.6950 0.5549
vn 0.3189 -0.4771 0.8190
vn 0.1268 -0.1892 0.9737
vn -0.1388 0.1809 0.9737
vn -0.3953 0.6032 0.6928
vn -0.2485 0.9291 0.2738
vn 0.1545 0.9780 0.1404
vn -0.4037 0.8786 -0.2551
vn -0.4557 0.6954 -0.5556
vn -0.4165 0.6387 -0.6469
vn -0.2672 0.4089 -0.8726
vn 0.1246 -0.1787 -0.9760
vn 0.3412 -0.5098 -0.7897
vn 0.4661 -0.7086 -0.5297
vn 0.5390 -0.8195 -0.1948
vn 0.3678 -0.4383 0.8202
vn 0.1597 -0.1717 0.9721
vn -0.1552 0.1720 0.9728
vn -0.5235 0.5360 0.6624
vn -0.6267 0.7026 0.3370
vn -0.4494 0.8781 0.1643
vn -0.6137 0.7639 -0.1996
vn -0.5164 0.6441 -0.5643
vn -0.4825 0.5875 -0.6496
vn -0.3177 0.3912 -0.8637
vn 0.1459 -0.1724 -0.9742
vn 0.4057 -0.4810 -0.7772
vn 0.5492 -0.6510 -0.5240
vn 0.4225 -0.3773 0.8241
vn 0.1850 -0.1471 0.9717
vn -0.2046 0.1416 0.9685
vn -0.6198 0.4544 0.6399
vn -0.7600 0.5518 0.3434
vn -0.7991 0.5826 0.1482
vn -0.6815 0.7022 -0.2061
vn -0.5752 0.5849 -0.5718
vn -0.5431 0.5314 -0.6501
vn -0.3693 0.3648 -0.8547
vn 0.1740 -0.1639 -0.9710
vn 0.4699 -0.4425 -0.7638
vn 0.6223 -0.5871 -0.5177
vn 0.4575 -0.3218 0.8289
vn 0.2003 -0.1170 0.9727
vn -0.2045 0.1262 0.9707
vn -0.7369 0.2926 0.6094
vn -0.8605 0.3775 0.3420
vn -0.9138 0.4027 0.0529
vn -0.7465 0.6305 -0.2126
vn -0.7314 0.4104 -0.5447
vn -0.6397 0.3827 -0.6666
vn -0.4074 0.3026 -0.8617
vn 0.2103 -0.1266 -0.9694
vn 0.5400 -0.3758 -0.7531
vn 0.6852 -0.5101 -0.5200
vn 0.7205 -0.4160 0.5549
vn 0.4850 -0.2718 0.8312
vn 0.1910 -0.1069 0.9757
vn -0.2371 0.0674 0.9691
vn -0.7809 0.1409 0.6085
vn -0.8495 0.4749 0.2297
vn -0.8710 0.4887 0.0508
vn -0.8741 0.4402 -0.2056
vn -0.7950 0.3889 -0.4655
vn -0.7193 0.1723 -0.6730
vn -0.5076 0.1013 -0.8556
vn 0.2190 -0.1070 -0.9698
vn 0.5760 -0.3115 -0.7558
vn 0.7453 -0.4026 -0.5314
vn 0.1992 -0.0601 0.9781
vn -0.2272 0.0223 0.9736
vn -0.7502 0.1175 0.6506
vn -0.9494 0.2861 0.1294
vn -0.9526 0.3024 0.0320
vn -0.9667 0.1744 -0.1874
vn -0.9162 -0.0386 -0.3989
vn -0.7465 -0.0008 -0.6654
vn -0.4992 -0.0314 -0.8659
vn 0.2441 -0.0682 -0.9673
vn 0.6146 -0.1901 -0.7656
vn 0.7689 -0.3317 -0.5466
vn 0.1949 -0.0424 0.9799
vn -0.1890 0.0443 0.9810
vn -0.7782 0.0336 0.6271
vn -0.9898 0.0734 0.1224
vn -0.9984 0.0528 0.0213
vn -0.9843 0.0454 -0.1706
vn -0.9212 -0.1909 -0.3390
vn -0.7438 -0.1312 -0.6555
vn -0.4501 -0.1198 -0.8849
vn 0.2576 -0.0465 -0.9651
vn 0.5862 -0.1651 -0.7932
vn 0.7970 -0.2386 -0.5549
vn 0.1943 -0.0283 0.9805
vn -0.1822 0.0277 0.9829
vn -0.7435 -0.0443 0.6673
vn -0.9877 -0.0627 0.1435
vn -0.9890 -0.1474 0.0133
vn -0.9612 -0.2030 -0.1867
vn -0.9157 -0.2289 -0.3302
vn -0.7445 -0.2237 -0.6290
vn -0.3613 -0.0607 -0.9305
vn 0.2557 -0.0052 -0.9667
vn 0.5761 -0.0403 -0.8163
vn 0.8193 -0.1445 -0.5549
vn 0.1951 -0.0114 0.9807
vn -0.1749 0.0086 0.9846
vn -0.6850 -0.1393 0.7151
vn -0.9395 -0.2843 0.1912
vn -0.9582 -0.2861 -0.0033
vn -0.9348 -0.3016 -0.1876
vn -0.8911 -0.3081 -0.3332
vn -0.7398 -0.2839 -0.6100
vn -0.3004 -0.0610 -0.9519
vn 0.2313 -0.0000 -0.9729
vn 0.5577 0.0020 -0.8300
vn -0.2925 0.4263 -0.8560
vn 0.1876 0.4439 -0.8762
vn 0.6012 0.6711 -0.4338
vn -0.4870 0.6332 -0.6015
vn -0.6939 0.6893 -0.2080
vn -0.6686 0.7387 0.0854
vn -0.4976 0.6418 0.5835
vn -0.2664 0.4631 0.8453
vn -0.2898 0.4336 0.8532
vn -0.2543 0.0467 0.9660
vn -0.2704 0.4329 0.8599
vn -0.6164 0.7875 -0.0008
vn -0.5612 0.2918 0.7745
vn -0.8270 0.4417 0.3478
vn -0.5790 0.3510 -0.7359
vn -0.9566 0.2914 -0.0014
vn -0.7542 0.4705 -0.4581
vn 0.1645 0.4777 0.8630
vn 0.6995 0.6839 0.2071
vn 0.6053 0.5586 0.5670
vn 0.6197 0.7848 -0.0069
vn 0.6699 0.7370 -0.0899
vn 0.4845 0.6517 -0.5836
vn 0.2345 0.4827 -0.8438
vn 0.5463 0.3312 0.7693
vn 0.6181 0.2841 0.7330
vn 0.9344 0.3563 -0.0061
vn 0.1730 0.5171 -0.8383
vn 0.1500 0.3974 -0.9053
vn 0.5826 0.3371 -0.7395
vn 0.9198 0.3889 0.0522
vn 0.8580 0.4664 -0.2153
vn -0.1957 0.5027 0.8420
vn -0.1341 0.4345 0.8906
vn -0.2229 0.3919 0.8926
vn -0.1614 0.4482 0.8792
vn 0.0571 0.4662 0.8829
vn -0.2234 0.4246 -0.8774
vn -0.0467 0.4856 0.8730
vn -0.9412 -0.1443 -0.3056
vn -0.0004 0.4758 0.8796
vn 0.0121 0.4796 0.8774
vn -0.2783 0.4543 -0.8463
vn 0.0184 0.5953 -0.8033
vn -0.1025 0.4370 -0.8936
vn -0.0933 0.4348 -0.8957
vn -0.1947 0.5105 -0.8375
vn -0.1741 0.1013 0.9795
vn 0.1253 0.5030 -0.8551
vn -0.0392 0.5154 -0.8561
vn -0.1294 0.5036 -0.8542
vn 0.0154 0.4820 -0.8761
vn 0.0344 0.4860 -0.8733
vn 0.1586 0.3860 -0.9088
vn -0.0185 0.4819 -0.8760
vn 0.1254 0.5157 -0.8475
vn -0.0243 0.4911 -0.8708
vn 0.1994 0.4289 -0.8811
vn 0.1586 -0.2026 -0.9663
vn 0.1806 0.5780 -0.7958
vn -0.4883 -0.3033 -0.8183
vn -0.1773 0.8306 -0.5279
vn -0.0233 0.0290 0.9993
vn 0.0017 0.4005 0.9163
vn 0.1887 0.3554 0.9155
vn 0.1056 0.3499 0.9308
vn 0.0275 0.3133 0.9493
vn 0.0970 0.4273 0.8989
vn 0.1872 0.4612 0.8673
vn 0.1023 0.3092 0.9455
vn 0.0239 0.5388 0.8421
vn -0.0206 0.0392 0.9990
vn -0.0366 0.0214 -0.9991
vn 0.1683 -0.4524 -0.8758
vn 0.1783 -0.1375 -0.9743
vn 0.4180 0.0488 -0.9071
s 0
f 13//1 2//1 1//1
f 2//2 15//2 3//2
f 15//3 16//3 3//3
f 16//4 5//4 4//4
f 17//5 6//5 5//5
f 6//6 19//6 7//6
f 19//7 8//7 7//7
f 20//8 9//8 8//8
f 21//9 10//9 9//9
f 22//10 11//10 10//10
f 23//11 12//11 11//11
f 24//12 1//12 12//12
f 25//13 26//13 13//13
f 26//14 15//14 14//14
f 27//15 16//15 15//15
f 28//16 17//16 16//16
f 17//17 30//17 18//17
f 30//18 19//18 18//18
f 31//19 32//19 19//19
f 32//20 21//20 20//20
f 21//21 34//21 22//21
f 22//22 35//22 23//22
f 23//23 35//23 24//23
f 36//24 13//24 24//24
f 25//25 38//25 26//25
f 38//26 27//26 26//26
f 39//27 28//27 27//27
f 28//28 41//28 29//28
f 29//29 42//29 30//29
f 30//30 43//30 31//30
f 43//31 32//31 31//31
f 44//32 33//32 32//32
f 33//33 46//33 34//33
f 34//34 47//34 35//34
f 35//35 48//35 36//35
f 48//36 25//36 36//36
f 37//37 49//37 38//37
f 38//38 51//38 39//38
f 39//39 52//39 40//39
f 52//40 41//40 40//40
f 41//41 53//41 42//41
f 54//42 43//42 42//42
f 55//43 44//43 43//43
f 56//44 57//44 44//44
f 45//45 58//45 46//45
f 58//46 47//46 46//46
f 59//47 48//47 47//47
f 60//48 37//48 48//48
f 61//49 50//49 49//49
f 50//50 63//50 51//50
f 63//51 52//51 51//51
f 64//52 53//52 52//52
f 53//53 66//53 54//53
f 66//54 67//54 54//54
f 67//55 56//55 55//55
f 68//56 57//56 56//56
f 69//57 58//57 57//57
f 70//58 71//58 58//58
f 71//59 60//59 59//59
f 60//60 61//60 49//60
f 73//61 62//61 61//61
f 74//62 75//62 62//62
f 75//63 64//63 63//63
f 76//64 77//64 64//64
f 77//65 66//65 65//65
f 78//66 67//66 66//66
f 67//67 80//67 68//67
f 80//68 69//68 68//68
f 81//69 70//69 69//69
f 82//70 71//70 70//70
f 71//71 84//71 72//71
f 84//72 61//72 72//72
f 85//73 74//73 73//73
f 74//74 87//74 75//74
f 87//75 76//75 75//75
f 88//76 77//76 76//76
f 77//77 90//77 78//77
f 90//78 79//78 78//78
f 91//79 80//79 79//79
f 92//80 81//80 80//80
f 81//81 94//81 82//81
f 82//82 95//82 83//82
f 95//83 84//83 83//83
f 96//84 73//84 84//84
f 97//85 98//85 85//85
f 86//86 99//86 87//86
f 87//87 100//87 88//87
f 100//88 89//88 88//88
f 89//89 102//89 90//89
f 102//90 91//90 90//90
f 103//91 104//91 91//91
f 104//92 93//92 92//92
f 105//93 106//93 93//93
f 106//94 95//94 94//94
f 107//95 96//95 95//95
f 108//96 85//96 96//96
f 97//97 110//97 98//97
f 110//98 99//98 98//98
f 111//99 100//99 99//99
f 112//100 101//100 100//100
f 113//101 102//101 101//101
f 114//102 103//102 102//102
f 115//103 104//103 103//103
f 116//104 105//104 104//104
f 105//105 118//105 106//105
f 106//106 119//106 107//106
f 119//107 108//107 107//107
f 120//108 97//108 108//108
f 121//109 110//109 109//109
f 122//110 111//110 110//110
f 123//111 124//111 111//111
f 124//112 113//112 112//112
f 113//113 126//113 114//113
f 126//114 115//114 114//114
f 127//115 116//115 115//115
f 128//116 117//116 116//116
f 129//117 118//117 117//117
f 130//118 119//118 118//118
f 131//119 120//119 119//119
f 132//120 121//120 120//120
f 133//121 122//121 121//121
f 134//122 123//122 122//122
f 123//123 136//123 124//123
f 136//124 125//124 124//124
f 137//125 126//125 125//125
f 138//126 139//126 126//126
f 127//127 140//127 128//127
f 140//128 141//128 128//128
f 129//129 142//129 130//129
f 142//130 131//130 130//130
f 143//131 132//131 131//131
f 144//132 121//132 132//132
f 145//133 134//133 133//133
f 146//134 135//134 134//134
f 147//135 136//135 135//135
f 136//136 149//136 137//136
f 137//137 150//137 138//137
f 150//138 139//138 138//138
f 151//139 140//139 139//139
f 152//140 141//140 140//140
f 153//141 142//141 141//141
f 154//142 143//142 142//142
f 155//143 144//143 143//143
f 144//144 145//144 133//144
f 157//145 146//145 145//145
f 158//146 147//146 146//146
f 159//147 160//147 147//147
f 160//148 149//148 148//148
f 161//149 150//149 149//149
f 162//150 151//150 150//150
f 151//151 163//151 152//151
f 164//152 153//152 152//152
f 153//153 166//153 154//153
f 154//154 166//154 155//154
f 155//155 168//155 156//155
f 156//156 157//156 145//156
f 169//157 170//157 157//157
f 158//158 171//158 159//158
f 159//159 172//159 160//159
f 172//160 161//160 160//160
f 173//161 174//161 161//161
f 174//162 163//162 162//162
f 175//163 164//163 163//163
f 176//164 165//164 164//164
f 177//165 178//165 165//165
f 178//166 167//166 166//166
f 179//167 168//167 167//167
f 180//168 157//168 168//168
f 181//169 170//169 169//169
f 182//170 171//170 170//170
f 183//171 172//171 171//171
f 172//172 185//172 173//172
f 185//173 174//173 173//173
f 186//174 175//174 174//174
f 187//175 176//175 175//175
f 188//176 177//176 176//176
f 177//177 190//177 178//177
f 190//178 191//178 178//178
f 179//179 192//179 180//179
f 192//180 169//180 180//180
f 193//181 182//181 181//181
f 182//182 195//182 183//182
f 195//183 184//183 183//183
f 196//184 185//184 184//184
f 197//185 186//185 185//185
f 198//186 187//186 186//186
f 199//187 200//187 187//187
f 200//188 189//188 188//188
f 201//189 190//189 189//189
f 202//190 191//190 190//190
f 203//191 192//191 191//191
f 204//192 193//192 192//192
f 205//193 194//193 193//193
f 206//194 195//194 194//194
f 207//195 196//195 195//195
f 208//196 197//196 196//196
f 209//197 198//197 197//197
f 198//198 211//198 199//198
f 211//199 200//199 199//199
f 200//200 213//200 201//200
f 201//201 214//201 202//201
f 202//202 215//202 203//202
f 203//203 216//203 204//203
f 216//204 193//204 204//204
f 217//205 206//205 205//205
f 218//206 207//206 206//206
f 207//207 220//207 208//207
f 220//208 209//208 208//208
f 221//209 210//209 209//209
f 222//210 223//210 210//210
f 223//211 212//211 211//211
f 212//212 225//212 213//212
f 225//213 214//213 213//213
f 226//214 215//214 214//214
f 227//215 216//215 215//215
f 228//216 205//216 216//216
f 229//217 230//217 217//217
f 230//218 219//218 218//218
f 231//219 220//219 219//219
f 220//220 232//220 221//220
f 233//221 222//221 221//221
f 234//222 223//222 222//222
f 235//223 224//223 223//223
f 224//224 237//224 225//224
f 237//225 238//225 225//225
f 238//226 227//226 226//226
f 227//227 239//227 228//227
f 240//228 217//228 228//228
f 229//229 242//229 230//229
f 242//230 231//230 230//230
f 231//231 244//231 232//231
f 244//232 233//232 232//232
f 245//233 234//233 233//233
f 246//234 235//234 234//234
f 247//235 248//235 235//235
f 248//236 237//236 236//236
f 237//237 250//237 238//237
f 250//238 251//238 238//238
f 251//239 240//239 239//239
f 252//240 229//240 240//240
f 253//241 254//241 241//241
f 254//242 243//242 242//242
f 255//243 256//243 243//243
f 244//244 257//244 245//244
f 257//245 258//245 245//245
f 258//246 247//246 246//246
f 247//247 260//247 248//247
f 260//248 249//248 248//248
f 261//249 250//249 249//249
f 262//250 251//250 250//250
f 251//251 264//251 252//251
f 264//252 241//252 252//252
f 253//253 266//253 254//253
f 266//254 255//254 254//254
f 267//255 256//255 255//255
f 256//256 269//256 257//256
f 269//257 258//257 257//257
f 270//258 271//258 258//258
f 271//259 260//259 259//259
f 272//260 261//260 260//260
f 273//261 262//261 261//261
f 262//262 274//262 263//262
f 275//263 264//263 263//263
f 276//264 253//264 264//264
f 277//265 266//265 265//265
f 278//266 267//266 266//266
f 279//267 268//267 267//267
f 280//268 281//268 268//268
f 281//269 270//269 269//269
f 282//270 271//270 270//270
f 283//271 272//271 271//271
f 272//272 285//272 273//272
f 273//273 285//273 274//273
f 274//274 287//274 275//274
f 275//275 288//275 276//275
f 276//276 277//276 265//276
f 277//277 289//277 278//277
f 290//278 279//278 278//278
f 291//279 280//279 279//279
f 292//280 281//280 280//280
f 293//281 282//281 281//281
f 294//282 283//282 282//282
f 295//283 284//283 283//283
f 284//284 297//284 285//284
f 297//285 286//285 285//285
f 298//286 287//286 286//286
f 299//287 288//287 287//287
f 300//288 277//288 288//288
f 301//289 290//289 289//289
f 302//290 303//290 290//290
f 303//291 292//291 291//291
f 304//292 305//292 292//292
f 305//293 294//293 293//293
f 306//294 307//294 294//294
f 295//295 308//295 296//295
f 308//296 309//296 296//296
f 297//297 310//297 298//297
f 298//298 311//298 299//298
f 299//299 311//299 300//299
f 300//300 301//300 289//300
f 301//301 314//301 302//301
f 302//302 315//302 303//302
f 303//303 316//303 304//303
f 304//304 317//304 305//304
f 305//305 318//305 306//305
f 318//306 307//306 306//306
f 319//307 308//307 307//307
f 320//308 309//308 308//308
f 321//309 310//309 309//309
f 322//310 311//310 310//310
f 323//311 312//311 311//311
f 312//312 313//312 301//312
f 325//313 314//313 313//313
f 326//314 315//314 314//314
f 315//315 327//315 316//315
f 328//316 317//316 316//316
f 329//317 330//317 317//317
f 330//318 319//318 318//318
f 331//319 320//319 319//319
f 320//320 333//320 321//320
f 333//321 322//321 321//321
f 334//322 335//322 322//322
f 323//323 336//323 324//323
f 324//324 336//324 313//324
f 337//325 338//325 325//325
f 338//326 327//326 326//326
f 339//327 328//327 327//327
f 340//328 329//328 328//328
f 341//329 330//329 329//329
f 330//330 343//330 331//330
f 343//331 332//331 331//331
f 344//332 345//332 332//332
f 345//333 334//333 333//333
f 334//334 347//334 335//334
f 335//335 348//335 336//335
f 348//336 325//336 336//336
f 349//337 338//337 337//337
f 350//338 339//338 338//338
f 351//339 340//339 339//339
f 340//340 353//340 341//340
f 353//341 342//341 341//341
f 354//342 355//342 342//342
f 355//343 344//343 343//343
f 344//344 357//344 345//344
f 357//345 346//345 345//345
f 358//346 347//346 346//346
f 347//347 360//347 348//347
f 360//348 337//348 348//348
f 361//349 350//349 349//349
f 350//350 363//350 351//350
f 363//351 352//351 351//351
f 364//352 365//352 352//352
f 365//353 354//353 353//353
f 366//354 355//354 354//354
f 367//355 356//355 355//355
f 368//356 357//356 356//356
f 357//357 369//357 358//357
f 370//358 359//358 358//358
f 371//359 360//359 359//359
f 372//360 349//360 360//360
f 361//361 373//361 362//361
f 362//362 374//362 363//362
f 375//363 364//363 363//363
f 364//364 377//364 365//364
f 377//365 378//365 365//365
f 378//366 367//366 366//366
f 379//367 380//367 367//367
f 380//368 369//368 368//368
f 381//369 370//369 369//369
f 382//370 371//370 370//370
f 383//371 384//371 371//371
f 384//372 373//372 372//372
f 385//373 386//373 375//373
f 386//374 377//374 376//374
f 377//375 388//375 378//375
f 388//376 379//376 378//376
f 389//377 380//377 379//377
f 390//378 381//378 380//378
f 391//379 382//379 381//379
f 382//380 392//380 383//380
f 394//381 386//381 385//381
f 395//382 396//382 386//382
f 396//383 388//383 387//383
f 397//384 398//384 388//384
f 398//385 390//385 389//385
f 399//386 391//386 390//386
f 391//387 400//387 392//387
f 401//388 402//388 392//388
f 403//389 404//389 395//389
f 396//390 405//390 397//390
f 405//391 398//391 397//391
f 406//392 399//392 398//392
f 407//393 400//393 399//393
f 408//394 409//394 400//394
f 410//395 411//395 403//395
f 404//396 411//396 405//396
f 412//397 413//397 405//397
f 413//398 407//398 406//398
f 414//399 408//399 407//399
f 408//400 415//400 409//400
f 410//401 417//401 411//401
f 418//402 412//402 411//402
f 412//403 420//403 413//403
f 420//404 414//404 413//404
f 421//405 422//405 414//405
f 422//406 429//406 415//406
f 424//407 425//407 417//407
f 425//408 426//408 418//408
f 426//409 427//409 419//409
f 427//410 421//410 420//410
f 421//411 428//411 422//411
f 415//412 429//412 423//412
f 431//413 432//413 424//413
f 432//414 426//414 425//414
f 426//415 434//415 427//415
f 434//416 428//416 427//416
f 435//417 436//417 428//417
f 429//418 436//418 430//418
f 438//419 439//419 431//419
f 439//420 433//420 432//420
f 440//421 434//421 433//421
f 441//422 435//422 434//422
f 442//423 436//423 435//423
f 443//424 437//424 436//424
f 438//425 447//425 439//425
f 448//426 440//426 439//426
f 449//427 441//427 440//427
f 450//428 442//428 441//428
f 451//429 443//429 442//429
f 453//430 445//430 444//430
f 458//431 448//431 447//431
f 459//432 449//432 448//432
f 460//433 461//433 449//433
f 461//434 451//434 450//434
f 462//435 452//435 451//435
f 463//436 453//436 452//436
f 455//437 466//437 456//437
f 467//438 468//438 456//438
f 457//439 469//439 458//439
f 458//440 470//440 459//440
f 459//441 471//441 460//441
f 471//442 461//442 460//442
f 472//443 462//443 461//443
f 473//444 463//444 462//444
f 474//445 464//445 463//445
f 477//446 466//446 465//446
f 466//447 479//447 467//447
f 479//448 468//448 467//448
f 468//449 481//449 469//449
f 481//450 470//450 469//450
f 482//451 471//451 470//451
f 483//452 472//452 471//452
f 484//453 485//453 472//453
f 473//454 486//454 474//454
f 474//455 487//455 475//455
f 487//456 476//456 475//456
f 488//457 477//457 476//457
f 489//458 466//458 477//458
f 490//459 479//459 478//459
f 491//460 480//460 479//460
f 492//461 493//461 480//461
f 493//462 482//462 481//462
f 494//463 495//463 482//463
f 495//464 484//464 483//464
f 496//465 485//465 484//465
f 485//466 498//466 486//466
f 498//467 487//467 486//467
f 499//468 488//468 487//468
f 488//469 501//469 489//469
f 501//470 478//470 489//470
f 502//471 491//471 490//471
f 503//472 492//472 491//472
f 492//473 505//473 493//473
f 505//474 494//474 493//474
f 506//475 495//475 494//475
f 507//476 508//476 495//476
f 508//477 497//477 496//477
f 509//478 498//478 497//478
f 510//479 511//479 498//479
f 511//480 500//480 499//480
f 512//481 513//481 500//481
f 513//482 490//482 501//482
f 514//483 503//483 502//483
f 515//484 504//484 503//484
f 516//485 517//485 504//485
f 517//486 506//486 505//486
f 518//487 507//487 506//487
f 519//488 508//488 507//488
f 520//489 509//489 508//489
f 509//490 522//490 510//490
f 522//491 511//491 510//491
f 523//492 512//492 511//492
f 524//493 513//493 512//493
f 525//494 502//494 513//494
f 514//495 527//495 515//495
f 515//496 528//496 516//496
f 516//497 529//497 517//497
f 529//498 518//498 517//498
f 530//499 519//499 518//499
f 519//500 532//500 520//500
f 532//501 521//501 520//501
f 533//502 522//502 521//502
f 522//503 535//503 523//503
f 535//504 524//504 523//504
f 536//505 525//505 524//505
f 537//506 514//506 525//506
f 1//507 527//507 526//507
f 2//508 528//508 527//508
f 3//509 529//509 528//509
f 4//510 530//510 529//510
f 5//511 531//511 530//511
f 6//512 7//512 531//512
f 532//513 8//513 533//513
f 8//514 534//514 533//514
f 9//515 535//515 534//515
f 10//516 11//516 535//516
f 536//517 12//517 537//517
f 537//518 1//518 526//518
f 538//519 555//519 539//519
f 555//520 540//520 539//520
f 556//521 541//521 540//521
f 557//522 542//522 541//522
f 558//523 559//523 542//523
f 559//524 544//524 543//524
f 560//525 545//525 544//525
f 545//526 561//526 546//526
f 562//527 547//527 546//527
f 547//528 564//528 548//528
f 564//529 549//529 548//529
f 549//530 566//530 550//530
f 566//531 551//531 550//531
f 567//532 568//532 551//532
f 552//533 569//533 553//533
f 569//534 538//534 553//534
f 554//535 571//535 555//535
f 571//536 572//536 555//536
f 556//537 573//537 557//537
f 557//538 574//538 558//538
f 574//539 559//539 558//539
f 559//540 576//540 560//540
f 560//541 577//541 561//541
f 577//542 562//542 561//542
f 562//543 579//543 563//543
f 579//544 564//544 563//544
f 580//545 565//545 564//545
f 565//546 582//546 566//546
f 582//547 567//547 566//547
f 583//548 568//548 567//548
f 568//549 585//549 569//549
f 585//550 554//550 569//550
f 586//551 571//551 570//551
f 587//552 572//552 571//552
f 588//553 573//553 572//553
f 589//554 590//554 573//554
f 574//555 591//555 575//555
f 591//556 576//556 575//556
f 592//557 577//557 576//557
f 593//558 578//558 577//558
f 578//559 595//559 579//559
f 595//560 580//560 579//560
f 596//561 581//561 580//561
f 581//562 598//562 582//562
f 598//563 599//563 582//563
f 583//564 600//564 584//564
f 584//565 601//565 585//565
f 601//566 570//566 585//566
f 602//567 587//567 586//567
f 603//568 604//568 587//568
f 604//569 589//569 588//569
f 589//570 606//570 590//570
f 606//571 591//571 590//571
f 607//572 608//572 591//572
f 592//573 609//573 593//573
f 609//574 594//574 593//574
f 594//575 611//575 595//575
f 595//576 612//576 596//576
f 612//577 597//577 596//577
f 597//578 614//578 598//578
f 614//579 599//579 598//579
f 599//580 616//580 600//580
f 600//581 616//581 601//581
f 601//582 602//582 586//582
f 602//583 619//583 603//583
f 603//584 620//584 604//584
f 620//585 621//585 604//585
f 605//586 622//586 606//586
f 622//587 607//587 606//587
f 607//588 624//588 608//588
f 608//589 625//589 609//589
f 625//590 610//590 609//590
f 610//591 627//591 611//591
f 627//592 612//592 611//592
f 612//593 629//593 613//593
f 629//594 614//594 613//594
f 630//595 615//595 614//595
f 631//596 616//596 615//596
f 616//597 633//597 617//597
f 633//598 618//598 617//598
f 634//599 619//599 618//599
f 635//600 620//600 619//600
f 620//601 637//601 621//601
f 637//602 622//602 621//602
f 638//603 623//603 622//603
f 639//604 624//604 623//604
f 624//605 641//605 625//605
f 625//606 642//606 626//606
f 642//607 627//607 626//607
f 643//608 628//608 627//608
f 644//609 629//609 628//609
f 645//610 646//610 629//610
f 646//611 631//611 630//611
f 647//612 648//612 631//612
f 632//613 649//613 633//613
f 649//614 618//614 633//614
f 650//615 635//615 634//615
f 651//616 636//616 635//616
f 652//617 637//617 636//617
f 653//618 638//618 637//618
f 638//619 654//619 639//619
f 655//620 640//620 639//620
f 656//621 641//621 640//621
f 657//622 642//622 641//622
f 658//623 643//623 642//623
f 643//624 660//624 644//624
f 644//625 661//625 645//625
f 661//626 646//626 645//626
f 662//627 647//627 646//627
f 663//628 648//628 647//628
f 664//629 649//629 648//629
f 665//630 634//630 649//630
f 666//631 652//631 651//631
f 667//632 653//632 652//632
f 668//633 654//633 653//633
f 669//634 655//634 654//634
f 655//635 671//635 656//635
f 671//636 657//636 656//636
f 672//637 658//637 657//637
f 673//638 659//638 658//638
f 674//639 660//639 659//639
f 660//640 676//640 661//640
f 661//641 677//641 662//641
f 662//642 677//642 663//642
f 678//643 664//643 663//643
f 679//644 680//644 664//644
f 667//645 682//645 668//645
f 682//646 669//646 668//646
f 669//647 684//647 670//647
f 670//648 684//648 671//648
f 671//649 686//649 672//649
f 686//650 673//650 672//650
f 687//651 674//651 673//651
f 688//652 675//652 674//652
f 689//653 676//653 675//653
f 690//654 677//654 676//654
f 691//655 678//655 677//655
f 694//656 683//656 682//656
f 695//657 684//657 683//657
f 696//658 685//658 684//658
f 697//659 686//659 685//659
f 698//660 687//660 686//660
f 687//661 700//661 688//661
f 688//662 701//662 689//662
f 701//663 702//663 689//663
f 702//664 691//664 690//664
f 703//665 692//665 691//665
f 694//666 705//666 695//666
f 705//667 696//667 695//667
f 706//668 697//668 696//668
f 707//669 698//669 697//669
f 708//670 699//670 698//670
f 709//671 700//671 699//671
f 700//672 711//672 701//672
f 701//673 712//673 702//673
f 702//674 713//674 703//674
f 713//675 704//675 703//675
f 705//676 716//676 706//676
f 706//677 716//677 707//677
f 707//678 718//678 708//678
f 718//679 709//679 708//679
f 709//680 720//680 710//680
f 720//681 711//681 710//681
f 721//682 712//682 711//682
f 712//683 723//683 713//683
f 723//684 714//684 713//684
f 715//685 727//685 716//685
f 716//686 728//686 717//686
f 728//687 718//687 717//687
f 729//688 719//688 718//688
f 730//689 720//689 719//689
f 731//690 721//690 720//690
f 732//691 722//691 721//691
f 733//692 734//692 722//692
f 723//693 734//693 724//693
f 737//694 727//694 726//694
f 727//695 738//695 728//695
f 728//696 740//696 729//696
f 729//697 741//697 730//697
f 730//698 742//698 731//698
f 742//699 732//699 731//699
f 743//700 733//700 732//700
f 733//701 745//701 734//701
f 734//702 745//702 735//702
f 736//703 747//703 737//703
f 748//704 738//704 737//704
f 738//705 750//705 739//705
f 750//706 740//706 739//706
f 751//707 741//707 740//707
f 752//708 742//708 741//708
f 742//709 754//709 743//709
f 743//710 755//710 744//710
f 755//711 745//711 744//711
f 756//712 757//712 745//712
f 758//713 748//713 747//713
f 748//714 760//714 749//714
f 749//715 760//715 750//715
f 761//716 751//716 750//716
f 762//717 752//717 751//717
f 763//718 764//718 752//718
f 753//719 765//719 754//719
f 754//720 766//720 755//720
f 766//721 756//721 755//721
f 756//722 768//722 757//722
f 769//723 759//723 758//723
f 770//724 760//724 748//724
f 771//725 761//725 760//725
f 772//726 762//726 761//726
f 773//727 763//727 762//727
f 763//728 775//728 764//728
f 775//729 765//729 764//729
f 765//730 777//730 766//730
f 777//731 767//731 766//731
f 778//732 768//732 767//732
f 781//733 782//733 769//733
f 782//734 771//734 770//734
f 771//735 784//735 772//735
f 772//736 784//736 773//736
f 785//737 774//737 773//737
f 774//738 787//738 775//738
f 787//739 788//739 775//739
f 788//740 777//740 776//740
f 789//741 790//741 777//741
f 790//742 779//742 778//742
f 794//743 781//743 780//743
f 781//744 796//744 782//744
f 796//745 783//745 782//745
f 797//746 784//746 783//746
f 798//747 785//747 784//747
f 799//748 786//748 785//748
f 786//749 801//749 787//749
f 787//750 802//750 788//750
f 788//751 803//751 789//751
f 803//752 790//752 789//752
f 804//753 791//753 790//753
f 791//754 806//754 792//754
f 809//755 810//755 793//755
f 810//756 795//756 794//756
f 811//757 796//757 795//757
f 812//758 797//758 796//758
f 813//759 798//759 797//759
f 814//760 799//760 798//760
f 815//761 800//761 799//761
f 816//762 801//762 800//762
f 817//763 802//763 801//763
f 818//764 819//764 802//764
f 819//765 804//765 803//765
f 820//766 805//766 804//766
f 821//767 806//767 805//767
f 822//768 807//768 806//768
f 824//769 809//769 808//769
f 825//770 810//770 809//770
f 810//771 827//771 811//771
f 811//772 828//772 812//772
f 828//773 813//773 812//773
f 813//774 829//774 814//774
f 814//775 831//775 815//775
f 815//776 831//776 816//776
f 832//777 817//777 816//777
f 817//778 834//778 818//778
f 818//779 835//779 819//779
f 819//780 836//780 820//780
f 820//781 837//781 821//781
f 837//782 822//782 821//782
f 838//783 823//783 822//783
f 839//784 808//784 823//784
f 840//785 841//785 824//785
f 841//786 826//786 825//786
f 842//787 827//787 826//787
f 843//788 828//788 827//788
f 844//789 829//789 828//789
f 845//790 830//790 829//790
f 846//791 831//791 830//791
f 847//792 832//792 831//792
f 848//793 849//793 832//793
f 833//794 850//794 834//794
f 834//795 851//795 835//795
f 851//796 836//796 835//796
f 836//797 853//797 837//797
f 837//798 854//798 838//798
f 838//799 854//799 839//799
f 855//800 824//800 839//800
f 840//801 857//801 841//801
f 857//802 842//802 841//802
f 858//803 859//803 842//803
f 859//804 844//804 843//804
f 844//805 861//805 845//805
f 861//806 846//806 845//806
f 846//807 862//807 847//807
f 863//808 848//808 847//808
f 864//809 849//809 848//809
f 865//810 850//810 849//810
f 866//811 867//811 850//811
f 851//812 868//812 852//812
f 868//813 853//813 852//813
f 869//814 854//814 853//814
f 870//815 855//815 854//815
f 871//816 840//816 855//816
f 872//817 857//817 856//817
f 873//818 858//818 857//818
f 858//819 875//819 859//819
f 875//820 860//820 859//820
f 860//821 877//821 861//821
f 877//822 862//822 861//822
f 862//823 879//823 863//823
f 879//824 864//824 863//824
f 864//825 881//825 865//825
f 865//826 882//826 866//826
f 882//827 867//827 866//827
f 883//828 884//828 867//828
f 884//829 869//829 868//829
f 885//830 886//830 869//830
f 870//831 887//831 871//831
f 887//832 872//832 871//832
f 888//833 873//833 872//833
f 889//834 874//834 873//834
f 890//835 875//835 874//835
f 875//836 891//836 876//836
f 892//837 877//837 876//837
f 893//838 878//838 877//838
f 878//839 895//839 879//839
f 879//840 896//840 880//840
f 896//841 881//841 880//841
f 897//842 898//842 881//842
f 898//843 883//843 882//843
f 883//844 900//844 884//844
f 900//845 885//845 884//845
f 885//846 902//846 886//846
f 902//847 887//847 886//847
f 887//848 888//848 872//848
f 888//849 905//849 889//849
f 889//850 905//850 890//850
f 906//851 891//851 890//851
f 891//852 908//852 892//852
f 908//853 893//853 892//853
f 909//854 894//854 893//854
f 910//855 895//855 894//855
f 911//856 896//856 895//856
f 896//857 913//857 897//857
f 913//858 898//858 897//858
f 898//859 915//859 899//859
f 899//860 916//860 900//860
f 916//861 901//861 900//861
f 917//862 902//862 901//862
f 902//863 919//863 903//863
f 919//864 888//864 903//864
f 904//865 921//865 905//865
f 921//866 906//866 905//866
f 906//867 923//867 907//867
f 907//868 923//868 908//868
f 924//869 909//869 908//869
f 909//870 926//870 910//870
f 926//871 911//871 910//871
f 911//872 928//872 912//872
f 928//873 913//873 912//873
f 929//874 914//874 913//874
f 930//875 915//875 914//875
f 931//876 932//876 915//876
f 932//877 917//877 916//877
f 933//878 918//878 917//878
f 934//879 919//879 918//879
f 919//880 935//880 904//880
f 920//881 937//881 921//881
f 937//882 938//882 921//882
f 938//883 923//883 922//883
f 939//884 924//884 923//884
f 940//885 925//885 924//885
f 941//886 926//886 925//886
f 942//887 927//887 926//887
f 927//888 944//888 928//888
f 944//889 929//889 928//889
f 929//890 946//890 930//890
f 930//891 947//891 931//891
f 931//892 948//892 932//892
f 932//893 949//893 933//893
f 933//894 950//894 934//894
f 950//895 935//895 934//895
f 951//896 920//896 935//896
f 936//897 953//897 937//897
f 937//898 954//898 938//898
f 954//899 939//899 938//899
f 955//900 940//900 939//900
f 940//901 956//901 941//901
f 957//902 942//902 941//902
f 958//903 943//903 942//903
f 959//904 944//904 943//904
f 960//905 945//905 944//905
f 961//906 946//906 945//906
f 962//907 947//907 946//907
f 963//908 948//908 947//908
f 964//909 965//909 948//909
f 949//910 966//910 950//910
f 966//911 951//911 950//911
f 967//912 936//912 951//912
f 968//913 953//913 952//913
f 953//914 970//914 954//914
f 970//915 955//915 954//915
f 971//916 956//916 955//916
f 956//917 973//917 957//917
f 957//918 974//918 958//918
f 974//919 959//919 958//919
f 975//920 960//920 959//920
f 960//921 977//921 961//921
f 977//922 962//922 961//922
f 978//923 979//923 962//923
f 979//924 964//924 963//924
f 964//925 981//925 965//925
f 965//926 982//926 966//926
f 982//927 983//927 966//927
f 983//928 952//928 967//928
f 984//929 969//929 968//929
f 969//930 986//930 970//930
f 970//931 986//931 971//931
f 987//932 972//932 971//932
f 972//933 988//933 973//933
f 989//934 974//934 973//934
f 990//935 975//935 974//935
f 991//936 976//936 975//936
f 976//937 993//937 977//937
f 993//938 978//938 977//938
f 994//939 979//939 978//939
f 995//940 980//940 979//940
f 996//941 997//941 980//941
f 981//942 998//942 982//942
f 998//943 983//943 982//943
f 983//944 984//944 968//944
f 1000//945 985//945 984//945
f 1001//946 986//946 985//946
f 1002//947 987//947 986//947
f 1003//948 988//948 987//948
f 1004//949 989//949 988//949
f 989//950 1006//950 990//950
f 990//951 1007//951 991//951
f 1007//952 992//952 991//952
f 1008//953 993//953 992//953
f 1009//954 994//954 993//954
f 1010//955 995//955 994//955
f 1011//956 996//956 995//956
f 1012//957 997//957 996//957
f 997//958 1014//958 998//958
f 1014//959 1015//959 998//959
f 999//960 1000//960 984//960
f 1000//961 1016//961 1001//961
f 1001//962 1018//962 1002//962
f 1002//963 1019//963 1003//963
f 1003//964 1020//964 1004//964
f 1020//965 1021//965 1004//965
f 1021//966 1006//966 1005//966
f 1006//967 1023//967 1007//967
f 1007//968 1024//968 1008//968
f 1024//969 1009//969 1008//969
f 1025//970 1010//970 1009//970
f 1010//971 1027//971 1011//971
f 1011//972 1028//972 1012//972
f 1028//973 1013//973 1012//973
f 1029//974 1014//974 1013//974
f 1030//975 1015//975 1014//975
f 1031//976 1000//976 1015//976
f 1032//977 1017//977 1016//977
f 1033//978 1018//978 1017//978
f 1034//979 1035//979 1018//979
f 1019//980 1036//980 1020//980
f 1020//981 1037//981 1021//981
f 1021//982 1038//982 1022//982
f 1038//983 1023//983 1022//983
f 1039//984 1024//984 1023//984
f 1040//985 1025//985 1024//985
f 1025//986 1042//986 1026//986
f 1042//987 1027//987 1026//987
f 1043//988 1028//988 1027//988
f 1028//989 1044//989 1029//989
f 1045//990 1030//990 1029//990
f 1030//991 1046//991 1031//991
f 1031//992 1032//992 1016//992
f 1032//993 1049//993 1033//993
f 1049//994 1034//994 1033//994
f 1050//995 1035//995 1034//995
f 1035//996 1052//996 1036//996
f 1052//997 1037//997 1036//997
f 1037//998 1054//998 1038//998
f 1038//999 1055//999 1039//999
f 1055//1000 1040//1000 1039//1000
f 1056//1001 1041//1001 1040//1001
f 1057//1002 1042//1002 1041//1002
f 1042//1003 1059//1003 1043//1003
f 1059//1004 1044//1004 1043//1004
f 1060//1005 1045//1005 1044//1005
f 1061//1006 1046//1006 1045//1006
f 1062//1007 1047//1007 1046//1007
f 1063//1008 1032//1008 1047//1008
f 1064//1009 1049//1009 1048//1009
f 1049//1010 1065//1010 1050//1010
f 1050//1011 1067//1011 1051//1011
f 1067//1012 1068//1012 1051//1012
f 1068//1013 1053//1013 1052//1013
f 1069//1014 1054//1014 1053//1014
f 1070//1015 1055//1015 1054//1015
f 1071//1016 1056//1016 1055//1016
f 1072//1017 1057//1017 1056//1017
f 1057//1018 1074//1018 1058//1018
f 1074//1019 1059//1019 1058//1019
f 1075//1020 1060//1020 1059//1020
f 1060//1021 1076//1021 1061//1021
f 1077//1022 1062//1022 1061//1022
f 1078//1023 1063//1023 1062//1023
f 1079//1024 1048//1024 1063//1024
f 1080//1025 1065//1025 1064//1025
f 1081//1026 1066//1026 1065//1026
f 1082//1027 1067//1027 1066//1027
f 1083//1028 1068//1028 1067//1028
f 1084//1029 1069//1029 1068//1029
f 1085//1030 1070//1030 1069//1030
f 1086//1031 1071//1031 1070//1031
f 1087//1032 1072//1032 1071//1032
f 1088//1033 1073//1033 1072//1033
f 1089//1034 1074//1034 1073//1034
f 1074//1035 1091//1035 1075//1035
f 1075//1036 1092//1036 1076//1036
f 1076//1037 1093//1037 1077//1037
f 1077//1038 1094//1038 1078//1038
f 1078//1039 1094//1039 1079//1039
f 1095//1040 1064//1040 1079//1040
f 1080//1041 1097//1041 1081//1041
f 1097//1042 1098//1042 1081//1042
f 1082//1043 1099//1043 1083//1043
f 1083//1044 1100//1044 1084//1044
f 1084//1045 1101//1045 1085//1045
f 1085//1046 1102//1046 1086//1046
f 1102//1047 1087//1047 1086//1047
f 1103//1048 1088//1048 1087//1048
f 1104//1049 1089//1049 1088//1049
f 1089//1050 1106//1050 1090//1050
f 1106//1051 1091//1051 1090//1051
f 1107//1052 1092//1052 1091//1052
f 1108//1053 1093//1053 1092//1053
f 1109//1054 1094//1054 1093//1054
f 1110//1055 1095//1055 1094//1055
f 1111//1056 1080//1056 1095//1056
f 1096//1057 1113//1057 1097//1057
f 1097//1058 1114//1058 1098//1058
f 1098//1059 1115//1059 1099//1059
f 1099//1060 1115//1060 1100//1060
f 1100//1061 1117//1061 1101//1061
f 1101//1062 1118//1062 1102//1062
f 1102//1063 1118//1063 1103//1063
f 1119//1064 1104//1064 1103//1064
f 1104//1065 1121//1065 1105//1065
f 1121//1066 1106//1066 1105//1066
f 1122//1067 1107//1067 1106//1067
f 1123//1068 1108//1068 1107//1068
f 1124//1069 1109//1069 1108//1069
f 1125//1070 1110//1070 1109//1070
f 1110//1071 1127//1071 1111//1071
f 1127//1072 1096//1072 1111//1072
f 1128//1073 1129//1073 1112//1073
f 1129//1074 1114//1074 1113//1074
f 1130//1075 1115//1075 1114//1075
f 1131//1076 1116//1076 1115//1076
f 1132//1077 1117//1077 1116//1077
f 1133//1078 1118//1078 1117//1078
f 1118//1079 1135//1079 1119//1079
f 1135//1080 1120//1080 1119//1080
f 1120//1081 1137//1081 1121//1081
f 1137//1082 1122//1082 1121//1082
f 1138//1083 1123//1083 1122//1083
f 1123//1084 1140//1084 1124//1084
f 1124//1085 1141//1085 1125//1085
f 1125//1086 1142//1086 1126//1086
f 1126//1087 1142//1087 1127//1087
f 1143//1088 1112//1088 1127//1088
f 1144//1089 1129//1089 1128//1089
f 1129//1090 1146//1090 1130//1090
f 1130//1091 1147//1091 1131//1091
f 1131//1092 1147//1092 1132//1092
f 1132//1093 1149//1093 1133//1093
f 1149//1094 1134//1094 1133//1094
f 1150//1095 1135//1095 1134//1095
f 1151//1096 1136//1096 1135//1096
f 1152//1097 1137//1097 1136//1097
f 1137//1098 1153//1098 1138//1098
f 1138//1099 1155//1099 1139//1099
f 1155//1100 1140//1100 1139//1100
f 1156//1101 1141//1101 1140//1101
f 1157//1102 1142//1102 1141//1102
f 1158//1103 1143//1103 1142//1103
f 1159//1104 1128//1104 1143//1104
f 1160//1105 1145//1105 1144//1105
f 1161//1106 1146//1106 1145//1106
f 1162//1107 1147//1107 1146//1107
f 1163//1108 1148//1108 1147//1108
f 1148//1109 1165//1109 1149//1109
f 1149//1110 1166//1110 1150//1110
f 1166//1111 1151//1111 1150//1111
f 1151//1112 1168//1112 1152//1112
f 1168//1113 1153//1113 1152//1113
f 1153//1114 1170//1114 1154//1114
f 1170//1115 1155//1115 1154//1115
f 1155//1116 1172//1116 1156//1116
f 1156//1117 1173//1117 1157//1117
f 1157//1118 1174//1118 1158//1118
f 1174//1119 1175//1119 1158//1119
f 1159//1120 1160//1120 1144//1120
f 1176//1121 1161//1121 1160//1121
f 1177//1122 1162//1122 1161//1122
f 1178//1123 1163//1123 1162//1123
f 1163//1124 1179//1124 1164//1124
f 1180//1125 1165//1125 1164//1125
f 1181//1126 1166//1126 1165//1126
f 1182//1127 1167//1127 1166//1127
f 1167//1128 1184//1128 1168//1128
f 1184//1129 1169//1129 1168//1129
f 1169//1130 1186//1130 1170//1130
f 1170//1131 1187//1131 1171//1131
f 1171//1132 1188//1132 1172//1132
f 1188//1133 1173//1133 1172//1133
f 1173//1134 1190//1134 1174//1134
f 1174//1135 1191//1135 1175//1135
f 1191//1136 1176//1136 1175//1136
f 1192//1137 1177//1137 1176//1137
f 1193//1138 1178//1138 1177//1138
f 1178//1139 1195//1139 1179//1139
f 1195//1140 1180//1140 1179//1140
f 1180//1141 1197//1141 1181//1141
f 1181//1142 1198//1142 1182//1142
f 1198//1143 1183//1143 1182//1143
f 1199//1144 1184//1144 1183//1144
f 1200//1145 1185//1145 1184//1145
f 1201//1146 1186//1146 1185//1146
f 1202//1147 1187//1147 1186//1147
f 1187//1148 1204//1148 1188//1148
f 1188//1149 1205//1149 1189//1149
f 1205//1150 1206//1150 1189//1150
f 1206//1151 1191//1151 1190//1151
f 1191//1152 1192//1152 1176//1152
f 1192//1153 1209//1153 1193//1153
f 1193//1154 1209//1154 1194//1154
f 1210//1155 1195//1155 1194//1155
f 1195//1156 1211//1156 1196//1156
f 1212//1157 1197//1157 1196//1157
f 1197//1158 1214//1158 1198//1158
f 1214//1159 1199//1159 1198//1159
f 1199//1160 1216//1160 1200//1160
f 1216//1161 1201//1161 1200//1161
f 1217//1162 1202//1162 1201//1162
f 1218//1163 1203//1163 1202//1163
f 1219//1164 1220//1164 1203//1164
f 1220//1165 1205//1165 1204//1165
f 1205//1166 1222//1166 1206//1166
f 1222//1167 1223//1167 1206//1167
f 1223//1168 1192//1168 1207//1168
f 1224//1169 1209//1169 1208//1169
f 1209//1170 1226//1170 1210//1170
f 1226//1171 1211//1171 1210//1171
f 1211//1172 1228//1172 1212//1172
f 1228//1173 1213//1173 1212//1173
f 1229//1174 1214//1174 1213//1174
f 1230//1175 1215//1175 1214//1175
f 1231//1176 1216//1176 1215//1176
f 1232//1177 1217//1177 1216//1177
f 1233//1178 1218//1178 1217//1178
f 1218//1179 1235//1179 1219//1179
f 1219//1180 1236//1180 1220//1180
f 1220//1181 1237//1181 1221//1181
f 1221//1182 1238//1182 1222//1182
f 1238//1183 1223//1183 1222//1183
f 1223//1184 1224//1184 1208//1184
f 1224//1185 1240//1185 1225//1185
f 1241//1186 1226//1186 1225//1186
f 1226//1187 1243//1187 1227//1187
f 1227//1188 1243//1188 1228//1188
f 1228//1189 1245//1189 1229//1189
f 1245//1190 1230//1190 1229//1190
f 1246//1191 1231//1191 1230//1191
f 1247//1192 1232//1192 1231//1192
f 1248//1193 1233//1193 1232//1193
f 1233//1194 1249//1194 1234//1194
f 1250//1195 1235//1195 1234//1195
f 1235//1196 1252//1196 1236//1196
f 1252//1197 1237//1197 1236//1197
f 1253//1198 1238//1198 1237//1198
f 1238//1199 1255//1199 1239//1199
f 1255//1200 1224//1200 1239//1200
f 1256//1201 1241//1201 1240//1201
f 1241//1202 1258//1202 1242//1202
f 1258//1203 1243//1203 1242//1203
f 1259//1204 1244//1204 1243//1204
f 1260//1205 1245//1205 1244//1205
f 1245//1206 1262//1206 1246//1206
f 1262//1207 1247//1207 1246//1207
f 1247//1208 1264//1208 1248//1208
f 1264//1209 1249//1209 1248//1209
f 1265//1210 1250//1210 1249//1210
f 1266//1211 1251//1211 1250//1211
f 1251//1212 1268//1212 1252//1212
f 1268//1213 1269//1213 1252//1213
f 1253//1214 1270//1214 1254//1214
f 1270//1215 1271//1215 1254//1215
f 1271//1216 1240//1216 1255//1216
f 1272//1217 1257//1217 1256//1217
f 1257//1218 1274//1218 1258//1218
f 1274//1219 1259//1219 1258//1219
f 1275//1220 1260//1220 1259//1220
f 1260//1221 1277//1221 1261//1221
f 1277//1222 1262//1222 1261//1222
f 1278//1223 1263//1223 1262//1223
f 1263//1224 1280//1224 1264//1224
f 1264//1225 1280//1225 1265//1225
f 1281//1226 1266//1226 1265//1226
f 1282//1227 1267//1227 1266//1227
f 1283//1228 1268//1228 1267//1228
f 1268//1229 1285//1229 1269//1229
f 1269//1230 1286//1230 1270//1230
f 1286//1231 1271//1231 1270//1231
f 1271//1232 1272//1232 1256//1232
f 1288//1233 1273//1233 1272//1233
f 1273//1234 1290//1234 1274//1234
f 1274//1235 1290//1235 1275//1235
f 1275//1236 1292//1236 1276//1236
f 1292//1237 1277//1237 1276//1237
f 1293//1238 1278//1238 1277//1238
f 1294//1239 1279//1239 1278//1239
f 1279//1240 1296//1240 1280//1240
f 1296//1241 1281//1241 1280//1241
f 1281//1242 1298//1242 1282//1242
f 1298//1243 1283//1243 1282//1243
f 1283//1244 1300//1244 1284//1244
f 1300//1245 1285//1245 1284//1245
f 1301//1246 1286//1246 1285//1246
f 1286//1247 1303//1247 1287//1247
f 1287//1248 1288//1248 1272//1248
f 1288//1249 1304//1249 1289//1249
f 1289//1250 1306//1250 1290//1250
f 1306//1251 1291//1251 1290//1251
f 1307//1252 1292//1252 1291//1252
f 1308//1253 1293//1253 1292//1253
f 1293//1254 1310//1254 1294//1254
f 1310//1255 1295//1255 1294//1255
f 1311//1256 1296//1256 1295//1256
f 1312//1257 1297//1257 1296//1257
f 1313//1258 1298//1258 1297//1258
f 1314//1259 1299//1259 1298//1259
f 1299//1260 1316//1260 1300//1260
f 1300//1261 1317//1261 1301//1261
f 1301//1262 1318//1262 1302//1262
f 1318//1263 1303//1263 1302//1263
f 1319//1264 1288//1264 1303//1264
f 1320//1265 1305//1265 1304//1265
f 1305//1266 1322//1266 1306//1266
f 1306//1267 1323//1267 1307//1267
f 1323//1268 1308//1268 1307//1268
f 1308//1269 1325//1269 1309//1269
f 1309//1270 1326//1270 1310//1270
f 1310//1271 1326//1271 1311//1271
f 1327//1272 1312//1272 1311//1272
f 1312//1273 1329//1273 1313//1273
f 1329//1274 1314//1274 1313//1274
f 1330//1275 1315//1275 1314//1275
f 1315//1276 1332//1276 1316//1276
f 1332//1277 1333//1277 1316//1277
f 1333//1278 1318//1278 1317//1278
f 1334//1279 1319//1279 1318//1279
f 1335//1280 1304//1280 1319//1280
f 1336//1281 1321//1281 1320//1281
f 1321//1282 1338//1282 1322//1282
f 1338//1283 1323//1283 1322//1283
f 1323//1284 1339//1284 1324//1284
f 1324//1285 1341//1285 1325//1285
f 1341//1286 1326//1286 1325//1286
f 1326//1287 1343//1287 1327//1287
f 1343//1288 1328//1288 1327//1288
f 1344//1289 1329//1289 1328//1289
f 1345//1290 1330//1290 1329//1290
f 1346//1291 1347//1291 1330//1291
f 1347//1292 1332//1292 1331//1292
f 1332//1293 1349//1293 1333//1293
f 1333//1294 1350//1294 1334//1294
f 1350//1295 1351//1295 1334//1295
f 1351//1296 1320//1296 1335//1296
f 538//1297 1337//1297 1336//1297
f 1337//1298 540//1298 1338//1298
f 540//1299 1339//1299 1338//1299
f 1339//1300 542//1300 1340//1300
f 1340//1301 543//1301 1341//1301
f 543//1302 1342//1302 1341//1302
f 544//1303 1343//1303 1342//1303
f 545//1304 1344//1304 1343//1304
f 1344//1305 547//1305 1345//1305
f 547//1306 1346//1306 1345//1306
f 1346//1307 549//1307 1347//1307
f 549//1308 1348//1308 1347//1308
f 550//1309 1349//1309 1348//1309
f 1349//1310 552//1310 1350//1310
f 552//1311 1351//1311 1350//1311
f 553//1312 1336//1312 1351//1312
f 693//1313 454//1313 465//1313
f 692//1314 704//1314 693//1314
f 724//1315 437//1315 714//1315
f 13//1316 14//1316 2//1316
f 2//1317 14//1317 15//1317
f 3//1318 16//1318 4//1318
f 16//1319 17//1319 5//1319
f 17//1320 18//1320 6//1320
f 6//1321 18//1321 19//1321
f 19//1322 20//1322 8//1322
f 20//1323 21//1323 9//1323
f 21//1324 22//1324 10//1324
f 22//1325 23//1325 11//1325
f 23//1326 24//1326 12//1326
f 24//1327 13//1327 1//1327
f 13//1328 26//1328 14//1328
f 26//1329 27//1329 15//1329
f 27//1330 28//1330 16//1330
f 28//1331 29//1331 17//1331
f 17//1332 29//1332 30//1332
f 30//1333 31//1333 19//1333
f 19//1334 32//1334 20//1334
f 32//1335 33//1335 21//1335
f 21//1336 33//1336 34//1336
f 22//1337 34//1337 35//1337
f 24//1338 35//1338 36//1338
f 36//1339 25//1339 13//1339
f 25//1340 37//1340 38//1340
f 38//1341 39//1341 27//1341
f 39//1342 40//1342 28//1342
f 28//1343 40//1343 41//1343
f 29//1344 41//1344 42//1344
f 30//1345 42//1345 43//1345
f 43//1346 44//1346 32//1346
f 44//1347 45//1347 33//1347
f 33//1348 45//1348 46//1348
f 34//1349 46//1349 47//1349
f 35//1350 47//1350 48//1350
f 48//1351 37//1351 25//1351
f 38//1352 49//1352 50//1352
f 38//1353 50//1353 51//1353
f 39//1354 51//1354 52//1354
f 52//1355 53//1355 41//1355
f 42//1356 53//1356 54//1356
f 54//1357 55//1357 43//1357
f 55//1358 56//1358 44//1358
f 44//1359 57//1359 45//1359
f 45//1360 57//1360 58//1360
f 58//1361 59//1361 47//1361
f 59//1362 60//1362 48//1362
f 60//1363 49//1363 37//1363
f 61//1364 62//1364 50//1364
f 50//1365 62//1365 63//1365
f 63//1366 64//1366 52//1366
f 64//1367 65//1367 53//1367
f 53//1368 65//1368 66//1368
f 54//1369 67//1369 55//1369
f 67//1370 68//1370 56//1370
f 68//1371 69//1371 57//1371
f 69//1372 70//1372 58//1372
f 58//1373 71//1373 59//1373
f 71//1374 72//1374 60//1374
f 60//1375 72//1375 61//1375
f 73//1376 74//1376 62//1376
f 62//1377 75//1377 63//1377
f 75//1378 76//1378 64//1378
f 64//1379 77//1379 65//1379
f 77//1380 78//1380 66//1380
f 78//1381 79//1381 67//1381
f 67//1382 79//1382 80//1382
f 80//1383 81//1383 69//1383
f 81//1384 82//1384 70//1384
f 82//1385 83//1385 71//1385
f 71//1386 83//1386 84//1386
f 84//1387 73//1387 61//1387
f 85//1388 86//1388 74//1388
f 74//1389 86//1389 87//1389
f 87//1390 88//1390 76//1390
f 88//1391 89//1391 77//1391
f 77//1392 89//1392 90//1392
f 90//1393 91//1393 79//1393
f 91//1394 92//1394 80//1394
f 92//1395 93//1395 81//1395
f 81//1396 93//1396 94//1396
f 82//1397 94//1397 95//1397
f 95//1398 96//1398 84//1398
f 96//1399 85//1399 73//1399
f 85//1400 98//1400 86//1400
f 86//1401 98//1401 99//1401
f 87//1402 99//1402 100//1402
f 100//1403 101//1403 89//1403
f 89//1404 101//1404 102//1404
f 102//1405 103//1405 91//1405
f 91//1406 104//1406 92//1406
f 104//1407 105//1407 93//1407
f 93//1408 106//1408 94//1408
f 106//1409 107//1409 95//1409
f 107//1410 108//1410 96//1410
f 108//1411 97//1411 85//1411
f 97//1412 109//1412 110//1412
f 110//1413 111//1413 99//1413
f 111//1414 112//1414 100//1414
f 112//1415 113//1415 101//1415
f 113//1416 114//1416 102//1416
f 114//1417 115//1417 103//1417
f 115//1418 116//1418 104//1418
f 116//1419 117//1419 105//1419
f 105//1420 117//1420 118//1420
f 106//1421 118//1421 119//1421
f 119//1422 120//1422 108//1422
f 120//1423 109//1423 97//1423
f 121//1424 122//1424 110//1424
f 122//1425 123//1425 111//1425
f 111//1426 124//1426 112//1426
f 124//112 125//112 113//112
f 113//113 125//113 126//113
f 126//114 127//114 115//114
f 127//115 128//115 116//115
f 128//116 129//116 117//116
f 129//117 130//117 118//117
f 130//1427 131//1427 119//1427
f 131//1428 132//1428 120//1428
f 120//1429 121//1429 109//1429
f 133//121 134//121 122//121
f 134//122 135//122 123//122
f 123//123 135//123 136//123
f 136//124 137//124 125//124
f 137//125 138//125 126//125
f 126//126 139//126 127//126
f 127//127 139//127 140//127
f 128//128 141//128 129//128
f 129//129 141//129 142//129
f 142//130 143//130 131//130
f 143//131 144//131 132//131
f 144//132 133//132 121//132
f 145//133 146//133 134//133
f 146//1430 147//1430 135//1430
f 147//135 148//135 136//135
f 136//136 148//136 149//136
f 137//137 149//137 150//137
f 150//138 151//138 139//138
f 151//139 152//139 140//139
f 152//140 153//140 141//140
f 153//141 154//141 142//141
f 154//142 155//142 143//142
f 155//1431 156//1431 144//1431
f 144//144 156//144 145//144
f 157//145 158//145 146//145
f 158//1432 159//1432 147//1432
f 147//147 160//147 148//147
f 160//148 161//148 149//148
f 161//149 162//149 150//149
f 162//150 163//150 151//150
f 152//151 163//151 164//151
f 164//152 165//152 153//152
f 153//153 165//153 166//153
f 155//154 166//154 167//154
f 155//1433 167//1433 168//1433
f 156//156 168//156 157//156
f 157//157 170//157 158//157
f 158//158 170//158 171//158
f 159//159 171//159 172//159
f 172//160 173//160 161//160
f 161//161 174//161 162//161
f 174//162 175//162 163//162
f 175//163 176//163 164//163
f 176//164 177//164 165//164
f 165//165 178//165 166//165
f 178//166 179//166 167//166
f 179//167 180//167 168//167
f 180//168 169//168 157//168
f 181//1434 182//1434 170//1434
f 182//1435 183//1435 171//1435
f 183//1436 184//1436 172//1436
f 172//172 184//172 185//172
f 185//173 186//173 174//173
f 186//174 187//174 175//174
f 187//175 188//175 176//175
f 188//1437 189//1437 177//1437
f 177//177 189//177 190//177
f 178//1438 191//1438 179//1438
f 179//1439 191//1439 192//1439
f 192//1440 181//1440 169//1440
f 193//1441 194//1441 182//1441
f 182//1442 194//1442 195//1442
f 195//1443 196//1443 184//1443
f 196//1444 197//1444 185//1444
f 197//1445 198//1445 186//1445
f 198//186 199//186 187//186
f 187//187 200//187 188//187
f 200//1446 201//1446 189//1446
f 201//1447 202//1447 190//1447
f 202//1448 203//1448 191//1448
f 203//1449 204//1449 192//1449
f 192//1450 193//1450 181//1450
f 205//1451 206//1451 194//1451
f 206//1452 207//1452 195//1452
f 207//1453 208//1453 196//1453
f 208//1454 209//1454 197//1454
f 209//1455 210//1455 198//1455
f 198//1456 210//1456 211//1456
f 211//1457 212//1457 200//1457
f 200//1458 212//1458 213//1458
f 201//1459 213//1459 214//1459
f 202//1460 214//1460 215//1460
f 203//1461 215//1461 216//1461
f 216//1462 205//1462 193//1462
f 217//1463 218//1463 206//1463
f 218//1464 219//1464 207//1464
f 207//1465 219//1465 220//1465
f 220//1466 221//1466 209//1466
f 221//1467 222//1467 210//1467
f 210//1468 223//1468 211//1468
f 223//1469 224//1469 212//1469
f 212//1470 224//1470 225//1470
f 225//1471 226//1471 214//1471
f 226//1472 227//1472 215//1472
f 227//1473 228//1473 216//1473
f 228//1474 217//1474 205//1474
f 217//1475 230//1475 218//1475
f 230//1476 231//1476 219//1476
f 231//1477 232//1477 220//1477
f 221//1478 232//1478 233//1478
f 233//1479 234//1479 222//1479
f 234//1480 235//1480 223//1480
f 235//1481 236//1481 224//1481
f 224//1482 236//1482 237//1482
f 225//1483 238//1483 226//1483
f 238//1484 239//1484 227//1484
f 228//1485 239//1485 240//1485
f 240//1486 229//1486 217//1486
f 229//1487 241//1487 242//1487
f 242//1488 243//1488 231//1488
f 231//1489 243//1489 244//1489
f 244//1490 245//1490 233//1490
f 245//1491 246//1491 234//1491
f 246//1492 247//1492 235//1492
f 235//1493 248//1493 236//1493
f 248//1494 249//1494 237//1494
f 237//1495 249//1495 250//1495
f 238//1496 251//1496 239//1496
f 251//1497 252//1497 240//1497
f 252//1498 241//1498 229//1498
f 241//1499 254//1499 242//1499
f 254//1500 255//1500 243//1500
f 243//1501 256//1501 244//1501
f 244//1502 256//1502 257//1502
f 245//1503 258//1503 246//1503
f 258//1504 259//1504 247//1504
f 247//1505 259//1505 260//1505
f 260//1506 261//1506 249//1506
f 261//1507 262//1507 250//1507
f 262//1508 263//1508 251//1508
f 251//1509 263//1509 264//1509
f 264//1510 253//1510 241//1510
f 253//1511 265//1511 266//1511
f 266//1512 267//1512 255//1512
f 267//1513 268//1513 256//1513
f 256//1514 268//1514 269//1514
f 269//1515 270//1515 258//1515
f 258//1516 271//1516 259//1516
f 271//1517 272//1517 260//1517
f 272//1518 273//1518 261//1518
f 273//1519 274//1519 262//1519
f 263//1520 274//1520 275//1520
f 275//1521 276//1521 264//1521
f 276//1522 265//1522 253//1522
f 277//1523 278//1523 266//1523
f 278//1524 279//1524 267//1524
f 279//1525 280//1525 268//1525
f 268//1526 281//1526 269//1526
f 281//1527 282//1527 270//1527
f 282//1528 283//1528 271//1528
f 283//1529 284//1529 272//1529
f 272//1530 284//1530 285//1530
f 274//1531 285//1531 286//1531
f 274//1532 286//1532 287//1532
f 275//1533 287//1533 288//1533
f 276//1534 288//1534 277//1534
f 278//1535 289//1535 290//1535
f 290//1536 291//1536 279//1536
f 291//1537 292//1537 280//1537
f 292//1538 293//1538 281//1538
f 293//1539 294//1539 282//1539
f 294//1540 295//1540 283//1540
f 295//1541 296//1541 284//1541
f 284//1542 296//1542 297//1542
f 297//1543 298//1543 286//1543
f 298//1544 299//1544 287//1544
f 299//1545 300//1545 288//1545
f 300//1546 289//1546 277//1546
f 301//289 302//289 290//289
f 290//1547 303//1547 291//1547
f 303//1548 304//1548 292//1548
f 292//1549 305//1549 293//1549
f 305//1550 306//1550 294//1550
f 294//1551 307//1551 295//1551
f 295//1552 307//1552 308//1552
f 296//1553 309//1553 297//1553
f 297//1554 309//1554 310//1554
f 298//1555 310//1555 311//1555
f 300//1556 311//1556 312//1556
f 300//300 312//300 301//300
f 301//301 313//301 314//301
f 302//1557 314//1557 315//1557
f 303//303 315//303 316//303
f 304//1558 316//1558 317//1558
f 305//1559 317//1559 318//1559
f 318//1560 319//1560 307//1560
f 319//1561 320//1561 308//1561
f 320//1562 321//1562 309//1562
f 321//1563 322//1563 310//1563
f 322//310 323//310 311//310
f 323//1564 324//1564 312//1564
f 312//312 324//312 313//312
f 325//313 326//313 314//313
f 326//1565 327//1565 315//1565
f 316//315 327//315 328//315
f 328//316 329//316 317//316
f 317//1566 330//1566 318//1566
f 330//1567 331//1567 319//1567
f 331//1568 332//1568 320//1568
f 320//1569 332//1569 333//1569
f 333//321 334//321 322//321
f 322//322 335//322 323//322
f 323//323 335//323 336//323
f 313//324 336//324 325//324
f 325//325 338//325 326//325
f 338//326 339//326 327//326
f 339//327 340//327 328//327
f 340//328 341//328 329//328
f 341//329 342//329 330//329
f 330//1570 342//1570 343//1570
f 343//1571 344//1571 332//1571
f 332//1572 345//1572 333//1572
f 345//333 346//333 334//333
f 334//334 346//334 347//334
f 335//335 347//335 348//335
f 348//336 337//336 325//336
f 349//1573 350//1573 338//1573
f 350//1574 351//1574 339//1574
f 351//339 352//339 340//339
f 340//340 352//340 353//340
f 353//1575 354//1575 342//1575
f 342//342 355//342 343//342
f 355//343 356//343 344//343
f 344//1576 356//1576 357//1576
f 357//345 358//345 346//345
f 358//346 359//346 347//346
f 347//1577 359//1577 360//1577
f 360//1578 349//1578 337//1578
f 361//1579 362//1579 350//1579
f 350//1580 362//1580 363//1580
f 363//1581 364//1581 352//1581
f 352//352 365//352 353//352
f 365//1582 366//1582 354//1582
f 366//354 367//354 355//354
f 367//355 368//355 356//355
f 368//1583 369//1583 357//1583
f 358//357 369//357 370//357
f 370//1584 371//1584 359//1584
f 371//1585 372//1585 360//1585
f 372//1586 361//1586 349//1586
f 736//1587 410//1587 403//1587
f 432//1588 425//1588 424//1588
f 375//1589 376//1589 364//1589
f 364//1590 376//1590 377//1590
f 365//365 378//365 366//365
f 378//366 379//366 367//366
f 367//367 380//367 368//367
f 380//368 381//368 369//368
f 381//1591 382//1591 370//1591
f 382//1592 383//1592 371//1592
f 446//1593 447//1593 438//1593
f 436//1594 429//1594 428//1594
f 384//1595 372//1595 371//1595
f 386//1596 387//1596 377//1596
f 377//1597 387//1597 388//1597
f 388//376 389//376 379//376
f 389//377 390//377 380//377
f 390//1598 391//1598 381//1598
f 391//1599 392//1599 382//1599
f 373//1600 374//1600 362//1600
f 394//1601 395//1601 386//1601
f 396//1602 397//1602 388//1602
f 388//384 398//384 389//384
f 398//385 399//385 390//385
f 399//1603 400//1603 391//1603
f 374//1604 375//1604 363//1604
f 466//1605 467//1605 456//1605
f 431//1606 424//1606 725//1606
f 396//1607 404//1607 405//1607
f 405//1608 406//1608 398//1608
f 406//1609 407//1609 399//1609
f 407//1610 408//1610 400//1610
f 422//1611 415//1611 414//1611
f 386//1612 376//1612 375//1612
f 425//1613 418//1613 411//1613
f 405//1614 413//1614 406//1614
f 413//1615 414//1615 407//1615
f 414//1616 415//1616 408//1616
f 734//1617 735//1617 724//1617
f 423//1618 416//1618 415//1618
f 418//1619 419//1619 412//1619
f 412//1620 419//1620 420//1620
f 420//1621 421//1621 414//1621
f 735//1622 430//1622 437//1622
f 409//1623 401//1623 400//1623
f 392//1624 393//1624 383//1624
f 417//1625 425//1625 411//1625
f 419//1626 427//1626 420//1626
f 427//1627 428//1627 421//1627
f 468//1628 457//1628 456//1628
f 439//1629 432//1629 431//1629
f 426//1630 419//1630 418//1630
f 432//1631 433//1631 426//1631
f 426//1632 433//1632 434//1632
f 434//1633 435//1633 428//1633
f 736//1634 737//1634 726//1634
f 747//1635 748//1635 737//1635
f 396//1636 387//1636 386//1636
f 439//1637 440//1637 433//1637
f 440//1638 441//1638 434//1638
f 441//1639 442//1639 435//1639
f 442//1640 443//1640 436//1640
f 443//1641 444//1641 437//1641
f 394//1642 403//1642 395//1642
f 437//1643 445//1643 714//1643
f 448//1644 449//1644 440//1644
f 449//427 450//427 441//427
f 450//428 451//428 442//428
f 451//1645 452//1645 443//1645
f 453//1646 454//1646 445//1646
f 411//1647 412//1647 405//1647
f 458//1648 459//1648 448//1648
f 459//1649 460//1649 449//1649
f 449//433 461//433 450//433
f 461//434 462//434 451//434
f 462//1650 463//1650 452//1650
f 463//1651 464//1651 453//1651
f 429//1652 430//1652 423//1652
f 400//1653 401//1653 392//1653
f 457//1654 468//1654 469//1654
f 458//1655 469//1655 470//1655
f 459//1656 470//1656 471//1656
f 471//442 472//442 461//442
f 472//443 473//443 462//443
f 473//1657 474//1657 463//1657
f 474//1658 475//1658 464//1658
f 411//1659 404//1659 403//1659
f 402//1660 393//1660 392//1660
f 466//1661 478//1661 479//1661
f 479//1662 480//1662 468//1662
f 468//1663 480//1663 481//1663
f 481//450 482//450 470//450
f 482//1664 483//1664 471//1664
f 483//452 484//452 472//452
f 472//453 485//453 473//453
f 473//1665 485//1665 486//1665
f 474//455 486//455 487//455
f 487//1666 488//1666 476//1666
f 488//1667 489//1667 477//1667
f 489//1668 478//1668 466//1668
f 490//1669 491//1669 479//1669
f 491//460 492//460 480//460
f 480//461 493//461 481//461
f 493//462 494//462 482//462
f 482//1670 495//1670 483//1670
f 495//464 496//464 484//464
f 496//465 497//465 485//465
f 485//1671 497//1671 498//1671
f 498//467 499//467 487//467
f 499//468 500//468 488//468
f 488//469 500//469 501//469
f 501//1672 490//1672 478//1672
f 502//471 503//471 491//471
f 503//1673 504//1673 492//1673
f 492//473 504//473 505//473
f 505//474 506//474 494//474
f 506//475 507//475 495//475
f 495//1674 508//1674 496//1674
f 508//1675 509//1675 497//1675
f 509//1676 510//1676 498//1676
f 498//479 511//479 499//479
f 511//480 512//480 500//480
f 500//1677 513//1677 501//1677
f 513//482 502//482 490//482
f 514//483 515//483 503//483
f 515//1678 516//1678 504//1678
f 504//485 517//485 505//485
f 517//486 518//486 506//486
f 518//1679 519//1679 507//1679
f 519//1680 520//1680 508//1680
f 520//1681 521//1681 509//1681
f 509//1682 521//1682 522//1682
f 522//491 523//491 511//491
f 523//492 524//492 512//492
f 524//1683 525//1683 513//1683
f 525//494 514//494 502//494
f 514//495 526//495 527//495
f 515//496 527//496 528//496
f 516//497 528//497 529//497
f 529//1684 530//1684 518//1684
f 530//1685 531//1685 519//1685
f 519//1686 531//1686 532//1686
f 532//1687 533//1687 521//1687
f 533//1688 534//1688 522//1688
f 522//1689 534//1689 535//1689
f 535//504 536//504 524//504
f 536//505 537//505 525//505
f 537//506 526//506 514//506
f 1//507 2//507 527//507
f 2//508 3//508 528//508
f 3//1690 4//1690 529//1690
f 4//1691 5//1691 530//1691
f 5//1692 6//1692 531//1692
f 531//1693 7//1693 532//1693
f 532//1694 7//1694 8//1694
f 8//1695 9//1695 534//1695
f 9//1696 10//1696 535//1696
f 535//1697 11//1697 536//1697
f 536//517 11//517 12//517
f 537//518 12//518 1//518
f 538//519 554//519 555//519
f 555//520 556//520 540//520
f 556//521 557//521 541//521
f 557//522 558//522 542//522
f 542//1698 559//1698 543//1698
f 559//1699 560//1699 544//1699
f 560//1700 561//1700 545//1700
f 546//1701 561//1701 562//1701
f 562//1702 563//1702 547//1702
f 547//1703 563//1703 564//1703
f 564//1704 565//1704 549//1704
f 549//1705 565//1705 566//1705
f 566//1706 567//1706 551//1706
f 551//1707 568//1707 552//1707
f 552//533 568//533 569//533
f 569//534 554//534 538//534
f 554//535 570//535 571//535
f 555//536 572//536 556//536
f 556//537 572//537 573//537
f 557//538 573//538 574//538
f 574//1708 575//1708 559//1708
f 559//1709 575//1709 576//1709
f 560//1710 576//1710 577//1710
f 577//1711 578//1711 562//1711
f 562//1712 578//1712 579//1712
f 579//1713 580//1713 564//1713
f 580//1714 581//1714 565//1714
f 565//1715 581//1715 582//1715
f 582//1716 583//1716 567//1716
f 583//548 584//548 568//548
f 568//549 584//549 585//549
f 585//550 570//550 554//550
f 586//551 587//551 571//551
f 587//552 588//552 572//552
f 588//553 589//553 573//553
f 573//554 590//554 574//554
f 574//1717 590//1717 591//1717
f 591//1718 592//1718 576//1718
f 592//1719 593//1719 577//1719
f 593//1720 594//1720 578//1720
f 578//1721 594//1721 595//1721
f 595//1722 596//1722 580//1722
f 596//1723 597//1723 581//1723
f 581//1724 597//1724 598//1724
f 582//1725 599//1725 583//1725
f 583//564 599//564 600//564
f 584//565 600//565 601//565
f 601//566 586//566 570//566
f 602//567 603//567 587//567
f 587//568 604//568 588//568
f 604//569 605//569 589//569
f 589//570 605//570 606//570
f 606//1726 607//1726 591//1726
f 591//1727 608//1727 592//1727
f 592//1728 608//1728 609//1728
f 609//1729 610//1729 594//1729
f 594//1730 610//1730 611//1730
f 595//1731 611//1731 612//1731
f 612//1732 613//1732 597//1732
f 597//1733 613//1733 614//1733
f 614//579 615//579 599//579
f 599//580 615//580 616//580
f 601//581 616//581 617//581
f 601//582 617//582 602//582
f 602//583 618//583 619//583
f 603//584 619//584 620//584
f 604//585 621//585 605//585
f 605//586 621//586 622//586
f 622//587 623//587 607//587
f 607//1734 623//1734 624//1734
f 608//1735 624//1735 625//1735
f 625//1736 626//1736 610//1736
f 610//1737 626//1737 627//1737
f 627//1738 628//1738 612//1738
f 612//1739 628//1739 629//1739
f 629//1740 630//1740 614//1740
f 630//595 631//595 615//595
f 631//596 632//596 616//596
f 616//1741 632//1741 633//1741
f 617//598 618//598 602//598
f 634//1742 635//1742 619//1742
f 635//1743 636//1743 620//1743
f 620//1744 636//1744 637//1744
f 637//602 638//602 622//602
f 638//603 639//603 623//603
f 639//1745 640//1745 624//1745
f 624//1746 640//1746 641//1746
f 625//1747 641//1747 642//1747
f 642//1748 643//1748 627//1748
f 643//1749 644//1749 628//1749
f 644//1750 645//1750 629//1750
f 629//1751 646//1751 630//1751
f 646//611 647//611 631//611
f 631//612 648//612 632//612
f 632//613 648//613 649//613
f 649//1752 634//1752 618//1752
f 650//1753 651//1753 635//1753
f 651//1754 652//1754 636//1754
f 652//1755 653//1755 637//1755
f 653//1756 654//1756 638//1756
f 639//619 654//619 655//619
f 655//1757 656//1757 640//1757
f 656//1758 657//1758 641//1758
f 657//1759 658//1759 642//1759
f 658//1760 659//1760 643//1760
f 643//1761 659//1761 660//1761
f 644//1762 660//1762 661//1762
f 661//1763 662//1763 646//1763
f 662//627 663//627 647//627
f 663//1764 664//1764 648//1764
f 664//1765 665//1765 649//1765
f 665//1766 650//1766 634//1766
f 666//1767 667//1767 652//1767
f 667//1768 668//1768 653//1768
f 668//1769 669//1769 654//1769
f 669//634 670//634 655//634
f 655//1770 670//1770 671//1770
f 671//1771 672//1771 657//1771
f 672//1772 673//1772 658//1772
f 673//1773 674//1773 659//1773
f 674//1774 675//1774 660//1774
f 660//1775 675//1775 676//1775
f 661//641 676//641 677//641
f 663//642 677//642 678//642
f 678//1776 679//1776 664//1776
f 466//1777 455//1777 465//1777
f 667//1778 681//1778 682//1778
f 682//1779 683//1779 669//1779
f 669//1780 683//1780 684//1780
f 671//1781 684//1781 685//1781
f 671//1782 685//1782 686//1782
f 686//1783 687//1783 673//1783
f 687//1784 688//1784 674//1784
f 688//1785 689//1785 675//1785
f 689//1786 690//1786 676//1786
f 690//654 691//654 677//654
f 691//1787 692//1787 678//1787
f 694//1788 695//1788 683//1788
f 695//1789 696//1789 684//1789
f 696//658 697//658 685//658
f 697//1790 698//1790 686//1790
f 698//1791 699//1791 687//1791
f 687//1792 699//1792 700//1792
f 688//1793 700//1793 701//1793
f 689//1794 702//1794 690//1794
f 702//664 703//664 691//664
f 703//1795 704//1795 692//1795
f 705//1796 706//1796 696//1796
f 706//668 707//668 697//668
f 707//1797 708//1797 698//1797
f 708//1798 709//1798 699//1798
f 709//1799 710//1799 700//1799
f 700//1800 710//1800 711//1800
f 701//673 711//673 712//673
f 702//674 712//674 713//674
f 713//1801 714//1801 704//1801
f 705//1802 715//1802 716//1802
f 707//677 716//677 717//677
f 707//1803 717//1803 718//1803
f 718//1804 719//1804 709//1804
f 709//1805 719//1805 720//1805
f 720//1806 721//1806 711//1806
f 721//682 722//682 712//682
f 712//1807 722//1807 723//1807
f 723//1808 724//1808 714//1808
f 428//1809 429//1809 422//1809
f 715//1810 726//1810 727//1810
f 716//686 727//686 728//686
f 728//1811 729//1811 718//1811
f 729//1812 730//1812 719//1812
f 730//1813 731//1813 720//1813
f 731//1814 732//1814 721//1814
f 732//691 733//691 722//691
f 722//1815 734//1815 723//1815
f 458//1816 447//1816 446//1816
f 476//1817 477//1817 465//1817
f 737//1818 738//1818 727//1818
f 728//1819 738//1819 739//1819
f 728//1820 739//1820 740//1820
f 729//1821 740//1821 741//1821
f 730//1822 741//1822 742//1822
f 742//1823 743//1823 732//1823
f 743//1824 744//1824 733//1824
f 733//1825 744//1825 745//1825
f 792//1826 402//1826 768//1826
f 404//1827 396//1827 395//1827
f 748//1828 749//1828 738//1828
f 738//1829 749//1829 750//1829
f 750//1830 751//1830 740//1830
f 751//1831 752//1831 741//1831
f 752//1832 753//1832 742//1832
f 742//1833 753//1833 754//1833
f 743//1834 754//1834 755//1834
f 755//1835 756//1835 745//1835
f 810//1836 794//1836 793//1836
f 758//1837 759//1837 748//1837
f 748//1838 759//1838 770//1838
f 750//1839 760//1839 761//1839
f 761//1840 762//1840 751//1840
f 762//1841 763//1841 752//1841
f 752//1842 764//1842 753//1842
f 753//1843 764//1843 765//1843
f 754//1844 765//1844 766//1844
f 766//1845 767//1845 756//1845
f 756//1846 767//1846 768//1846
f 769//1847 770//1847 759//1847
f 770//1848 771//1848 760//1848
f 771//1849 772//1849 761//1849
f 772//1850 773//1850 762//1850
f 773//1851 774//1851 763//1851
f 763//1852 774//1852 775//1852
f 775//1853 776//1853 765//1853
f 765//1854 776//1854 777//1854
f 777//731 778//731 767//731
f 778//1855 779//1855 768//1855
f 769//1856 782//1856 770//1856
f 782//1857 783//1857 771//1857
f 771//1858 783//1858 784//1858
f 773//1859 784//1859 785//1859
f 785//1860 786//1860 774//1860
f 774//1861 786//1861 787//1861
f 775//1862 788//1862 776//1862
f 788//1863 789//1863 777//1863
f 777//1864 790//1864 778//1864
f 790//1865 791//1865 779//1865
f 794//1866 795//1866 781//1866
f 781//1867 795//1867 796//1867
f 796//1868 797//1868 783//1868
f 797//1869 798//1869 784//1869
f 798//1870 799//1870 785//1870
f 799//1871 800//1871 786//1871
f 786//1872 800//1872 801//1872
f 787//1873 801//1873 802//1873
f 788//1874 802//1874 803//1874
f 803//1875 804//1875 790//1875
f 804//1876 805//1876 791//1876
f 791//1877 805//1877 806//1877
f 745//1878 746//1878 735//1878
f 810//1879 811//1879 795//1879
f 811//1880 812//1880 796//1880
f 812//1881 813//1881 797//1881
f 813//1882 814//1882 798//1882
f 814//1883 815//1883 799//1883
f 815//1884 816//1884 800//1884
f 816//1885 817//1885 801//1885
f 817//1886 818//1886 802//1886
f 802//1887 819//1887 803//1887
f 819//1888 820//1888 804//1888
f 820//766 821//766 805//766
f 821//1889 822//1889 806//1889
f 822//1890 823//1890 807//1890
f 824//1891 825//1891 809//1891
f 825//1892 826//1892 810//1892
f 810//1893 826//1893 827//1893
f 811//1894 827//1894 828//1894
f 828//1895 829//1895 813//1895
f 814//1896 829//1896 830//1896
f 814//1897 830//1897 831//1897
f 816//1898 831//1898 832//1898
f 832//1899 833//1899 817//1899
f 817//1900 833//1900 834//1900
f 818//1901 834//1901 835//1901
f 819//1902 835//1902 836//1902
f 820//1903 836//1903 837//1903
f 837//1904 838//1904 822//1904
f 838//1905 839//1905 823//1905
f 839//1906 824//1906 808//1906
f 824//1907 841//1907 825//1907
f 841//1908 842//1908 826//1908
f 842//1909 843//1909 827//1909
f 843//788 844//788 828//788
f 844//1910 845//1910 829//1910
f 845//1911 846//1911 830//1911
f 846//1912 847//1912 831//1912
f 847//1913 848//1913 832//1913
f 832//1914 849//1914 833//1914
f 833//1915 849//1915 850//1915
f 834//1916 850//1916 851//1916
f 851//1917 852//1917 836//1917
f 836//1918 852//1918 853//1918
f 837//798 853//798 854//798
f 839//799 854//799 855//799
f 855//1919 840//1919 824//1919
f 840//801 856//801 857//801
f 857//802 858//802 842//802
f 842//803 859//803 843//803
f 859//1920 860//1920 844//1920
f 844//1921 860//1921 861//1921
f 861//1922 862//1922 846//1922
f 847//1923 862//1923 863//1923
f 863//1924 864//1924 848//1924
f 864//1925 865//1925 849//1925
f 865//1926 866//1926 850//1926
f 850//1927 867//1927 851//1927
f 851//1928 867//1928 868//1928
f 868//1929 869//1929 853//1929
f 869//814 870//814 854//814
f 870//815 871//815 855//815
f 871//816 856//816 840//816
f 872//817 873//817 857//817
f 873//818 874//818 858//818
f 858//819 874//819 875//819
f 875//1930 876//1930 860//1930
f 860//1931 876//1931 877//1931
f 877//1932 878//1932 862//1932
f 862//1933 878//1933 879//1933
f 879//1934 880//1934 864//1934
f 864//1935 880//1935 881//1935
f 865//1936 881//1936 882//1936
f 882//1937 883//1937 867//1937
f 867//1938 884//1938 868//1938
f 884//1939 885//1939 869//1939
f 869//1940 886//1940 870//1940
f 870//831 886//831 887//831
f 871//832 872//832 856//832
f 888//833 889//833 873//833
f 889//834 890//834 874//834
f 890//1941 891//1941 875//1941
f 876//1942 891//1942 892//1942
f 892//1943 893//1943 877//1943
f 893//1944 894//1944 878//1944
f 878//1945 894//1945 895//1945
f 879//1946 895//1946 896//1946
f 896//1947 897//1947 881//1947
f 881//1948 898//1948 882//1948
f 898//1949 899//1949 883//1949
f 883//1950 899//1950 900//1950
f 900//1951 901//1951 885//1951
f 885//1952 901//1952 902//1952
f 902//847 903//847 887//847
f 887//848 903//848 888//848
f 888//849 904//849 905//849
f 890//850 905//850 906//850
f 906//1953 907//1953 891//1953
f 891//1954 907//1954 908//1954
f 908//1955 909//1955 893//1955
f 909//1956 910//1956 894//1956
f 910//1957 911//1957 895//1957
f 911//1958 912//1958 896//1958
f 896//1959 912//1959 913//1959
f 913//1960 914//1960 898//1960
f 898//1961 914//1961 915//1961
f 899//1962 915//1962 916//1962
f 916//1963 917//1963 901//1963
f 917//1964 918//1964 902//1964
f 902//1965 918//1965 919//1965
f 919//864 904//864 888//864
f 904//865 920//865 921//865
f 921//866 922//866 906//866
f 906//1966 922//1966 923//1966
f 908//1967 923//1967 924//1967
f 924//1968 925//1968 909//1968
f 909//1969 925//1969 926//1969
f 926//1970 927//1970 911//1970
f 911//1971 927//1971 928//1971
f 928//1972 929//1972 913//1972
f 929//1973 930//1973 914//1973
f 930//1974 931//1974 915//1974
f 915//1975 932//1975 916//1975
f 932//1976 933//1976 917//1976
f 933//1977 934//1977 918//1977
f 934//1978 935//1978 919//1978
f 904//880 935//880 920//880
f 920//881 936//881 937//881
f 921//882 938//882 922//882
f 938//1979 939//1979 923//1979
f 939//1980 940//1980 924//1980
f 940//1981 941//1981 925//1981
f 941//1982 942//1982 926//1982
f 942//1983 943//1983 927//1983
f 927//1984 943//1984 944//1984
f 944//1985 945//1985 929//1985
f 929//1986 945//1986 946//1986
f 930//1987 946//1987 947//1987
f 931//1988 947//1988 948//1988
f 932//1989 948//1989 949//1989
f 933//1990 949//1990 950//1990
f 950//1991 951//1991 935//1991
f 951//896 936//896 920//896
f 936//897 952//897 953//897
f 937//898 953//898 954//898
f 954//1992 955//1992 939//1992
f 955//1993 956//1993 940//1993
f 941//1994 956//1994 957//1994
f 957//1995 958//1995 942//1995
f 958//1996 959//1996 943//1996
f 959//1997 960//1997 944//1997
f 960//1998 961//1998 945//1998
f 961//1999 962//1999 946//1999
f 962//2000 963//2000 947//2000
f 963//2001 964//2001 948//2001
f 948//2002 965//2002 949//2002
f 949//2003 965//2003 966//2003
f 966//2004 967//2004 951//2004
f 967//912 952//912 936//912
f 968//913 969//913 953//913
f 953//914 969//914 970//914
f 970//2005 971//2005 955//2005
f 971//2006 972//2006 956//2006
f 956//2007 972//2007 973//2007
f 957//2008 973//2008 974//2008
f 974//2009 975//2009 959//2009
f 975//2010 976//2010 960//2010
f 960//2011 976//2011 977//2011
f 977//2012 978//2012 962//2012
f 962//2013 979//2013 963//2013
f 979//2014 980//2014 964//2014
f 964//2015 980//2015 981//2015
f 965//2016 981//2016 982//2016
f 966//2017 983//2017 967//2017
f 983//928 968//928 952//928
f 984//929 985//929 969//929
f 969//930 985//930 986//930
f 971//931 986//931 987//931
f 987//932 988//932 972//932
f 973//933 988//933 989//933
f 989//2018 990//2018 974//2018
f 990//2019 991//2019 975//2019
f 991//2020 992//2020 976//2020
f 976//2021 992//2021 993//2021
f 993//2022 994//2022 978//2022
f 994//2023 995//2023 979//2023
f 995//940 996//940 980//940
f 980//941 997//941 981//941
f 981//942 997//942 998//942
f 998//943 999//943 983//943
f 983//944 999//944 984//944
f 1000//945 1001//945 985//945
f 1001//946 1002//946 986//946
f 1002//947 1003//947 987//947
f 1003//948 1004//948 988//948
f 1004//949 1005//949 989//949
f 989//2024 1005//2024 1006//2024
f 990//2025 1006//2025 1007//2025
f 1007//2026 1008//2026 992//2026
f 1008//2027 1009//2027 993//2027
f 1009//2028 1010//2028 994//2028
f 1010//2029 1011//2029 995//2029
f 1011//956 1012//956 996//956
f 1012//957 1013//957 997//957
f 997//958 1013//958 1014//958
f 998//959 1015//959 999//959
f 999//960 1015//960 1000//960
f 1001//961 1016//961 1017//961
f 1001//962 1017//962 1018//962
f 1002//963 1018//963 1019//963
f 1003//964 1019//964 1020//964
f 1004//2030 1021//2030 1005//2030
f 1021//2031 1022//2031 1006//2031
f 1006//2032 1022//2032 1023//2032
f 1007//2033 1023//2033 1024//2033
f 1024//2034 1025//2034 1009//2034
f 1025//2035 1026//2035 1010//2035
f 1010//2036 1026//2036 1027//2036
f 1011//972 1027//972 1028//972
f 1028//973 1029//973 1013//973
f 1029//974 1030//974 1014//974
f 1030//975 1031//975 1015//975
f 1031//976 1016//976 1000//976
f 1032//977 1033//977 1017//977
f 1033//978 1034//978 1018//978
f 1018//979 1035//979 1019//979
f 1019//980 1035//980 1036//980
f 1020//2037 1036//2037 1037//2037
f 1021//2038 1037//2038 1038//2038
f 1038//2039 1039//2039 1023//2039
f 1039//2040 1040//2040 1024//2040
f 1040//2041 1041//2041 1025//2041
f 1025//2042 1041//2042 1042//2042
f 1042//2043 1043//2043 1027//2043
f 1043//2044 1044//2044 1028//2044
f 1029//989 1044//989 1045//989
f 1045//990 1046//990 1030//990
f 1031//991 1046//991 1047//991
f 1031//992 1047//992 1032//992
f 1032//993 1048//993 1049//993
f 1049//994 1050//994 1034//994
f 1050//995 1051//995 1035//995
f 1035//996 1051//996 1052//996
f 1052//2045 1053//2045 1037//2045
f 1037//2046 1053//2046 1054//2046
f 1038//2047 1054//2047 1055//2047
f 1055//2048 1056//2048 1040//2048
f 1056//2049 1057//2049 1041//2049
f 1057//2050 1058//2050 1042//2050
f 1042//2051 1058//2051 1059//2051
f 1059//2052 1060//2052 1044//2052
f 1060//1005 1061//1005 1045//1005
f 1061//2053 1062//2053 1046//2053
f 1062//1007 1063//1007 1047//1007
f 1063//1008 1048//1008 1032//1008
f 1064//1009 1065//1009 1049//1009
f 1050//2054 1065//2054 1066//2054
f 1050//2055 1066//2055 1067//2055
f 1051//2056 1068//2056 1052//2056
f 1068//2057 1069//2057 1053//2057
f 1069//2058 1070//2058 1054//2058
f 1070//2059 1071//2059 1055//2059
f 1071//2060 1072//2060 1056//2060
f 1072//2061 1073//2061 1057//2061
f 1057//2062 1073//2062 1074//2062
f 1074//2063 1075//2063 1059//2063
f 1075//2064 1076//2064 1060//2064
f 1061//2065 1076//2065 1077//2065
f 1077//1022 1078//1022 1062//1022
f 1078//1023 1079//1023 1063//1023
f 1079//1024 1064//1024 1048//1024
f 1080//1025 1081//1025 1065//1025
f 1081//1026 1082//1026 1066//1026
f 1082//2066 1083//2066 1067//2066
f 1083//2067 1084//2067 1068//2067
f 1084//2068 1085//2068 1069//2068
f 1085//2069 1086//2069 1070//2069
f 1086//2070 1087//2070 1071//2070
f 1087//2071 1088//2071 1072//2071
f 1088//2072 1089//2072 1073//2072
f 1089//2073 1090//2073 1074//2073
f 1074//2074 1090//2074 1091//2074
f 1075//2075 1091//2075 1092//2075
f 1076//2076 1092//2076 1093//2076
f 1077//2077 1093//2077 1094//2077
f 1079//2078 1094//2078 1095//2078
f 1095//1040 1080//1040 1064//1040
f 1080//1041 1096//1041 1097//1041
f 1081//1042 1098//1042 1082//1042
f 1082//2079 1098//2079 1099//2079
f 1083//2080 1099//2080 1100//2080
f 1084//2081 1100//2081 1101//2081
f 1085//2082 1101//2082 1102//2082
f 1102//2083 1103//2083 1087//2083
f 1103//2084 1104//2084 1088//2084
f 1104//2085 1105//2085 1089//2085
f 1089//2086 1105//2086 1106//2086
f 1106//2087 1107//2087 1091//2087
f 1107//2088 1108//2088 1092//2088
f 1108//2089 1109//2089 1093//2089
f 1109//2090 1110//2090 1094//2090
f 1110//2091 1111//2091 1095//2091
f 1111//1056 1096//1056 1080//1056
f 1096//1057 1112//1057 1113//1057
f 1097//1058 1113//1058 1114//1058
f 1098//2092 1114//2092 1115//2092
f 1100//2093 1115//2093 1116//2093
f 1100//2094 1116//2094 1117//2094
f 1101//2095 1117//2095 1118//2095
f 1103//2096 1118//2096 1119//2096
f 1119//2097 1120//2097 1104//2097
f 1104//2098 1120//2098 1121//2098
f 1121//2099 1122//2099 1106//2099
f 1122//2100 1123//2100 1107//2100
f 1123//2101 1124//2101 1108//2101
f 1124//2102 1125//2102 1109//2102
f 1125//2103 1126//2103 1110//2103
f 1110//2104 1126//2104 1127//2104
f 1127//1072 1112//1072 1096//1072
f 1112//1073 1129//1073 1113//1073
f 1129//1074 1130//1074 1114//1074
f 1130//2105 1131//2105 1115//2105
f 1131//2106 1132//2106 1116//2106
f 1132//2107 1133//2107 1117//2107
f 1133//2108 1134//2108 1118//2108
f 1118//2109 1134//2109 1135//2109
f 1135//2110 1136//2110 1120//2110
f 1120//2111 1136//2111 1137//2111
f 1137//2112 1138//2112 1122//2112
f 1138//2113 1139//2113 1123//2113
f 1123//2114 1139//2114 1140//2114
f 1124//2115 1140//2115 1141//2115
f 1125//2116 1141//2116 1142//2116
f 1127//2117 1142//2117 1143//2117
f 1143//1088 1128//1088 1112//1088
f 1144//1089 1145//1089 1129//1089
f 1129//1090 1145//1090 1146//1090
f 1130//2118 1146//2118 1147//2118
f 1132//2119 1147//2119 1148//2119
f 1132//2120 1148//2120 1149//2120
f 1149//2121 1150//2121 1134//2121
f 1150//2122 1151//2122 1135//2122
f 1151//2123 1152//2123 1136//2123
f 1152//2124 1153//2124 1137//2124
f 1138//2125 1153//2125 1154//2125
f 1138//2126 1154//2126 1155//2126
f 1155//2127 1156//2127 1140//2127
f 1156//2128 1157//2128 1141//2128
f 1157//2129 1158//2129 1142//2129
f 1158//2130 1159//2130 1143//2130
f 1159//1104 1144//1104 1128//1104
f 1160//1105 1161//1105 1145//1105
f 1161//1106 1162//1106 1146//1106
f 1162//2131 1163//2131 1147//2131
f 1163//2132 1164//2132 1148//2132
f 1148//2133 1164//2133 1165//2133
f 1149//2134 1165//2134 1166//2134
f 1166//2135 1167//2135 1151//2135
f 1151//2136 1167//2136 1168//2136
f 1168//2137 1169//2137 1153//2137
f 1153//2138 1169//2138 1170//2138
f 1170//2139 1171//2139 1155//2139
f 1155//2140 1171//2140 1172//2140
f 1156//2141 1172//2141 1173//2141
f 1157//2142 1173//2142 1174//2142
f 1158//2143 1175//2143 1159//2143
f 1159//1120 1175//1120 1160//1120
f 1176//1121 1177//1121 1161//1121
f 1177//2144 1178//2144 1162//2144
f 1178//2145 1179//2145 1163//2145
f 1164//2146 1179//2146 1180//2146
f 1180//2147 1181//2147 1165//2147
f 1181//2148 1182//2148 1166//2148
f 1182//2149 1183//2149 1167//2149
f 1167//2150 1183//2150 1184//2150
f 1184//2151 1185//2151 1169//2151
f 1169//2152 1185//2152 1186//2152
f 1170//2153 1186//2153 1187//2153
f 1171//2154 1187//2154 1188//2154
f 1188//2155 1189//2155 1173//2155
f 1173//2156 1189//2156 1190//2156
f 1174//2157 1190//2157 1191//2157
f 1175//1136 1176//1136 1160//1136
f 1192//1137 1193//1137 1177//1137
f 1193//2158 1194//2158 1178//2158
f 1178//2159 1194//2159 1195//2159
f 1195//1140 1196//1140 1180//1140
f 1180//2160 1196//2160 1197//2160
f 1181//2161 1197//2161 1198//2161
f 1198//2162 1199//2162 1183//2162
f 1199//2163 1200//2163 1184//2163
f 1200//2164 1201//2164 1185//2164
f 1201//2165 1202//2165 1186//2165
f 1202//2166 1203//2166 1187//2166
f 1187//2167 1203//2167 1204//2167
f 1188//2168 1204//2168 1205//2168
f 1189//2169 1206//2169 1190//2169
f 1206//2170 1207//2170 1191//2170
f 1191//2171 1207//2171 1192//2171
f 1192//1153 1208//1153 1209//1153
f 1194//2172 1209//2172 1210//2172
f 1210//2173 1211//2173 1195//2173
f 1196//2174 1211//2174 1212//2174
f 1212//2175 1213//2175 1197//2175
f 1197//2176 1213//2176 1214//2176
f 1214//2177 1215//2177 1199//2177
f 1199//2178 1215//2178 1216//2178
f 1216//2179 1217//2179 1201//2179
f 1217//2180 1218//2180 1202//2180
f 1218//2181 1219//2181 1203//2181
f 1203//2182 1220//2182 1204//2182
f 1220//2183 1221//2183 1205//2183
f 1205//2184 1221//2184 1222//2184
f 1206//2185 1223//2185 1207//2185
f 1223//2186 1208//2186 1192//2186
f 1224//1169 1225//1169 1209//1169
f 1209//2187 1225//2187 1226//2187
f 1226//2188 1227//2188 1211//2188
f 1211//2189 1227//2189 1228//2189
f 1228//2190 1229//2190 1213//2190
f 1229//2191 1230//2191 1214//2191
f 1230//2192 1231//2192 1215//2192
f 1231//2193 1232//2193 1216//2193
f 1232//2194 1233//2194 1217//2194
f 1233//2195 1234//2195 1218//2195
f 1218//2196 1234//2196 1235//2196
f 1219//2197 1235//2197 1236//2197
f 1220//2198 1236//2198 1237//2198
f 1221//2199 1237//2199 1238//2199
f 1238//2200 1239//2200 1223//2200
f 1223//2201 1239//2201 1224//2201
f 1225//1185 1240//1185 1241//1185
f 1241//1186 1242//1186 1226//1186
f 1226//2202 1242//2202 1243//2202
f 1228//2203 1243//2203 1244//2203
f 1228//2204 1244//2204 1245//2204
f 1245//2205 1246//2205 1230//2205
f 1246//2206 1247//2206 1231//2206
f 1247//2207 1248//2207 1232//2207
f 1248//2208 1249//2208 1233//2208
f 1234//2209 1249//2209 1250//2209
f 1250//2210 1251//2210 1235//2210
f 1235//2211 1251//2211 1252//2211
f 1252//2212 1253//2212 1237//2212
f 1253//2213 1254//2213 1238//2213
f 1238//2214 1254//2214 1255//2214
f 1255//1200 1240//1200 1224//1200
f 1256//1201 1257//1201 1241//1201
f 1241//1202 1257//1202 1258//1202
f 1258//2215 1259//2215 1243//2215
f 1259//2216 1260//2216 1244//2216
f 1260//2217 1261//2217 1245//2217
f 1245//2218 1261//2218 1262//2218
f 1262//2219 1263//2219 1247//2219
f 1247//2220 1263//2220 1264//2220
f 1264//2221 1265//2221 1249//2221
f 1265//2222 1266//2222 1250//2222
f 1266//2223 1267//2223 1251//2223
f 1251//2224 1267//2224 1268//2224
f 1252//2225 1269//2225 1253//2225
f 1253//2226 1269//2226 1270//2226
f 1254//2227 1271//2227 1255//2227
f 1271//1216 1256//1216 1240//1216
f 1272//1217 1273//1217 1257//1217
f 1257//1218 1273//1218 1274//1218
f 1274//2228 1275//2228 1259//2228
f 1275//2229 1276//2229 1260//2229
f 1260//2230 1276//2230 1277//2230
f 1277//2231 1278//2231 1262//2231
f 1278//2232 1279//2232 1263//2232
f 1263//2233 1279//2233 1280//2233
f 1265//2234 1280//2234 1281//2234
f 1281//2235 1282//2235 1266//2235
f 1282//2236 1283//2236 1267//2236
f 1283//2237 1284//2237 1268//2237
f 1268//2238 1284//2238 1285//2238
f 1269//2239 1285//2239 1286//2239
f 1286//2240 1287//2240 1271//2240
f 1271//1232 1287//1232 1272//1232
f 1288//1233 1289//1233 1273//1233
f 1273//2241 1289//2241 1290//2241
f 1275//2242 1290//2242 1291//2242
f 1275//2243 1291//2243 1292//2243
f 1292//2244 1293//2244 1277//2244
f 1293//2245 1294//2245 1278//2245
f 1294//2246 1295//2246 1279//2246
f 1279//2247 1295//2247 1296//2247
f 1296//2248 1297//2248 1281//2248
f 1281//2249 1297//2249 1298//2249
f 1298//2250 1299//2250 1283//2250
f 1283//2251 1299//2251 1300//2251
f 1300//2252 1301//2252 1285//2252
f 1301//2253 1302//2253 1286//2253
f 1286//2254 1302//2254 1303//2254
f 1287//1248 1303//1248 1288//1248
f 1289//1249 1304//1249 1305//1249
f 1289//1250 1305//1250 1306//1250
f 1306//1251 1307//1251 1291//1251
f 1307//2255 1308//2255 1292//2255
f 1308//2256 1309//2256 1293//2256
f 1293//2257 1309//2257 1310//2257
f 1310//2258 1311//2258 1295//2258
f 1311//2259 1312//2259 1296//2259
f 1312//2260 1313//2260 1297//2260
f 1313//2261 1314//2261 1298//2261
f 1314//2262 1315//2262 1299//2262
f 1299//2263 1315//2263 1316//2263
f 1300//2264 1316//2264 1317//2264
f 1301//2265 1317//2265 1318//2265
f 1318//2266 1319//2266 1303//2266
f 1319//1264 1304//1264 1288//1264
f 1320//1265 1321//1265 1305//1265
f 1305//1266 1321//1266 1322//1266
f 1306//1267 1322//1267 1323//1267
f 1323//2267 1324//2267 1308//2267
f 1308//2268 1324//2268 1325//2268
f 1309//2269 1325//2269 1326//2269
f 1311//2270 1326//2270 1327//2270
f 1327//2271 1328//2271 1312//2271
f 1312//2272 1328//2272 1329//2272
f 1329//2273 1330//2273 1314//2273
f 1330//2274 1331//2274 1315//2274
f 1315//2275 1331//2275 1332//2275
f 1316//2276 1333//2276 1317//2276
f 1333//2277 1334//2277 1318//2277
f 1334//2278 1335//2278 1319//2278
f 1335//1280 1320//1280 1304//1280
f 1336//1281 1337//1281 1321//1281
f 1321//1282 1337//1282 1338//1282
f 1338//1283 1339//1283 1323//1283
f 1324//2279 1339//2279 1340//2279
f 1324//2280 1340//2280 1341//2280
f 1341//2281 1342//2281 1326//2281
f 1326//2282 1342//2282 1343//2282
f 1343//2283 1344//2283 1328//2283
f 1344//2284 1345//2284 1329//2284
f 1345//2285 1346//2285 1330//2285
f 1330//2286 1347//2286 1331//2286
f 1347//2287 1348//2287 1332//2287
f 1332//2288 1348//2288 1349//2288
f 1333//2289 1349//2289 1350//2289
f 1334//2290 1351//2290 1335//2290
f 1351//1296 1336//1296 1320//1296
f 538//1297 539//1297 1337//1297
f 1337//1298 539//1298 540//1298
f 540//1299 541//1299 1339//1299
f 1339//2291 541//2291 542//2291
f 1340//2292 542//2292 543//2292
f 543//2293 544//2293 1342//2293
f 544//2294 545//2294 1343//2294
f 545//2295 546//2295 1344//2295
f 1344//2296 546//2296 547//2296
f 547//2297 548//2297 1346//2297
f 1346//2298 548//2298 549//2298
f 549//2299 550//2299 1348//2299
f 550//2300 551//2300 1349//2300
f 1349//2301 551//2301 552//2301
f 552//1311 553//1311 1351//1311
f 553//1312 538//1312 1336//1312
f 402//2302 384//2302 393//2302
f 757//2303 746//2303 745//2303
f 680//2304 665//2304 664//2304
f 792//2305 806//2305 807//2305
f 807//2306 823//2306 808//2306
f 808//2307 809//2307 793//2307
f 793//2308 794//2308 780//2308
f 780//2309 781//2309 769//2309
f 385//2310 780//2310 394//2310
f 385//2311 375//2311 374//2311
f 780//2312 385//2312 374//2312
f 807//2313 808//2313 793//2313
f 793//2314 780//2314 374//2314
f 793//2315 374//2315 373//2315
f 792//2316 807//2316 384//2316
f 807//2317 793//2317 373//2317
f 384//2318 807//2318 373//2318
f 694//2319 682//2319 681//2319
f 666//2320 651//2320 650//2320
f 681//2321 667//2321 666//2321
f 666//2322 650//2322 680//2322
f 650//2323 665//2323 680//2323
f 680//2324 679//2324 693//2324
f 679//2325 692//2325 693//2325
f 457//2326 681//2326 456//2326
f 681//2327 666//2327 456//2327
f 666//2328 680//2328 455//2328
f 693//2329 704//2329 714//2329
f 454//2330 693//2330 445//2330
f 680//2331 693//2331 465//2331
f 455//2332 456//2332 666//2332
f 465//2333 455//2333 680//2333
f 780//2334 769//2334 758//2334
f 394//2335 758//2335 403//2335
f 394//2336 780//2336 758//2336
f 747//2337 403//2337 758//2337
f 747//2338 736//2338 403//2338
f 768//2339 402//2339 401//2339
f 417//2340 410//2340 736//2340
f 373//2341 361//2341 372//2341
f 736//2342 725//2342 417//2342
f 417//2343 725//2343 424//2343
f 402//2344 792//2344 384//2344
f 791//2345 792//2345 779//2345
f 409//2346 768//2346 401//2346
f 409//2347 746//2347 768//2347
f 779//2348 792//2348 768//2348
f 447//2349 448//2349 439//2349
f 416//2350 746//2350 409//2350
f 416//2351 423//2351 746//2351
f 746//2352 757//2352 768//2352
f 423//2353 430//2353 735//2353
f 746//2354 423//2354 735//2354
f 437//2355 444//2355 445//2355
f 724//2356 735//2356 437//2356
f 415//2357 416//2357 409//2357
f 436//2358 437//2358 430//2358
f 445//2359 693//2359 714//2359
f 384//2360 383//2360 393//2360
f 692//2361 679//2361 678//2361
f 443//2362 452//2362 453//2362
f 453//2363 444//2363 443//2363
f 457//2364 458//2364 446//2364
f 725//2365 736//2365 726//2365
f 725//2366 726//2366 715//2366
f 725//2367 715//2367 705//2367
f 725//2368 705//2368 694//2368
f 431//2369 725//2369 694//2369
f 431//2370 694//2370 681//2370
f 431//2371 681//2371 457//2371
f 438//2372 431//2372 457//2372
f 457//2373 446//2373 438//2373
f 454//2374 453//2374 464//2374
f 464//2375 475//2375 476//2375
f 464//2376 476//2376 465//2376
f 464//2377 465//2377 454//2377
