# Blender 4.2.3 LTS
# www.blender.org
mtllib two_rings.mtl
o Torus.001
v 2.475218 0.000000 0.000000
v 2.441724 -0.000000 0.125000
v 2.350218 -0.000000 0.216506
v 2.225218 -0.000000 0.250000
v 2.100218 -0.000000 0.216506
v 2.008711 -0.000000 0.125000
v 1.975218 -0.000000 0.000000
v 2.008711 0.000000 -0.125000
v 2.100218 0.000000 -0.216506
v 2.225218 0.000000 -0.250000
v 2.350218 0.000000 -0.216506
v 2.441724 0.000000 -0.125000
v 2.464524 0.163158 0.000000
v 2.431317 0.158786 0.125000
v 2.340593 0.146842 0.216506
v 2.216662 0.130526 0.250000
v 2.092732 0.114210 0.216506
v 2.002008 0.102266 0.125000
v 1.968801 0.097895 0.000000
v 2.002008 0.102266 -0.125000
v 2.092732 0.114210 -0.216506
v 2.216662 0.130526 -0.250000
v 2.340593 0.146842 -0.216506
v 2.431317 0.158786 -0.125000
v 2.432625 0.323524 0.000000
v 2.400272 0.314855 0.125000
v 2.311884 0.291171 0.216506
v 2.191144 0.258819 0.250000
v 2.070403 0.226467 0.216506
v 1.982014 0.202783 0.125000
v 1.949662 0.194114 0.000000
v 1.982014 0.202783 -0.125000
v 2.070403 0.226467 -0.216506
v 2.191144 0.258819 -0.250000
v 2.311884 0.291171 -0.216506
v 2.400272 0.314855 -0.125000
v 2.380067 0.478354 0.000000
v 2.349123 0.465537 0.125000
v 2.264582 0.430519 0.216506
v 2.149097 0.382683 0.250000
v 2.033612 0.334848 0.216506
v 1.949071 0.299830 0.125000
v 1.918127 0.287013 0.000000
v 1.949071 0.299830 -0.125000
v 2.033612 0.334848 -0.216506
v 2.149097 0.382683 -0.250000
v 2.264582 0.430519 -0.216506
v 2.349123 0.465537 -0.125000
v 2.307749 0.625000 0.000000
v 2.278743 0.608253 0.125000
v 2.199496 0.562500 0.216506
v 2.091243 0.500000 0.250000
v 1.982990 0.437500 0.216506
v 1.903743 0.391747 0.125000
v 1.874737 0.375000 0.000000
v 1.903743 0.391747 -0.125000
v 1.982990 0.437500 -0.216506
v 2.091243 0.500000 -0.250000
v 2.199496 0.562500 -0.216506
v 2.278743 0.608253 -0.125000
v 2.216909 0.760952 0.000000
v 2.190337 0.740562 0.125000
v 2.117740 0.684856 0.216506
v 2.018571 0.608761 0.250000
v 1.919402 0.532666 0.216506
v 1.846805 0.476961 0.125000
v 1.820233 0.456571 0.000000
v 1.846805 0.476961 -0.125000
v 1.919402 0.532666 -0.216506
v 2.018571 0.608761 -0.250000
v 2.117740 0.684856 -0.216506
v 2.190337 0.740562 -0.125000
v 2.109101 0.883884 0.000000
v 2.085417 0.860200 0.125000
v 2.020713 0.795495 0.216506
v 1.932324 0.707107 0.250000
v 1.843936 0.618719 0.216506
v 1.779231 0.554014 0.125000
v 1.755548 0.530330 0.000000
v 1.779231 0.554014 -0.125000
v 1.843936 0.618719 -0.216506
v 1.932324 0.707107 -0.250000
v 2.020713 0.795495 -0.216506
v 2.085417 0.860200 -0.125000
v 1.986170 0.991691 0.000000
v 1.965780 0.965119 0.125000
v 1.910074 0.892522 0.216506
v 1.833979 0.793353 0.250000
v 1.757884 0.694184 0.216506
v 1.702178 0.621587 0.125000
v 1.681789 0.595015 0.000000
v 1.702178 0.621587 -0.125000
v 1.757884 0.694184 -0.216506
v 1.833979 0.793353 -0.250000
v 1.910074 0.892522 -0.216506
v 1.965780 0.965119 -0.125000
v 1.850218 1.082532 0.000000
v 1.833471 1.053525 0.125000
v 1.787718 0.974279 0.216506
v 1.725218 0.866025 0.250000
v 1.662718 0.757772 0.216506
v 1.616964 0.678525 0.125000
v 1.600218 0.649519 0.000000
v 1.616964 0.678525 -0.125000
v 1.662718 0.757772 -0.216506
v 1.725218 0.866025 -0.250000
v 1.787718 0.974279 -0.216506
v 1.833471 1.053525 -0.125000
v 1.703572 1.154849 0.000000
v 1.690755 1.123905 0.125000
v 1.655737 1.039364 0.216506
v 1.607901 0.923879 0.250000
v 1.560066 0.808394 0.216506
v 1.525048 0.723854 0.125000
v 1.512230 0.692910 0.000000
v 1.525048 0.723854 -0.125000
v 1.560066 0.808394 -0.216506
v 1.607901 0.923879 -0.250000
v 1.655737 1.039364 -0.216506
v 1.690755 1.123905 -0.125000
v 1.548741 1.207407 0.000000
v 1.540073 1.175055 0.125000
v 1.516389 1.086667 0.216506
v 1.484037 0.965926 0.250000
v 1.451684 0.845185 0.216506
v 1.428001 0.756797 0.125000
v 1.419332 0.724444 0.000000
v 1.428001 0.756797 -0.125000
v 1.451684 0.845185 -0.216506
v 1.484037 0.965926 -0.250000
v 1.516389 1.086667 -0.216506
v 1.540073 1.175055 -0.125000
v 1.388375 1.239306 0.000000
v 1.384003 1.206099 0.125000
v 1.372059 1.115376 0.216506
v 1.355744 0.991445 0.250000
v 1.339428 0.867514 0.216506
v 1.327484 0.776791 0.125000
v 1.323112 0.743584 0.000000
v 1.327484 0.776791 -0.125000
v 1.339428 0.867514 -0.216506
v 1.355744 0.991445 -0.250000
v 1.372059 1.115376 -0.216506
v 1.384003 1.206099 -0.125000
v 1.225218 1.250000 0.000000
v 1.225218 1.216506 0.125000
v 1.225218 1.125000 0.216506
v 1.225218 1.000000 0.250000
v 1.225218 0.875000 0.216506
v 1.225218 0.783494 0.125000
v 1.225218 0.750000 0.000000
v 1.225218 0.783494 -0.125000
v 1.225218 0.875000 -0.216506
v 1.225218 1.000000 -0.250000
v 1.225218 1.125000 -0.216506
v 1.225218 1.216506 -0.125000
v 1.062060 1.239306 0.000000
v 1.066432 1.206099 0.125000
v 1.078375 1.115375 0.216506
v 1.094691 0.991445 0.250000
v 1.111007 0.867514 0.216506
v 1.122951 0.776791 0.125000
v 1.127323 0.743584 0.000000
v 1.122951 0.776791 -0.125000
v 1.111007 0.867514 -0.216506
v 1.094691 0.991445 -0.250000
v 1.078375 1.115375 -0.216506
v 1.066432 1.206099 -0.125000
v 0.901694 1.207407 0.000000
v 0.910363 1.175055 0.125000
v 0.934046 1.086667 0.216506
v 0.966399 0.965926 0.250000
v 0.998751 0.845185 0.216506
v 1.022435 0.756797 0.125000
v 1.031103 0.724444 0.000000
v 1.022435 0.756797 -0.125000
v 0.998751 0.845185 -0.216506
v 0.966399 0.965926 -0.250000
v 0.934046 1.086667 -0.216506
v 0.910363 1.175055 -0.125000
v 0.746863 1.154849 0.000000
v 0.759681 1.123905 0.125000
v 0.794699 1.039364 0.216506
v 0.842534 0.923880 0.250000
v 0.890370 0.808395 0.216506
v 0.925388 0.723854 0.125000
v 0.938205 0.692910 0.000000
v 0.925388 0.723854 -0.125000
v 0.890370 0.808395 -0.216506
v 0.842534 0.923880 -0.250000
v 0.794699 1.039364 -0.216506
v 0.759681 1.123905 -0.125000
v 0.600218 1.082532 0.000000
v 0.616965 1.053526 0.125000
v 0.662718 0.974279 0.216506
v 0.725218 0.866026 0.250000
v 0.787718 0.757772 0.216506
v 0.833471 0.678525 0.125000
v 0.850218 0.649519 0.000000
v 0.833471 0.678525 -0.125000
v 0.787718 0.757772 -0.216506
v 0.725218 0.866026 -0.250000
v 0.662718 0.974279 -0.216506
v 0.616965 1.053526 -0.125000
v 0.464266 0.991692 0.000000
v 0.484655 0.965119 0.125000
v 0.540361 0.892522 0.216506
v 0.616456 0.793353 0.250000
v 0.692551 0.694184 0.216506
v 0.748257 0.621587 0.125000
v 0.768646 0.595015 0.000000
v 0.748257 0.621587 -0.125000
v 0.692551 0.694184 -0.216506
v 0.616456 0.793353 -0.250000
v 0.540361 0.892522 -0.216506
v 0.484655 0.965119 -0.125000
v 0.341334 0.883883 0.000000
v 0.365017 0.860200 0.125000
v 0.429722 0.795495 0.216506
v 0.518111 0.707107 0.250000
v 0.606499 0.618718 0.216506
v 0.671204 0.554013 0.125000
v 0.694887 0.530330 0.000000
v 0.671204 0.554013 -0.125000
v 0.606499 0.618718 -0.216506
v 0.518111 0.707107 -0.250000
v 0.429722 0.795495 -0.216506
v 0.365017 0.860200 -0.125000
v 0.233526 0.760952 0.000000
v 0.260098 0.740562 0.125000
v 0.332695 0.684857 0.216506
v 0.431864 0.608761 0.250000
v 0.531033 0.532666 0.216506
v 0.603630 0.476961 0.125000
v 0.630203 0.456571 0.000000
v 0.603630 0.476961 -0.125000
v 0.531033 0.532666 -0.216506
v 0.431864 0.608761 -0.250000
v 0.332695 0.684857 -0.216506
v 0.260098 0.740562 -0.125000
v 0.142686 0.625000 0.000000
v 0.171692 0.608253 0.125000
v 0.250939 0.562500 0.216506
v 0.359192 0.500000 0.250000
v 0.467445 0.437500 0.216506
v 0.546692 0.391747 0.125000
v 0.575699 0.375000 0.000000
v 0.546692 0.391747 -0.125000
v 0.467445 0.437500 -0.216506
v 0.359192 0.500000 -0.250000
v 0.250939 0.562500 -0.216506
v 0.171692 0.608253 -0.125000
v 0.070368 0.478354 0.000000
v 0.101312 0.465537 0.125000
v 0.185853 0.430519 0.216506
v 0.301338 0.382683 0.250000
v 0.416823 0.334848 0.216506
v 0.501364 0.299830 0.125000
v 0.532308 0.287013 0.000000
v 0.501364 0.299830 -0.125000
v 0.416823 0.334848 -0.216506
v 0.301338 0.382683 -0.250000
v 0.185853 0.430519 -0.216506
v 0.101312 0.465537 -0.125000
v 0.017810 0.323524 0.000000
v 0.050163 0.314855 0.125000
v 0.138551 0.291171 0.216506
v 0.259292 0.258819 0.250000
v 0.380032 0.226467 0.216506
v 0.468421 0.202783 0.125000
v 0.500773 0.194114 0.000000
v 0.468421 0.202783 -0.125000
v 0.380032 0.226467 -0.216506
v 0.259292 0.258819 -0.250000
v 0.138551 0.291171 -0.216506
v 0.050163 0.314855 -0.125000
v -0.014088 0.163158 0.000000
v 0.019119 0.158786 0.125000
v 0.109842 0.146842 0.216506
v 0.233773 0.130526 0.250000
v 0.357703 0.114211 0.216506
v 0.448427 0.102267 0.125000
v 0.481634 0.097895 0.000000
v 0.448427 0.102267 -0.125000
v 0.357703 0.114211 -0.216506
v 0.233773 0.130526 -0.250000
v 0.109842 0.146842 -0.216506
v 0.019119 0.158786 -0.125000
v -0.024782 0.000000 0.000000
v 0.008711 0.000000 0.125000
v 0.100218 0.000000 0.216506
v 0.225218 0.000000 0.250000
v 0.350218 0.000000 0.216506
v 0.441724 0.000000 0.125000
v 0.475218 0.000000 0.000000
v 0.441724 0.000000 -0.125000
v 0.350218 0.000000 -0.216506
v 0.225218 0.000000 -0.250000
v 0.100218 0.000000 -0.216506
v 0.008711 0.000000 -0.125000
v -0.014088 -0.163158 -0.000000
v 0.019119 -0.158786 0.125000
v 0.109842 -0.146842 0.216506
v 0.233773 -0.130526 0.250000
v 0.357703 -0.114211 0.216506
v 0.448427 -0.102267 0.125000
v 0.481634 -0.097895 -0.000000
v 0.448427 -0.102267 -0.125000
v 0.357703 -0.114211 -0.216506
v 0.233773 -0.130526 -0.250000
v 0.109842 -0.146842 -0.216506
v 0.019119 -0.158786 -0.125000
v 0.017810 -0.323524 -0.000000
v 0.050163 -0.314855 0.125000
v 0.138551 -0.291171 0.216506
v 0.259292 -0.258819 0.250000
v 0.380032 -0.226467 0.216506
v 0.468421 -0.202783 0.125000
v 0.500773 -0.194114 -0.000000
v 0.468421 -0.202783 -0.125000
v 0.380032 -0.226467 -0.216506
v 0.259292 -0.258819 -0.250000
v 0.138551 -0.291171 -0.216506
v 0.050163 -0.314855 -0.125000
v 0.070368 -0.478354 -0.000000
v 0.101312 -0.465536 0.125000
v 0.185853 -0.430518 0.216506
v 0.301338 -0.382683 0.250000
v 0.416823 -0.334848 0.216506
v 0.501364 -0.299830 0.125000
v 0.532308 -0.287012 -0.000000
v 0.501364 -0.299830 -0.125000
v 0.416823 -0.334848 -0.216506
v 0.301338 -0.382683 -0.250000
v 0.185853 -0.430518 -0.216506
v 0.101312 -0.465536 -0.125000
v 0.142686 -0.625000 -0.000000
v 0.171692 -0.608253 0.125000
v 0.250939 -0.562500 0.216506
v 0.359192 -0.500000 0.250000
v 0.467445 -0.437500 0.216506
v 0.546692 -0.391747 0.125000
v 0.575698 -0.375000 -0.000000
v 0.546692 -0.391747 -0.125000
v 0.467445 -0.437500 -0.216506
v 0.359192 -0.500000 -0.250000
v 0.250939 -0.562500 -0.216506
v 0.171692 -0.608253 -0.125000
v 0.233526 -0.760952 -0.000000
v 0.260098 -0.740562 0.125000
v 0.332695 -0.684857 0.216506
v 0.431864 -0.608761 0.250000
v 0.531033 -0.532666 0.216506
v 0.603630 -0.476961 0.125000
v 0.630203 -0.456571 -0.000000
v 0.603630 -0.476961 -0.125000
v 0.531033 -0.532666 -0.216506
v 0.431864 -0.608761 -0.250000
v 0.332695 -0.684857 -0.216506
v 0.260098 -0.740562 -0.125000
v 0.341334 -0.883883 -0.000000
v 0.365017 -0.860200 0.125000
v 0.429722 -0.795495 0.216506
v 0.518111 -0.707107 0.250000
v 0.606499 -0.618718 0.216506
v 0.671204 -0.554013 0.125000
v 0.694887 -0.530330 -0.000000
v 0.671204 -0.554013 -0.125000
v 0.606499 -0.618718 -0.216506
v 0.518111 -0.707107 -0.250000
v 0.429722 -0.795495 -0.216506
v 0.365017 -0.860200 -0.125000
v 0.464265 -0.991691 -0.000000
v 0.484655 -0.965119 0.125000
v 0.540361 -0.892522 0.216506
v 0.616456 -0.793353 0.250000
v 0.692551 -0.694184 0.216506
v 0.748257 -0.621587 0.125000
v 0.768646 -0.595015 -0.000000
v 0.748257 -0.621587 -0.125000
v 0.692551 -0.694184 -0.216506
v 0.616456 -0.793353 -0.250000
v 0.540361 -0.892522 -0.216506
v 0.484655 -0.965119 -0.125000
v 0.600218 -1.082532 -0.000000
v 0.616965 -1.053526 0.125000
v 0.662718 -0.974279 0.216506
v 0.725218 -0.866026 0.250000
v 0.787718 -0.757772 0.216506
v 0.833471 -0.678525 0.125000
v 0.850218 -0.649519 -0.000000
v 0.833471 -0.678525 -0.125000
v 0.787718 -0.757772 -0.216506
v 0.725218 -0.866026 -0.250000
v 0.662718 -0.974279 -0.216506
v 0.616965 -1.053526 -0.125000
v 0.746863 -1.154849 -0.000000
v 0.759681 -1.123905 0.125000
v 0.794699 -1.039364 0.216506
v 0.842534 -0.923880 0.250000
v 0.890370 -0.808395 0.216506
v 0.925388 -0.723854 0.125000
v 0.938205 -0.692910 -0.000000
v 0.925388 -0.723854 -0.125000
v 0.890370 -0.808395 -0.216506
v 0.842534 -0.923880 -0.250000
v 0.794699 -1.039364 -0.216506
v 0.759681 -1.123905 -0.125000
v 0.901693 -1.207407 -0.000000
v 0.910362 -1.175055 0.125000
v 0.934046 -1.086666 0.216506
v 0.966398 -0.965926 0.250000
v 0.998751 -0.845185 0.216506
v 1.022434 -0.756797 0.125000
v 1.031103 -0.724444 -0.000000
v 1.022434 -0.756797 -0.125000
v 0.998751 -0.845185 -0.216506
v 0.966398 -0.965926 -0.250000
v 0.934046 -1.086666 -0.216506
v 0.910362 -1.175055 -0.125000
v 1.062059 -1.239306 -0.000000
v 1.066431 -1.206099 0.125000
v 1.078375 -1.115375 0.216506
v 1.094691 -0.991445 0.250000
v 1.111007 -0.867514 0.216506
v 1.122951 -0.776791 0.125000
v 1.127322 -0.743584 -0.000000
v 1.122951 -0.776791 -0.125000
v 1.111007 -0.867514 -0.216506
v 1.094691 -0.991445 -0.250000
v 1.078375 -1.115375 -0.216506
v 1.066431 -1.206099 -0.125000
v 1.225218 -1.250000 -0.000000
v 1.225218 -1.216506 0.125000
v 1.225218 -1.125000 0.216506
v 1.225218 -1.000000 0.250000
v 1.225218 -0.875000 0.216506
v 1.225218 -0.783494 0.125000
v 1.225218 -0.750000 -0.000000
v 1.225218 -0.783494 -0.125000
v 1.225218 -0.875000 -0.216506
v 1.225218 -1.000000 -0.250000
v 1.225218 -1.125000 -0.216506
v 1.225218 -1.216506 -0.125000
v 1.388375 -1.239306 -0.000000
v 1.384003 -1.206099 0.125000
v 1.372059 -1.115376 0.216506
v 1.355744 -0.991445 0.250000
v 1.339428 -0.867514 0.216506
v 1.327484 -0.776791 0.125000
v 1.323112 -0.743584 -0.000000
v 1.327484 -0.776791 -0.125000
v 1.339428 -0.867514 -0.216506
v 1.355744 -0.991445 -0.250000
v 1.372059 -1.115376 -0.216506
v 1.384003 -1.206099 -0.125000
v 1.548741 -1.207407 -0.000000
v 1.540072 -1.175055 0.125000
v 1.516389 -1.086667 0.216506
v 1.484036 -0.965926 0.250000
v 1.451684 -0.845185 0.216506
v 1.428000 -0.756797 0.125000
v 1.419332 -0.724444 -0.000000
v 1.428000 -0.756797 -0.125000
v 1.451684 -0.845185 -0.216506
v 1.484036 -0.965926 -0.250000
v 1.516389 -1.086667 -0.216506
v 1.540072 -1.175055 -0.125000
v 1.703572 -1.154849 -0.000000
v 1.690755 -1.123905 0.125000
v 1.655737 -1.039364 0.216506
v 1.607901 -0.923879 0.250000
v 1.560066 -0.808394 0.216506
v 1.525048 -0.723854 0.125000
v 1.512230 -0.692910 -0.000000
v 1.525048 -0.723854 -0.125000
v 1.560066 -0.808394 -0.216506
v 1.607901 -0.923879 -0.250000
v 1.655737 -1.039364 -0.216506
v 1.690755 -1.123905 -0.125000
v 1.850218 -1.082532 -0.000000
v 1.833471 -1.053525 0.125000
v 1.787718 -0.974279 0.216506
v 1.725218 -0.866025 0.250000
v 1.662718 -0.757772 0.216506
v 1.616964 -0.678525 0.125000
v 1.600218 -0.649519 -0.000000
v 1.616964 -0.678525 -0.125000
v 1.662718 -0.757772 -0.216506
v 1.725218 -0.866025 -0.250000
v 1.787718 -0.974279 -0.216506
v 1.833471 -1.053525 -0.125000
v 1.986169 -0.991692 -0.000000
v 1.965779 -0.965120 0.125000
v 1.910074 -0.892523 0.216506
v 1.833979 -0.793353 0.250000
v 1.757884 -0.694184 0.216506
v 1.702178 -0.621587 0.125000
v 1.681788 -0.595015 -0.000000
v 1.702178 -0.621587 -0.125000
v 1.757884 -0.694184 -0.216506
v 1.833979 -0.793353 -0.250000
v 1.910074 -0.892523 -0.216506
v 1.965779 -0.965120 -0.125000
v 2.109101 -0.883884 -0.000000
v 2.085417 -0.860200 0.125000
v 2.020712 -0.795496 0.216506
v 1.932324 -0.707107 0.250000
v 1.843936 -0.618719 0.216506
v 1.779231 -0.554014 0.125000
v 1.755547 -0.530330 -0.000000
v 1.779231 -0.554014 -0.125000
v 1.843936 -0.618719 -0.216506
v 1.932324 -0.707107 -0.250000
v 2.020712 -0.795496 -0.216506
v 2.085417 -0.860200 -0.125000
v 2.216909 -0.760952 -0.000000
v 2.190337 -0.740562 0.125000
v 2.117740 -0.684856 0.216506
v 2.018571 -0.608761 0.250000
v 1.919402 -0.532666 0.216506
v 1.846805 -0.476961 0.125000
v 1.820233 -0.456571 -0.000000
v 1.846805 -0.476961 -0.125000
v 1.919402 -0.532666 -0.216506
v 2.018571 -0.608761 -0.250000
v 2.117740 -0.684856 -0.216506
v 2.190337 -0.740562 -0.125000
v 2.307749 -0.625000 -0.000000
v 2.278743 -0.608253 0.125000
v 2.199496 -0.562500 0.216506
v 2.091243 -0.500000 0.250000
v 1.982990 -0.437500 0.216506
v 1.903743 -0.391747 0.125000
v 1.874737 -0.375000 -0.000000
v 1.903743 -0.391747 -0.125000
v 1.982990 -0.437500 -0.216506
v 2.091243 -0.500000 -0.250000
v 2.199496 -0.562500 -0.216506
v 2.278743 -0.608253 -0.125000
v 2.380067 -0.478355 -0.000000
v 2.349123 -0.465537 0.125000
v 2.264582 -0.430519 0.216506
v 2.149097 -0.382684 0.250000
v 2.033612 -0.334848 0.216506
v 1.949071 -0.299830 0.125000
v 1.918127 -0.287013 -0.000000
v 1.949071 -0.299830 -0.125000
v 2.033612 -0.334848 -0.216506
v 2.149097 -0.382684 -0.250000
v 2.264582 -0.430519 -0.216506
v 2.349123 -0.465537 -0.125000
v 2.432625 -0.323523 -0.000000
v 2.400273 -0.314855 0.125000
v 2.311884 -0.291171 0.216506
v 2.191144 -0.258819 0.250000
v 2.070403 -0.226466 0.216506
v 1.982014 -0.202783 0.125000
v 1.949662 -0.194114 -0.000000
v 1.982014 -0.202783 -0.125000
v 2.070403 -0.226466 -0.216506
v 2.191144 -0.258819 -0.250000
v 2.311884 -0.291171 -0.216506
v 2.400273 -0.314855 -0.125000
v 2.464524 -0.163158 -0.000000
v 2.431317 -0.158786 0.125000
v 2.340593 -0.146842 0.216506
v 2.216662 -0.130526 0.250000
v 2.092732 -0.114210 0.216506
v 2.002008 -0.102266 0.125000
v 1.968801 -0.097895 -0.000000
v 2.002008 -0.102266 -0.125000
v 2.092732 -0.114210 -0.216506
v 2.216662 -0.130526 -0.250000
v 2.340593 -0.146842 -0.216506
v 2.431317 -0.158786 -0.125000
v 1.250000 0.000000 0.000000
v 1.216506 0.125000 0.000000
v 1.125000 0.216506 0.000000
v 1.000000 0.250000 0.000000
v 0.875000 0.216506 0.000000
v 0.783494 0.125000 0.000000
v 0.750000 0.000000 0.000000
v 0.783494 -0.125000 0.000000
v 0.875000 -0.216506 0.000000
v 1.000000 -0.250000 0.000000
v 1.125000 -0.216506 0.000000
v 1.216506 -0.125000 0.000000
v 1.239306 0.000000 -0.163158
v 1.206099 0.125000 -0.158786
v 1.115376 0.216506 -0.146842
v 0.991445 0.250000 -0.130526
v 0.867514 0.216506 -0.114210
v 0.776791 0.125000 -0.102266
v 0.743584 0.000000 -0.097895
v 0.776791 -0.125000 -0.102266
v 0.867514 -0.216506 -0.114210
v 0.991445 -0.250000 -0.130526
v 1.115376 -0.216506 -0.146842
v 1.206099 -0.125000 -0.158786
v 1.207407 0.000000 -0.323524
v 1.175055 0.125000 -0.314855
v 1.086667 0.216506 -0.291171
v 0.965926 0.250000 -0.258819
v 0.845185 0.216506 -0.226467
v 0.756797 0.125000 -0.202783
v 0.724444 0.000000 -0.194114
v 0.756797 -0.125000 -0.202783
v 0.845185 -0.216506 -0.226467
v 0.965926 -0.250000 -0.258819
v 1.086667 -0.216506 -0.291171
v 1.175055 -0.125000 -0.314855
v 1.154849 0.000000 -0.478354
v 1.123905 0.125000 -0.465537
v 1.039364 0.216506 -0.430519
v 0.923880 0.250000 -0.382683
v 0.808395 0.216506 -0.334848
v 0.723854 0.125000 -0.299830
v 0.692910 0.000000 -0.287013
v 0.723854 -0.125000 -0.299830
v 0.808395 -0.216506 -0.334848
v 0.923880 -0.250000 -0.382683
v 1.039364 -0.216506 -0.430519
v 1.123905 -0.125000 -0.465537
v 1.082532 0.000000 -0.625000
v 1.053525 0.125000 -0.608253
v 0.974279 0.216506 -0.562500
v 0.866025 0.250000 -0.500000
v 0.757772 0.216506 -0.437500
v 0.678525 0.125000 -0.391747
v 0.649519 0.000000 -0.375000
v 0.678525 -0.125000 -0.391747
v 0.757772 -0.216506 -0.437500
v 0.866025 -0.250000 -0.500000
v 0.974279 -0.216506 -0.562500
v 1.053525 -0.125000 -0.608253
v 0.991692 0.000000 -0.760952
v 0.965119 0.125000 -0.740562
v 0.892523 0.216506 -0.684856
v 0.793353 0.250000 -0.608761
v 0.694184 0.216506 -0.532666
v 0.621587 0.125000 -0.476961
v 0.595015 0.000000 -0.456571
v 0.621587 -0.125000 -0.476961
v 0.694184 -0.216506 -0.532666
v 0.793353 -0.250000 -0.608761
v 0.892523 -0.216506 -0.684856
v 0.965119 -0.125000 -0.740562
v 0.883883 0.000000 -0.883884
v 0.860200 0.125000 -0.860200
v 0.795495 0.216506 -0.795495
v 0.707107 0.250000 -0.707107
v 0.618718 0.216506 -0.618719
v 0.554014 0.125000 -0.554014
v 0.530330 0.000000 -0.530330
v 0.554014 -0.125000 -0.554014
v 0.618718 -0.216506 -0.618719
v 0.707107 -0.250000 -0.707107
v 0.795495 -0.216506 -0.795495
v 0.860200 -0.125000 -0.860200
v 0.760952 0.000000 -0.991691
v 0.740562 0.125000 -0.965119
v 0.684857 0.216506 -0.892522
v 0.608762 0.250000 -0.793353
v 0.532666 0.216506 -0.694184
v 0.476961 0.125000 -0.621587
v 0.456571 0.000000 -0.595015
v 0.476961 -0.125000 -0.621587
v 0.532666 -0.216506 -0.694184
v 0.608762 -0.250000 -0.793353
v 0.684857 -0.216506 -0.892522
v 0.740562 -0.125000 -0.965119
v 0.625000 0.000000 -1.082532
v 0.608253 0.125000 -1.053525
v 0.562500 0.216506 -0.974279
v 0.500000 0.250000 -0.866025
v 0.437500 0.216506 -0.757772
v 0.391747 0.125000 -0.678525
v 0.375000 0.000000 -0.649519
v 0.391747 -0.125000 -0.678525
v 0.437500 -0.216506 -0.757772
v 0.500000 -0.250000 -0.866025
v 0.562500 -0.216506 -0.974279
v 0.608253 -0.125000 -1.053525
v 0.478355 0.000000 -1.154849
v 0.465537 0.125000 -1.123905
v 0.430519 0.216506 -1.039364
v 0.382684 0.250000 -0.923879
v 0.334848 0.216506 -0.808394
v 0.299830 0.125000 -0.723854
v 0.287013 0.000000 -0.692910
v 0.299830 -0.125000 -0.723854
v 0.334848 -0.216506 -0.808394
v 0.382684 -0.250000 -0.923879
v 0.430519 -0.216506 -1.039364
v 0.465537 -0.125000 -1.123905
v 0.323524 0.000000 -1.207407
v 0.314855 0.125000 -1.175055
v 0.291171 0.216506 -1.086667
v 0.258819 0.250000 -0.965926
v 0.226467 0.216506 -0.845185
v 0.202783 0.125000 -0.756797
v 0.194114 0.000000 -0.724444
v 0.202783 -0.125000 -0.756797
v 0.226467 -0.216506 -0.845185
v 0.258819 -0.250000 -0.965926
v 0.291171 -0.216506 -1.086667
v 0.314855 -0.125000 -1.175055
v 0.163157 0.000000 -1.239306
v 0.158786 0.125000 -1.206099
v 0.146842 0.216506 -1.115376
v 0.130526 0.250000 -0.991445
v 0.114210 0.216506 -0.867514
v 0.102266 0.125000 -0.776791
v 0.097895 0.000000 -0.743584
v 0.102266 -0.125000 -0.776791
v 0.114210 -0.216506 -0.867514
v 0.130526 -0.250000 -0.991445
v 0.146842 -0.216506 -1.115376
v 0.158786 -0.125000 -1.206099
v 0.000000 0.000000 -1.250000
v 0.000000 0.125000 -1.216506
v 0.000000 0.216506 -1.125000
v 0.000000 0.250000 -1.000000
v 0.000000 0.216506 -0.875000
v 0.000000 0.125000 -0.783494
v 0.000000 0.000000 -0.750000
v 0.000000 -0.125000 -0.783494
v 0.000000 -0.216506 -0.875000
v 0.000000 -0.250000 -1.000000
v 0.000000 -0.216506 -1.125000
v 0.000000 -0.125000 -1.216506
v -0.163158 0.000000 -1.239306
v -0.158786 0.125000 -1.206099
v -0.146842 0.216506 -1.115375
v -0.130526 0.250000 -0.991445
v -0.114211 0.216506 -0.867514
v -0.102267 0.125000 -0.776791
v -0.097895 0.000000 -0.743584
v -0.102267 -0.125000 -0.776791
v -0.114211 -0.216506 -0.867514
v -0.130526 -0.250000 -0.991445
v -0.146842 -0.216506 -1.115375
v -0.158786 -0.125000 -1.206099
v -0.323524 0.000000 -1.207407
v -0.314855 0.125000 -1.175055
v -0.291171 0.216506 -1.086667
v -0.258819 0.250000 -0.965926
v -0.226467 0.216506 -0.845185
v -0.202783 0.125000 -0.756797
v -0.194114 0.000000 -0.724444
v -0.202783 -0.125000 -0.756797
v -0.226467 -0.216506 -0.845185
v -0.258819 -0.250000 -0.965926
v -0.291171 -0.216506 -1.086667
v -0.314855 -0.125000 -1.175055
v -0.478354 0.000000 -1.154849
v -0.465537 0.125000 -1.123905
v -0.430519 0.216506 -1.039364
v -0.382684 0.250000 -0.923880
v -0.334848 0.216506 -0.808395
v -0.299830 0.125000 -0.723854
v -0.287013 0.000000 -0.692910
v -0.299830 -0.125000 -0.723854
v -0.334848 -0.216506 -0.808395
v -0.382684 -0.250000 -0.923880
v -0.430519 -0.216506 -1.039364
v -0.465537 -0.125000 -1.123905
v -0.625000 0.000000 -1.082532
v -0.608253 0.125000 -1.053526
v -0.562500 0.216506 -0.974279
v -0.500000 0.250000 -0.866026
v -0.437500 0.216506 -0.757772
v -0.391747 0.125000 -0.678525
v -0.375000 0.000000 -0.649519
v -0.391747 -0.125000 -0.678525
v -0.437500 -0.216506 -0.757772
v -0.500000 -0.250000 -0.866026
v -0.562500 -0.216506 -0.974279
v -0.608253 -0.125000 -1.053526
v -0.760952 0.000000 -0.991692
v -0.740562 0.125000 -0.965119
v -0.684857 0.216506 -0.892522
v -0.608761 0.250000 -0.793353
v -0.532666 0.216506 -0.694184
v -0.476961 0.125000 -0.621587
v -0.456571 0.000000 -0.595015
v -0.476961 -0.125000 -0.621587
v -0.532666 -0.216506 -0.694184
v -0.608761 -0.250000 -0.793353
v -0.684857 -0.216506 -0.892522
v -0.740562 -0.125000 -0.965119
v -0.883884 0.000000 -0.883883
v -0.860200 0.125000 -0.860200
v -0.795495 0.216506 -0.795495
v -0.707107 0.250000 -0.707107
v -0.618719 0.216506 -0.618718
v -0.554014 0.125000 -0.554013
v -0.530330 0.000000 -0.530330
v -0.554014 -0.125000 -0.554013
v -0.618719 -0.216506 -0.618718
v -0.707107 -0.250000 -0.707107
v -0.795495 -0.216506 -0.795495
v -0.860200 -0.125000 -0.860200
v -0.991692 0.000000 -0.760952
v -0.965119 0.125000 -0.740562
v -0.892523 0.216506 -0.684857
v -0.793353 0.250000 -0.608761
v -0.694184 0.216506 -0.532666
v -0.621587 0.125000 -0.476961
v -0.595015 0.000000 -0.456571
v -0.621587 -0.125000 -0.476961
v -0.694184 -0.216506 -0.532666
v -0.793353 -0.250000 -0.608761
v -0.892523 -0.216506 -0.684857
v -0.965119 -0.125000 -0.740562
v -1.082532 0.000000 -0.625000
v -1.053525 0.125000 -0.608253
v -0.974278 0.216506 -0.562500
v -0.866025 0.250000 -0.500000
v -0.757772 0.216506 -0.437500
v -0.678525 0.125000 -0.391747
v -0.649519 0.000000 -0.375000
v -0.678525 -0.125000 -0.391747
v -0.757772 -0.216506 -0.437500
v -0.866025 -0.250000 -0.500000
v -0.974278 -0.216506 -0.562500
v -1.053525 -0.125000 -0.608253
v -1.154849 0.000000 -0.478354
v -1.123905 0.125000 -0.465537
v -1.039365 0.216506 -0.430519
v -0.923879 0.250000 -0.382683
v -0.808395 0.216506 -0.334848
v -0.723854 0.125000 -0.299830
v -0.692910 0.000000 -0.287013
v -0.723854 -0.125000 -0.299830
v -0.808395 -0.216506 -0.334848
v -0.923879 -0.250000 -0.382683
v -1.039365 -0.216506 -0.430519
v -1.123905 -0.125000 -0.465537
v -1.207407 0.000000 -0.323524
v -1.175055 0.125000 -0.314855
v -1.086667 0.216506 -0.291171
v -0.965926 0.250000 -0.258819
v -0.845185 0.216506 -0.226467
v -0.756797 0.125000 -0.202783
v -0.724444 0.000000 -0.194114
v -0.756797 -0.125000 -0.202783
v -0.845185 -0.216506 -0.226467
v -0.965926 -0.250000 -0.258819
v -1.086667 -0.216506 -0.291171
v -1.175055 -0.125000 -0.314855
v -1.239306 0.000000 -0.163158
v -1.206099 0.125000 -0.158786
v -1.115375 0.216506 -0.146842
v -0.991445 0.250000 -0.130526
v -0.867514 0.216506 -0.114211
v -0.776791 0.125000 -0.102267
v -0.743584 0.000000 -0.097895
v -0.776791 -0.125000 -0.102267
v -0.867514 -0.216506 -0.114211
v -0.991445 -0.250000 -0.130526
v -1.115375 -0.216506 -0.146842
v -1.206099 -0.125000 -0.158786
v -1.250000 0.000000 -0.000000
v -1.216506 0.125000 -0.000000
v -1.125000 0.216506 -0.000000
v -1.000000 0.250000 -0.000000
v -0.875000 0.216506 -0.000000
v -0.783494 0.125000 -0.000000
v -0.750000 0.000000 -0.000000
v -0.783494 -0.125000 -0.000000
v -0.875000 -0.216506 -0.000000
v -1.000000 -0.250000 -0.000000
v -1.125000 -0.216506 -0.000000
v -1.216506 -0.125000 -0.000000
v -1.239306 0.000000 0.163158
v -1.206099 0.125000 0.158786
v -1.115375 0.216506 0.146842
v -0.991445 0.250000 0.130526
v -0.867514 0.216506 0.114211
v -0.776791 0.125000 0.102267
v -0.743584 0.000000 0.097895
v -0.776791 -0.125000 0.102267
v -0.867514 -0.216506 0.114211
v -0.991445 -0.250000 0.130526
v -1.115375 -0.216506 0.146842
v -1.206099 -0.125000 0.158786
v -1.207407 0.000000 0.323524
v -1.175055 0.125000 0.314855
v -1.086667 0.216506 0.291171
v -0.965926 0.250000 0.258819
v -0.845185 0.216506 0.226467
v -0.756797 0.125000 0.202783
v -0.724444 0.000000 0.194114
v -0.756797 -0.125000 0.202783
v -0.845185 -0.216506 0.226467
v -0.965926 -0.250000 0.258819
v -1.086667 -0.216506 0.291171
v -1.175055 -0.125000 0.314855
v -1.154850 0.000000 0.478354
v -1.123905 0.125000 0.465536
v -1.039365 0.216506 0.430518
v -0.923880 0.250000 0.382683
v -0.808395 0.216506 0.334848
v -0.723854 0.125000 0.299830
v -0.692910 0.000000 0.287012
v -0.723854 -0.125000 0.299830
v -0.808395 -0.216506 0.334848
v -0.923880 -0.250000 0.382683
v -1.039365 -0.216506 0.430518
v -1.123905 -0.125000 0.465536
v -1.082532 0.000000 0.625000
v -1.053526 0.125000 0.608253
v -0.974279 0.216506 0.562500
v -0.866025 0.250000 0.500000
v -0.757772 0.216506 0.437500
v -0.678525 0.125000 0.391747
v -0.649519 0.000000 0.375000
v -0.678525 -0.125000 0.391747
v -0.757772 -0.216506 0.437500
v -0.866025 -0.250000 0.500000
v -0.974279 -0.216506 0.562500
v -1.053526 -0.125000 0.608253
v -0.991692 0.000000 0.760952
v -0.965119 0.125000 0.740562
v -0.892523 0.216506 0.684857
v -0.793353 0.250000 0.608761
v -0.694184 0.216506 0.532666
v -0.621587 0.125000 0.476961
v -0.595015 0.000000 0.456571
v -0.621587 -0.125000 0.476961
v -0.694184 -0.216506 0.532666
v -0.793353 -0.250000 0.608761
v -0.892523 -0.216506 0.684857
v -0.965119 -0.125000 0.740562
v -0.883884 0.000000 0.883883
v -0.860200 0.125000 0.860200
v -0.795495 0.216506 0.795495
v -0.707107 0.250000 0.707107
v -0.618719 0.216506 0.618718
v -0.554014 0.125000 0.554013
v -0.530330 0.000000 0.530330
v -0.554014 -0.125000 0.554013
v -0.618719 -0.216506 0.618718
v -0.707107 -0.250000 0.707107
v -0.795495 -0.216506 0.795495
v -0.860200 -0.125000 0.860200
v -0.760952 0.000000 0.991691
v -0.740563 0.125000 0.965119
v -0.684857 0.216506 0.892522
v -0.608762 0.250000 0.793353
v -0.532667 0.216506 0.694184
v -0.476961 0.125000 0.621587
v -0.456571 0.000000 0.595015
v -0.476961 -0.125000 0.621587
v -0.532667 -0.216506 0.694184
v -0.608762 -0.250000 0.793353
v -0.684857 -0.216506 0.892522
v -0.740563 -0.125000 0.965119
v -0.625000 0.000000 1.082532
v -0.608253 0.125000 1.053526
v -0.562500 0.216506 0.974279
v -0.500000 0.250000 0.866026
v -0.437500 0.216506 0.757772
v -0.391747 0.125000 0.678525
v -0.375000 0.000000 0.649519
v -0.391747 -0.125000 0.678525
v -0.437500 -0.216506 0.757772
v -0.500000 -0.250000 0.866026
v -0.562500 -0.216506 0.974279
v -0.608253 -0.125000 1.053526
v -0.478354 0.000000 1.154849
v -0.465537 0.125000 1.123905
v -0.430519 0.216506 1.039364
v -0.382684 0.250000 0.923880
v -0.334848 0.216506 0.808395
v -0.299830 0.125000 0.723854
v -0.287013 0.000000 0.692910
v -0.299830 -0.125000 0.723854
v -0.334848 -0.216506 0.808395
v -0.382684 -0.250000 0.923880
v -0.430519 -0.216506 1.039364
v -0.465537 -0.125000 1.123905
v -0.323524 0.000000 1.207407
v -0.314855 0.125000 1.175055
v -0.291172 0.216506 1.086666
v -0.258819 0.250000 0.965926
v -0.226467 0.216506 0.845185
v -0.202783 0.125000 0.756797
v -0.194115 0.000000 0.724444
v -0.202783 -0.125000 0.756797
v -0.226467 -0.216506 0.845185
v -0.258819 -0.250000 0.965926
v -0.291172 -0.216506 1.086666
v -0.314855 -0.125000 1.175055
v -0.163159 0.000000 1.239306
v -0.158787 0.125000 1.206099
v -0.146843 0.216506 1.115375
v -0.130527 0.250000 0.991445
v -0.114211 0.216506 0.867514
v -0.102267 0.125000 0.776791
v -0.097895 0.000000 0.743584
v -0.102267 -0.125000 0.776791
v -0.114211 -0.216506 0.867514
v -0.130527 -0.250000 0.991445
v -0.146843 -0.216506 1.115375
v -0.158787 -0.125000 1.206099
v 0.000000 0.000000 1.250000
v 0.000000 0.125000 1.216506
v 0.000000 0.216506 1.125000
v 0.000000 0.250000 1.000000
v 0.000000 0.216506 0.875000
v 0.000000 0.125000 0.783494
v 0.000000 0.000000 0.750000
v 0.000000 -0.125000 0.783494
v 0.000000 -0.216506 0.875000
v 0.000000 -0.250000 1.000000
v 0.000000 -0.216506 1.125000
v 0.000000 -0.125000 1.216506
v 0.163157 0.000000 1.239306
v 0.158786 0.125000 1.206099
v 0.146842 0.216506 1.115376
v 0.130526 0.250000 0.991445
v 0.114210 0.216506 0.867514
v 0.102266 0.125000 0.776791
v 0.097895 0.000000 0.743584
v 0.102266 -0.125000 0.776791
v 0.114210 -0.216506 0.867514
v 0.130526 -0.250000 0.991445
v 0.146842 -0.216506 1.115376
v 0.158786 -0.125000 1.206099
v 0.323523 0.000000 1.207407
v 0.314855 0.125000 1.175055
v 0.291171 0.216506 1.086667
v 0.258819 0.250000 0.965926
v 0.226466 0.216506 0.845185
v 0.202783 0.125000 0.756797
v 0.194114 0.000000 0.724444
v 0.202783 -0.125000 0.756797
v 0.226466 -0.216506 0.845185
v 0.258819 -0.250000 0.965926
v 0.291171 -0.216506 1.086667
v 0.314855 -0.125000 1.175055
v 0.478355 0.000000 1.154849
v 0.465537 0.125000 1.123905
v 0.430519 0.216506 1.039364
v 0.382684 0.250000 0.923879
v 0.334848 0.216506 0.808394
v 0.299830 0.125000 0.723854
v 0.287013 0.000000 0.692910
v 0.299830 -0.125000 0.723854
v 0.334848 -0.216506 0.808394
v 0.382684 -0.250000 0.923879
v 0.430519 -0.216506 1.039364
v 0.465537 -0.125000 1.123905
v 0.625000 0.000000 1.082532
v 0.608253 0.125000 1.053525
v 0.562500 0.216506 0.974279
v 0.500000 0.250000 0.866025
v 0.437500 0.216506 0.757772
v 0.391747 0.125000 0.678525
v 0.375000 0.000000 0.649519
v 0.391747 -0.125000 0.678525
v 0.437500 -0.216506 0.757772
v 0.500000 -0.250000 0.866025
v 0.562500 -0.216506 0.974279
v 0.608253 -0.125000 1.053525
v 0.760952 0.000000 0.991692
v 0.740562 0.125000 0.965120
v 0.684856 0.216506 0.892523
v 0.608761 0.250000 0.793353
v 0.532666 0.216506 0.694184
v 0.476961 0.125000 0.621587
v 0.456571 0.000000 0.595015
v 0.476961 -0.125000 0.621587
v 0.532666 -0.216506 0.694184
v 0.608761 -0.250000 0.793353
v 0.684856 -0.216506 0.892523
v 0.740562 -0.125000 0.965120
v 0.883883 0.000000 0.883884
v 0.860199 0.125000 0.860200
v 0.795495 0.216506 0.795496
v 0.707106 0.250000 0.707107
v 0.618718 0.216506 0.618719
v 0.554013 0.125000 0.554014
v 0.530330 0.000000 0.530330
v 0.554013 -0.125000 0.554014
v 0.618718 -0.216506 0.618719
v 0.707106 -0.250000 0.707107
v 0.795495 -0.216506 0.795496
v 0.860199 -0.125000 0.860200
v 0.991692 0.000000 0.760952
v 0.965119 0.125000 0.740562
v 0.892523 0.216506 0.684856
v 0.793353 0.250000 0.608761
v 0.694184 0.216506 0.532666
v 0.621587 0.125000 0.476961
v 0.595015 0.000000 0.456571
v 0.621587 -0.125000 0.476961
v 0.694184 -0.216506 0.532666
v 0.793353 -0.250000 0.608761
v 0.892523 -0.216506 0.684856
v 0.965119 -0.125000 0.740562
v 1.082532 0.000000 0.625000
v 1.053525 0.125000 0.608253
v 0.974279 0.216506 0.562500
v 0.866025 0.250000 0.500000
v 0.757772 0.216506 0.437500
v 0.678525 0.125000 0.391747
v 0.649519 0.000000 0.375000
v 0.678525 -0.125000 0.391747
v 0.757772 -0.216506 0.437500
v 0.866025 -0.250000 0.500000
v 0.974279 -0.216506 0.562500
v 1.053525 -0.125000 0.608253
v 1.154849 0.000000 0.478355
v 1.123905 0.125000 0.465537
v 1.039364 0.216506 0.430519
v 0.923879 0.250000 0.382684
v 0.808394 0.216506 0.334848
v 0.723854 0.125000 0.299830
v 0.692910 0.000000 0.287013
v 0.723854 -0.125000 0.299830
v 0.808394 -0.216506 0.334848
v 0.923879 -0.250000 0.382684
v 1.039364 -0.216506 0.430519
v 1.123905 -0.125000 0.465537
v 1.207407 0.000000 0.323523
v 1.175055 0.125000 0.314855
v 1.086667 0.216506 0.291171
v 0.965926 0.250000 0.258819
v 0.845185 0.216506 0.226466
v 0.756797 0.125000 0.202783
v 0.724444 0.000000 0.194114
v 0.756797 -0.125000 0.202783
v 0.845185 -0.216506 0.226466
v 0.965926 -0.250000 0.258819
v 1.086667 -0.216506 0.291171
v 1.175055 -0.125000 0.314855
v 1.239306 0.000000 0.163158
v 1.206099 0.125000 0.158786
v 1.115376 0.216506 0.146842
v 0.991445 0.250000 0.130526
v 0.867514 0.216506 0.114210
v 0.776791 0.125000 0.102266
v 0.743584 0.000000 0.097895
v 0.776791 -0.125000 0.102266
v 0.867514 -0.216506 0.114210
v 0.991445 -0.250000 0.130526
v 1.115376 -0.216506 0.146842
v 1.206099 -0.125000 0.158786
vn 0.9640 0.0632 0.2583
vn 0.7063 0.0463 0.7063
vn 0.2588 0.0170 0.9658
vn -0.2588 -0.0170 0.9658
vn -0.7063 -0.0463 0.7063
vn -0.9640 -0.0632 0.2583
vn -0.9640 -0.0632 -0.2583
vn -0.7063 -0.0463 -0.7063
vn -0.2588 -0.0170 -0.9658
vn 0.2588 0.0170 -0.9658
vn 0.7063 0.0463 -0.7063
vn 0.9640 0.0632 -0.2583
vn 0.9475 0.1885 0.2583
vn 0.6943 0.1381 0.7063
vn 0.2544 0.0506 0.9658
vn -0.2544 -0.0506 0.9658
vn -0.6943 -0.1381 0.7063
vn -0.9475 -0.1885 0.2583
vn -0.9475 -0.1885 -0.2583
vn -0.6943 -0.1381 -0.7063
vn -0.2544 -0.0506 -0.9658
vn 0.2544 0.0506 -0.9658
vn 0.6943 0.1381 -0.7063
vn 0.9475 0.1885 -0.2583
vn 0.9148 0.3105 0.2583
vn 0.6703 0.2275 0.7063
vn 0.2456 0.0834 0.9658
vn -0.2456 -0.0834 0.9658
vn -0.6703 -0.2275 0.7063
vn -0.9148 -0.3105 0.2583
vn -0.9148 -0.3105 -0.2583
vn -0.6703 -0.2275 -0.7063
vn -0.2456 -0.0834 -0.9658
vn 0.2456 0.0834 -0.9658
vn 0.6703 0.2275 -0.7063
vn 0.9148 0.3105 -0.2583
vn 0.8664 0.4273 0.2583
vn 0.6349 0.3131 0.7063
vn 0.2326 0.1147 0.9658
vn -0.2326 -0.1147 0.9658
vn -0.6349 -0.3131 0.7063
vn -0.8664 -0.4273 0.2583
vn -0.8664 -0.4273 -0.2583
vn -0.6349 -0.3131 -0.7063
vn -0.2326 -0.1147 -0.9658
vn 0.2326 0.1147 -0.9658
vn 0.6349 0.3131 -0.7063
vn 0.8664 0.4273 -0.2583
vn 0.8033 0.5367 0.2583
vn 0.5886 0.3933 0.7063
vn 0.2156 0.1441 0.9658
vn -0.2156 -0.1441 0.9658
vn -0.5886 -0.3933 0.7063
vn -0.8033 -0.5367 0.2583
vn -0.8033 -0.5367 -0.2583
vn -0.5886 -0.3933 -0.7063
vn -0.2156 -0.1441 -0.9658
vn 0.2156 0.1441 -0.9658
vn 0.5886 0.3933 -0.7063
vn 0.8033 0.5367 -0.2583
vn 0.7263 0.6370 0.2583
vn 0.5322 0.4667 0.7063
vn 0.1950 0.1710 0.9658
vn -0.1950 -0.1710 0.9658
vn -0.5322 -0.4667 0.7063
vn -0.7263 -0.6370 0.2583
vn -0.7263 -0.6370 -0.2583
vn -0.5322 -0.4667 -0.7063
vn -0.1950 -0.1710 -0.9658
vn 0.1950 0.1710 -0.9658
vn 0.5322 0.4667 -0.7063
vn 0.7263 0.6370 -0.2583
vn 0.6370 0.7263 0.2583
vn 0.4667 0.5322 0.7063
vn 0.1710 0.1950 0.9658
vn -0.1710 -0.1950 0.9658
vn -0.4667 -0.5322 0.7063
vn -0.6370 -0.7263 0.2583
vn -0.6370 -0.7263 -0.2583
vn -0.4667 -0.5322 -0.7063
vn -0.1710 -0.1950 -0.9658
vn 0.1710 0.1950 -0.9658
vn 0.4667 0.5322 -0.7063
vn 0.6370 0.7263 -0.2583
vn 0.5367 0.8033 0.2583
vn 0.3933 0.5886 0.7063
vn 0.1441 0.2156 0.9658
vn -0.1441 -0.2156 0.9658
vn -0.3933 -0.5886 0.7063
vn -0.5367 -0.8033 0.2583
vn -0.5367 -0.8033 -0.2583
vn -0.3933 -0.5886 -0.7063
vn -0.1441 -0.2156 -0.9658
vn 0.1441 0.2156 -0.9658
vn 0.3933 0.5886 -0.7063
vn 0.5367 0.8033 -0.2583
vn 0.4273 0.8664 0.2583
vn 0.3131 0.6349 0.7063
vn 0.1147 0.2326 0.9658
vn -0.1147 -0.2326 0.9658
vn -0.3131 -0.6349 0.7063
vn -0.4273 -0.8664 0.2583
vn -0.4273 -0.8664 -0.2583
vn -0.3131 -0.6349 -0.7063
vn -0.1147 -0.2326 -0.9658
vn 0.1147 0.2326 -0.9658
vn 0.3131 0.6349 -0.7063
vn 0.4273 0.8664 -0.2583
vn 0.3105 0.9148 0.2583
vn 0.2275 0.6703 0.7063
vn 0.0834 0.2456 0.9658
vn -0.0834 -0.2456 0.9658
vn -0.2275 -0.6703 0.7063
vn -0.3105 -0.9148 0.2583
vn -0.3105 -0.9148 -0.2583
vn -0.2275 -0.6703 -0.7063
vn -0.0834 -0.2456 -0.9658
vn 0.0834 0.2456 -0.9658
vn 0.2275 0.6703 -0.7063
vn 0.3105 0.9148 -0.2583
vn 0.1885 0.9475 0.2583
vn 0.1381 0.6943 0.7063
vn 0.0506 0.2544 0.9658
vn -0.0506 -0.2544 0.9658
vn -0.1381 -0.6943 0.7063
vn -0.1885 -0.9475 0.2583
vn -0.1885 -0.9475 -0.2583
vn -0.1381 -0.6943 -0.7063
vn -0.0506 -0.2544 -0.9658
vn 0.0506 0.2544 -0.9658
vn 0.1381 0.6943 -0.7063
vn 0.1885 0.9475 -0.2583
vn 0.0632 0.9640 0.2583
vn 0.0463 0.7063 0.7063
vn 0.0170 0.2588 0.9658
vn -0.0170 -0.2588 0.9658
vn -0.0463 -0.7063 0.7063
vn -0.0632 -0.9640 0.2583
vn -0.0632 -0.9640 -0.2583
vn -0.0463 -0.7063 -0.7063
vn -0.0170 -0.2588 -0.9658
vn 0.0170 0.2588 -0.9658
vn 0.0463 0.7063 -0.7063
vn 0.0632 0.9640 -0.2583
vn -0.0632 0.9640 0.2583
vn -0.0463 0.7063 0.7063
vn -0.0170 0.2588 0.9658
vn 0.0170 -0.2588 0.9658
vn 0.0463 -0.7063 0.7063
vn 0.0632 -0.9640 0.2583
vn 0.0632 -0.9640 -0.2583
vn 0.0463 -0.7063 -0.7063
vn 0.0170 -0.2588 -0.9658
vn -0.0170 0.2588 -0.9658
vn -0.0463 0.7063 -0.7063
vn -0.0632 0.9640 -0.2583
vn -0.1885 0.9475 0.2583
vn -0.1381 0.6943 0.7063
vn -0.0506 0.2544 0.9658
vn 0.0506 -0.2544 0.9658
vn 0.1381 -0.6943 0.7063
vn 0.1885 -0.9475 0.2583
vn 0.1885 -0.9475 -0.2583
vn 0.1381 -0.6943 -0.7063
vn 0.0506 -0.2544 -0.9658
vn -0.0506 0.2544 -0.9658
vn -0.1381 0.6943 -0.7063
vn -0.1885 0.9475 -0.2583
vn -0.3105 0.9148 0.2583
vn -0.2275 0.6703 0.7063
vn -0.0834 0.2456 0.9658
vn 0.0834 -0.2456 0.9658
vn 0.2275 -0.6703 0.7063
vn 0.3105 -0.9148 0.2583
vn 0.3105 -0.9148 -0.2583
vn 0.2275 -0.6703 -0.7063
vn 0.0834 -0.2456 -0.9658
vn -0.0834 0.2456 -0.9658
vn -0.2275 0.6703 -0.7063
vn -0.3105 0.9148 -0.2583
vn -0.4273 0.8664 0.2583
vn -0.3131 0.6349 0.7063
vn -0.1147 0.2326 0.9658
vn 0.1147 -0.2326 0.9658
vn 0.3131 -0.6349 0.7063
vn 0.4273 -0.8664 0.2583
vn 0.4273 -0.8664 -0.2583
vn 0.3131 -0.6349 -0.7063
vn 0.1147 -0.2326 -0.9658
vn -0.1147 0.2326 -0.9658
vn -0.3131 0.6349 -0.7063
vn -0.4273 0.8664 -0.2583
vn -0.5367 0.8033 0.2583
vn -0.3933 0.5886 0.7063
vn -0.1441 0.2156 0.9658
vn 0.1441 -0.2156 0.9658
vn 0.3933 -0.5886 0.7063
vn 0.5367 -0.8033 0.2583
vn 0.5367 -0.8033 -0.2583
vn 0.3933 -0.5886 -0.7063
vn 0.1441 -0.2156 -0.9658
vn -0.1441 0.2156 -0.9658
vn -0.3933 0.5886 -0.7063
vn -0.5367 0.8033 -0.2583
vn -0.6370 0.7263 0.2583
vn -0.4667 0.5322 0.7063
vn -0.1710 0.1950 0.9658
vn 0.1710 -0.1950 0.9658
vn 0.4667 -0.5322 0.7063
vn 0.6370 -0.7263 0.2583
vn 0.6370 -0.7263 -0.2583
vn 0.4667 -0.5322 -0.7063
vn 0.1710 -0.1950 -0.9658
vn -0.1710 0.1950 -0.9658
vn -0.4667 0.5322 -0.7063
vn -0.6370 0.7263 -0.2583
vn -0.7263 0.6370 0.2583
vn -0.5322 0.4667 0.7063
vn -0.1950 0.1710 0.9658
vn 0.1950 -0.1710 0.9658
vn 0.5322 -0.4667 0.7063
vn 0.7263 -0.6370 0.2583
vn 0.7263 -0.6370 -0.2583
vn 0.5322 -0.4667 -0.7063
vn 0.1950 -0.1710 -0.9658
vn -0.1950 0.1710 -0.9658
vn -0.5322 0.4667 -0.7063
vn -0.7263 0.6370 -0.2583
vn -0.8033 0.5367 0.2583
vn -0.5886 0.3933 0.7063
vn -0.2156 0.1441 0.9658
vn 0.2156 -0.1441 0.9658
vn 0.5886 -0.3933 0.7063
vn 0.8033 -0.5367 0.2583
vn 0.8033 -0.5367 -0.2583
vn 0.5886 -0.3933 -0.7063
vn 0.2156 -0.1441 -0.9658
vn -0.2156 0.1441 -0.9658
vn -0.5886 0.3933 -0.7063
vn -0.8033 0.5367 -0.2583
vn -0.8664 0.4273 0.2583
vn -0.6349 0.3131 0.7063
vn -0.2326 0.1147 0.9658
vn 0.2326 -0.1147 0.9658
vn 0.6349 -0.3131 0.7063
vn 0.8664 -0.4273 0.2583
vn 0.8664 -0.4273 -0.2583
vn 0.6349 -0.3131 -0.7063
vn 0.2326 -0.1147 -0.9658
vn -0.2326 0.1147 -0.9658
vn -0.6349 0.3131 -0.7063
vn -0.8664 0.4273 -0.2583
vn -0.9148 0.3105 0.2583
vn -0.6703 0.2275 0.7063
vn -0.2456 0.0834 0.9658
vn 0.2456 -0.0834 0.9658
vn 0.6703 -0.2275 0.7063
vn 0.9148 -0.3105 0.2583
vn 0.9148 -0.3105 -0.2583
vn 0.6703 -0.2275 -0.7063
vn 0.2456 -0.0834 -0.9658
vn -0.2456 0.0834 -0.9658
vn -0.6703 0.2275 -0.7063
vn -0.9148 0.3105 -0.2583
vn -0.9475 0.1885 0.2583
vn -0.6943 0.1381 0.7063
vn -0.2544 0.0506 0.9658
vn 0.2544 -0.0506 0.9658
vn 0.6943 -0.1381 0.7063
vn 0.9475 -0.1885 0.2583
vn 0.9475 -0.1885 -0.2583
vn 0.6943 -0.1381 -0.7063
vn 0.2544 -0.0506 -0.9658
vn -0.2544 0.0506 -0.9658
vn -0.6943 0.1381 -0.7063
vn -0.9475 0.1885 -0.2583
vn -0.9640 0.0632 0.2583
vn -0.7063 0.0463 0.7063
vn -0.2588 0.0170 0.9658
vn 0.2588 -0.0170 0.9658
vn 0.7063 -0.0463 0.7063
vn 0.9640 -0.0632 0.2583
vn 0.9640 -0.0632 -0.2583
vn 0.7063 -0.0463 -0.7063
vn 0.2588 -0.0170 -0.9658
vn -0.2588 0.0170 -0.9658
vn -0.7063 0.0463 -0.7063
vn -0.9640 0.0632 -0.2583
vn 0.9640 0.2583 -0.0632
vn 0.7063 0.7063 -0.0463
vn 0.2588 0.9658 -0.0170
vn -0.2588 0.9658 0.0170
vn -0.7063 0.7063 0.0463
vn -0.9640 0.2583 0.0632
vn -0.9640 -0.2583 0.0632
vn -0.7063 -0.7063 0.0463
vn -0.2588 -0.9658 0.0170
vn 0.2588 -0.9658 -0.0170
vn 0.7063 -0.7063 -0.0463
vn 0.9640 -0.2583 -0.0632
vn 0.9475 0.2583 -0.1885
vn 0.6943 0.7063 -0.1381
vn 0.2544 0.9658 -0.0506
vn -0.2544 0.9658 0.0506
vn -0.6943 0.7063 0.1381
vn -0.9475 0.2583 0.1885
vn -0.9475 -0.2583 0.1885
vn -0.6943 -0.7063 0.1381
vn -0.2544 -0.9658 0.0506
vn 0.2544 -0.9658 -0.0506
vn 0.6943 -0.7063 -0.1381
vn 0.9475 -0.2583 -0.1885
vn 0.9148 0.2583 -0.3105
vn 0.6703 0.7063 -0.2275
vn 0.2456 0.9658 -0.0834
vn -0.2456 0.9658 0.0834
vn -0.6703 0.7063 0.2275
vn -0.9148 0.2583 0.3105
vn -0.9148 -0.2583 0.3105
vn -0.6703 -0.7063 0.2275
vn -0.2456 -0.9658 0.0834
vn 0.2456 -0.9658 -0.0834
vn 0.6703 -0.7063 -0.2275
vn 0.9148 -0.2583 -0.3105
vn 0.8664 0.2583 -0.4273
vn 0.6349 0.7063 -0.3131
vn 0.2326 0.9658 -0.1147
vn -0.2326 0.9658 0.1147
vn -0.6349 0.7063 0.3131
vn -0.8664 0.2583 0.4273
vn -0.8664 -0.2583 0.4273
vn -0.6349 -0.7063 0.3131
vn -0.2326 -0.9658 0.1147
vn 0.2326 -0.9658 -0.1147
vn 0.6349 -0.7063 -0.3131
vn 0.8664 -0.2583 -0.4273
vn 0.8033 0.2583 -0.5367
vn 0.5886 0.7063 -0.3933
vn 0.2156 0.9658 -0.1441
vn -0.2156 0.9658 0.1441
vn -0.5886 0.7063 0.3933
vn -0.8033 0.2583 0.5367
vn -0.8033 -0.2583 0.5367
vn -0.5886 -0.7063 0.3933
vn -0.2156 -0.9658 0.1441
vn 0.2156 -0.9658 -0.1441
vn 0.5886 -0.7063 -0.3933
vn 0.8033 -0.2583 -0.5367
vn 0.7263 0.2583 -0.6370
vn 0.5322 0.7063 -0.4667
vn 0.1950 0.9658 -0.1710
vn -0.1950 0.9658 0.1710
vn -0.5322 0.7063 0.4667
vn -0.7263 0.2583 0.6370
vn -0.7263 -0.2583 0.6370
vn -0.5322 -0.7063 0.4667
vn -0.1950 -0.9658 0.1710
vn 0.1950 -0.9658 -0.1710
vn 0.5322 -0.7063 -0.4667
vn 0.7263 -0.2583 -0.6370
vn 0.6370 0.2583 -0.7263
vn 0.4667 0.7063 -0.5322
vn 0.1710 0.9658 -0.1950
vn -0.1710 0.9658 0.1950
vn -0.4667 0.7063 0.5322
vn -0.6370 0.2583 0.7263
vn -0.6370 -0.2583 0.7263
vn -0.4667 -0.7063 0.5322
vn -0.1710 -0.9658 0.1950
vn 0.1710 -0.9658 -0.1950
vn 0.4667 -0.7063 -0.5322
vn 0.6370 -0.2583 -0.7263
vn 0.5367 0.2583 -0.8033
vn 0.3933 0.7063 -0.5886
vn 0.1441 0.9658 -0.2156
vn -0.1441 0.9658 0.2156
vn -0.3933 0.7063 0.5886
vn -0.5367 0.2583 0.8033
vn -0.5367 -0.2583 0.8033
vn -0.3933 -0.7063 0.5886
vn -0.1441 -0.9658 0.2156
vn 0.1441 -0.9658 -0.2156
vn 0.3933 -0.7063 -0.5886
vn 0.5367 -0.2583 -0.8033
vn 0.4273 0.2583 -0.8664
vn 0.3131 0.7063 -0.6349
vn 0.1147 0.9658 -0.2326
vn -0.1147 0.9658 0.2326
vn -0.3131 0.7063 0.6349
vn -0.4273 0.2583 0.8664
vn -0.4273 -0.2583 0.8664
vn -0.3131 -0.7063 0.6349
vn -0.1147 -0.9658 0.2326
vn 0.1147 -0.9658 -0.2326
vn 0.3131 -0.7063 -0.6349
vn 0.4273 -0.2583 -0.8664
vn 0.3105 0.2583 -0.9148
vn 0.2275 0.7063 -0.6703
vn 0.0834 0.9658 -0.2456
vn -0.0834 0.9658 0.2456
vn -0.2275 0.7063 0.6703
vn -0.3105 0.2583 0.9148
vn -0.3105 -0.2583 0.9148
vn -0.2275 -0.7063 0.6703
vn -0.0834 -0.9658 0.2456
vn 0.0834 -0.9658 -0.2456
vn 0.2275 -0.7063 -0.6703
vn 0.3105 -0.2583 -0.9148
vn 0.1885 0.2583 -0.9475
vn 0.1381 0.7063 -0.6943
vn 0.0506 0.9658 -0.2544
vn -0.0506 0.9658 0.2544
vn -0.1381 0.7063 0.6943
vn -0.1885 0.2583 0.9475
vn -0.1885 -0.2583 0.9475
vn -0.1381 -0.7063 0.6943
vn -0.0506 -0.9658 0.2544
vn 0.0506 -0.9658 -0.2544
vn 0.1381 -0.7063 -0.6943
vn 0.1885 -0.2583 -0.9475
vn 0.0632 0.2583 -0.9640
vn 0.0170 0.9658 -0.2588
vn -0.0170 0.9658 0.2588
vn -0.0632 0.2583 0.9640
vn -0.0632 -0.2583 0.9640
vn -0.0170 -0.9658 0.2588
vn 0.0170 -0.9658 -0.2588
vn 0.0632 -0.2583 -0.9640
vn -0.0632 0.2583 -0.9640
vn -0.0170 0.9658 -0.2588
vn 0.0170 0.9658 0.2588
vn 0.0632 0.2583 0.9640
vn 0.0632 -0.2583 0.9640
vn 0.0170 -0.9658 0.2588
vn -0.0170 -0.9658 -0.2588
vn -0.0632 -0.2583 -0.9640
vn -0.1885 0.2583 -0.9475
vn -0.1381 0.7063 -0.6943
vn -0.0506 0.9658 -0.2544
vn 0.0506 0.9658 0.2544
vn 0.1381 0.7063 0.6943
vn 0.1885 0.2583 0.9475
vn 0.1885 -0.2583 0.9475
vn 0.1381 -0.7063 0.6943
vn 0.0506 -0.9658 0.2544
vn -0.0506 -0.9658 -0.2544
vn -0.1381 -0.7063 -0.6943
vn -0.1885 -0.2583 -0.9475
vn -0.3105 0.2583 -0.9148
vn -0.2275 0.7063 -0.6703
vn -0.0834 0.9658 -0.2456
vn 0.0834 0.9658 0.2456
vn 0.2275 0.7063 0.6703
vn 0.3105 0.2583 0.9148
vn 0.3105 -0.2583 0.9148
vn 0.2275 -0.7063 0.6703
vn 0.0834 -0.9658 0.2456
vn -0.0834 -0.9658 -0.2456
vn -0.2275 -0.7063 -0.6703
vn -0.3105 -0.2583 -0.9148
vn -0.4273 0.2583 -0.8664
vn -0.3131 0.7063 -0.6349
vn -0.1147 0.9658 -0.2326
vn 0.1147 0.9658 0.2326
vn 0.3131 0.7063 0.6349
vn 0.4273 0.2583 0.8664
vn 0.4273 -0.2583 0.8664
vn 0.3131 -0.7063 0.6349
vn 0.1147 -0.9658 0.2326
vn -0.1147 -0.9658 -0.2326
vn -0.3131 -0.7063 -0.6349
vn -0.4273 -0.2583 -0.8664
vn -0.5367 0.2583 -0.8033
vn -0.3933 0.7063 -0.5886
vn -0.1441 0.9658 -0.2156
vn 0.1441 0.9658 0.2156
vn 0.3933 0.7063 0.5886
vn 0.5367 0.2583 0.8033
vn 0.5367 -0.2583 0.8033
vn 0.3933 -0.7063 0.5886
vn 0.1441 -0.9658 0.2156
vn -0.1441 -0.9658 -0.2156
vn -0.3933 -0.7063 -0.5886
vn -0.5367 -0.2583 -0.8033
vn -0.6370 0.2583 -0.7263
vn -0.4667 0.7063 -0.5322
vn -0.1710 0.9658 -0.1950
vn 0.1710 0.9658 0.1950
vn 0.4667 0.7063 0.5322
vn 0.6370 0.2583 0.7263
vn 0.6370 -0.2583 0.7263
vn 0.4667 -0.7063 0.5322
vn 0.1710 -0.9658 0.1950
vn -0.1710 -0.9658 -0.1950
vn -0.4667 -0.7063 -0.5322
vn -0.6370 -0.2583 -0.7263
vn -0.7263 0.2583 -0.6370
vn -0.5322 0.7063 -0.4667
vn -0.1950 0.9658 -0.1710
vn 0.1950 0.9658 0.1710
vn 0.5322 0.7063 0.4667
vn 0.7263 0.2583 0.6370
vn 0.7263 -0.2583 0.6370
vn 0.5322 -0.7063 0.4667
vn 0.1950 -0.9658 0.1710
vn -0.1950 -0.9658 -0.1710
vn -0.5322 -0.7063 -0.4667
vn -0.7263 -0.2583 -0.6370
vn -0.8033 0.2583 -0.5367
vn -0.5886 0.7063 -0.3933
vn -0.2156 0.9658 -0.1441
vn 0.2156 0.9658 0.1441
vn 0.5886 0.7063 0.3933
vn 0.8033 0.2583 0.5367
vn 0.8033 -0.2583 0.5367
vn 0.5886 -0.7063 0.3933
vn 0.2156 -0.9658 0.1441
vn -0.2156 -0.9658 -0.1441
vn -0.5886 -0.7064 -0.3933
vn -0.8033 -0.2583 -0.5367
vn -0.8664 0.2583 -0.4273
vn -0.6349 0.7063 -0.3131
vn -0.2326 0.9658 -0.1147
vn 0.2326 0.9658 0.1147
vn 0.6349 0.7063 0.3131
vn 0.8664 0.2583 0.4273
vn 0.8664 -0.2583 0.4273
vn 0.6349 -0.7063 0.3131
vn 0.2326 -0.9658 0.1147
vn -0.2326 -0.9658 -0.1147
vn -0.6349 -0.7063 -0.3131
vn -0.8664 -0.2583 -0.4273
vn -0.9148 0.2583 -0.3105
vn -0.6703 0.7063 -0.2275
vn -0.2456 0.9658 -0.0834
vn 0.2456 0.9658 0.0834
vn 0.6703 0.7063 0.2275
vn 0.9148 0.2583 0.3105
vn 0.9148 -0.2583 0.3105
vn 0.6703 -0.7063 0.2275
vn 0.2456 -0.9658 0.0834
vn -0.2456 -0.9658 -0.0834
vn -0.6703 -0.7063 -0.2275
vn -0.9148 -0.2583 -0.3105
vn -0.9475 0.2583 -0.1885
vn -0.6943 0.7063 -0.1381
vn -0.2544 0.9658 -0.0506
vn 0.2544 0.9658 0.0506
vn 0.6943 0.7063 0.1381
vn 0.9475 0.2583 0.1885
vn 0.9475 -0.2583 0.1885
vn 0.6943 -0.7063 0.1381
vn 0.2544 -0.9658 0.0506
vn -0.2544 -0.9658 -0.0506
vn -0.6943 -0.7063 -0.1381
vn -0.9475 -0.2583 -0.1885
vn -0.9640 0.2583 -0.0632
vn -0.7063 0.7064 -0.0463
vn -0.2588 0.9658 -0.0170
vn 0.2588 0.9658 0.0170
vn 0.7064 0.7063 0.0463
vn 0.9640 0.2583 0.0632
vn 0.9640 -0.2583 0.0632
vn 0.7063 -0.7063 0.0463
vn 0.2588 -0.9658 0.0170
vn -0.2588 -0.9658 -0.0170
vn -0.7063 -0.7064 -0.0463
vn -0.9640 -0.2583 -0.0632
vn -0.4667 0.7064 0.5322
vn -0.5886 -0.7063 -0.3933
vn 0.7063 0.7063 0.0463
vn -0.7063 0.7063 -0.0463
vn -0.7063 -0.7063 -0.0463
vn -0.7064 0.7063 -0.0463
vn 0.7064 -0.7063 0.0463
vn -0.7063 0.7064 0.0463
vn -0.7063 -0.7064 0.0463
vn 0.6703 0.7064 -0.2275
vn 0.6703 -0.7064 -0.2275
vn -0.6349 -0.7064 0.3131
vn -0.5886 0.7064 0.3933
vt 0.520833 0.500000
vt 0.500000 0.583333
vt 0.500000 0.500000
vt 0.520833 0.666667
vt 0.500000 0.666667
vt 0.500000 0.750000
vt 0.520833 0.750000
vt 0.500000 0.833333
vt 0.520833 0.833333
vt 0.500000 0.916667
vt 0.520833 1.000000
vt 0.500000 1.000000
vt 0.520833 0.000000
vt 0.500000 0.083333
vt 0.500000 0.000000
vt 0.520833 0.083333
vt 0.500000 0.166667
vt 0.520833 0.166667
vt 0.500000 0.250000
vt 0.520833 0.250000
vt 0.500000 0.333333
vt 0.520833 0.333333
vt 0.500000 0.416667
vt 0.520833 0.416667
vt 0.541667 0.500000
vt 0.520833 0.583333
vt 0.541667 0.583333
vt 0.541667 0.666667
vt 0.541667 0.750000
vt 0.541667 0.916667
vt 0.520833 0.916667
vt 0.541667 0.000000
vt 0.541667 0.083333
vt 0.541667 0.250000
vt 0.541667 0.333333
vt 0.541667 0.416667
vt 0.562500 0.583333
vt 0.562500 0.666667
vt 0.562500 0.833333
vt 0.541667 0.833333
vt 0.562500 0.916667
vt 0.562500 1.000000
vt 0.541667 1.000000
vt 0.562500 0.000000
vt 0.562500 0.083333
vt 0.541667 0.166667
vt 0.562500 0.250000
vt 0.562500 0.333333
vt 0.562500 0.416667
vt 0.562500 0.500000
vt 0.583333 0.583333
vt 0.583333 0.666667
vt 0.583333 0.750000
vt 0.562500 0.750000
vt 0.583333 0.916667
vt 0.583333 0.000000
vt 0.583333 0.083333
vt 0.562500 0.166667
vt 0.583333 0.250000
vt 0.583333 0.333333
vt 0.583333 0.416667
vt 0.604167 0.500000
vt 0.583333 0.500000
vt 0.604167 0.666667
vt 0.604167 0.750000
vt 0.583333 0.833333
vt 0.604167 0.916667
vt 0.583333 1.000000
vt 0.604167 0.000000
vt 0.604167 0.083333
vt 0.583333 0.166667
vt 0.604167 0.166667
vt 0.604167 0.250000
vt 0.604167 0.333333
vt 0.625000 0.500000
vt 0.604167 0.583333
vt 0.625000 0.583333
vt 0.625000 0.666667
vt 0.625000 0.750000
vt 0.604167 0.833333
vt 0.625000 0.833333
vt 0.625000 0.916667
vt 0.604167 1.000000
vt 0.625000 0.083333
vt 0.625000 0.166667
vt 0.625000 0.250000
vt 0.625000 0.416667
vt 0.604167 0.416667
vt 0.645833 0.500000
vt 0.645833 0.666667
vt 0.645833 0.750000
vt 0.645833 0.916667
vt 0.625000 1.000000
vt 0.645833 0.000000
vt 0.625000 0.000000
vt 0.645833 0.083333
vt 0.645833 0.250000
vt 0.645833 0.333333
vt 0.625000 0.333333
vt 0.645833 0.416667
vt 0.666667 0.500000
vt 0.645833 0.583333
vt 0.666667 0.666667
vt 0.666667 0.750000
vt 0.645833 0.833333
vt 0.666667 0.916667
vt 0.645833 1.000000
vt 0.666667 0.000000
vt 0.666667 0.083333
vt 0.645833 0.166667
vt 0.666667 0.166667
vt 0.666667 0.250000
vt 0.666667 0.333333
vt 0.666667 0.416667
vt 0.687500 0.583333
vt 0.666667 0.583333
vt 0.687500 0.666667
vt 0.687500 0.750000
vt 0.666667 0.833333
vt 0.687500 0.833333
vt 0.687500 0.916667
vt 0.666667 1.000000
vt 0.687500 0.000000
vt 0.687500 0.083333
vt 0.687500 0.250000
vt 0.687500 0.333333
vt 0.687500 0.416667
vt 0.708333 0.500000
vt 0.687500 0.500000
vt 0.708333 0.583333
vt 0.708333 0.666667
vt 0.708333 0.750000
vt 0.708333 0.916667
vt 0.687500 1.000000
vt 0.708333 0.000000
vt 0.708333 0.083333
vt 0.687500 0.166667
vt 0.708333 0.166667
vt 0.708333 0.250000
vt 0.708333 0.333333
vt 0.708333 0.416667
vt 0.729167 0.500000
vt 0.729167 0.583333
vt 0.729167 0.750000
vt 0.708333 0.833333
vt 0.729167 0.833333
vt 0.729167 0.916667
vt 0.708333 1.000000
vt 0.729167 0.083333
vt 0.729167 0.250000
vt 0.729167 0.333333
vt 0.729167 0.416667
vt 0.750000 0.500000
vt 0.750000 0.583333
vt 0.729167 0.666667
vt 0.750000 0.666667
vt 0.750000 0.833333
vt 0.750000 0.916667
vt 0.729167 1.000000
vt 0.750000 0.000000
vt 0.729167 0.000000
vt 0.750000 0.083333
vt 0.729167 0.166667
vt 0.750000 0.166667
vt 0.750000 0.250000
vt 0.750000 0.333333
vt 0.770833 0.500000
vt 0.770833 0.583333
vt 0.770833 0.666667
vt 0.750000 0.750000
vt 0.770833 0.750000
vt 0.770833 0.833333
vt 0.770833 0.916667
vt 0.750000 1.000000
vt 0.770833 0.083333
vt 0.770833 0.250000
vt 0.770833 0.333333
vt 0.770833 0.416667
vt 0.750000 0.416667
vt 0.791667 0.500000
vt 0.791667 0.666667
vt 0.791667 0.750000
vt 0.791667 0.833333
vt 0.791667 0.916667
vt 0.770833 1.000000
vt 0.791667 0.000000
vt 0.770833 0.000000
vt 0.791667 0.083333
vt 0.770833 0.166667
vt 0.791667 0.166667
vt 0.791667 0.250000
vt 0.791667 0.333333
vt 0.791667 0.416667
vt 0.812500 0.500000
vt 0.791667 0.583333
vt 0.812500 0.583333
vt 0.812500 0.666667
vt 0.812500 0.833333
vt 0.812500 0.916667
vt 0.791667 1.000000
vt 0.812500 0.000000
vt 0.812500 0.083333
vt 0.812500 0.250000
vt 0.812500 0.416667
vt 0.833333 0.500000
vt 0.833333 0.666667
vt 0.812500 0.750000
vt 0.833333 0.750000
vt 0.833333 0.833333
vt 0.833333 0.916667
vt 0.812500 1.000000
vt 0.833333 0.000000
vt 0.833333 0.083333
vt 0.812500 0.166667
vt 0.833333 0.166667
vt 0.833333 0.250000
vt 0.812500 0.333333
vt 0.833333 0.333333
vt 0.833333 0.416667
vt 0.854167 0.500000
vt 0.833333 0.583333
vt 0.854167 0.583333
vt 0.854167 0.666667
vt 0.854167 0.750000
vt 0.854167 0.833333
vt 0.854167 1.000000
vt 0.833333 1.000000
vt 0.854167 0.000000
vt 0.854167 0.166667
vt 0.854167 0.250000
vt 0.854167 0.333333
vt 0.854167 0.416667
vt 0.875000 0.500000
vt 0.875000 0.583333
vt 0.875000 0.750000
vt 0.875000 0.833333
vt 0.854167 0.916667
vt 0.875000 0.916667
vt 0.875000 0.000000
vt 0.854167 0.083333
vt 0.875000 0.166667
vt 0.875000 0.250000
vt 0.875000 0.333333
vt 0.875000 0.416667
vt 0.895833 0.500000
vt 0.895833 0.583333
vt 0.875000 0.666667
vt 0.895833 0.666667
vt 0.895833 0.833333
vt 0.895833 0.916667
vt 0.875000 1.000000
vt 0.895833 0.000000
vt 0.875000 0.083333
vt 0.895833 0.166667
vt 0.895833 0.250000
vt 0.895833 0.416667
vt 0.916667 0.583333
vt 0.916667 0.750000
vt 0.895833 0.750000
vt 0.916667 0.833333
vt 0.916667 0.916667
vt 0.895833 1.000000
vt 0.916667 0.000000
vt 0.895833 0.083333
vt 0.916667 0.083333
vt 0.916667 0.250000
vt 0.895833 0.333333
vt 0.916667 0.333333
vt 0.916667 0.416667
vt 0.937500 0.500000
vt 0.916667 0.500000
vt 0.937500 0.583333
vt 0.916667 0.666667
vt 0.937500 0.666667
vt 0.937500 0.833333
vt 0.937500 0.916667
vt 0.916667 1.000000
vt 0.937500 0.083333
vt 0.916667 0.166667
vt 0.937500 0.166667
vt 0.937500 0.250000
vt 0.937500 0.416667
vt 0.958333 0.583333
vt 0.958333 0.666667
vt 0.937500 0.750000
vt 0.958333 0.833333
vt 0.958333 0.916667
vt 0.937500 1.000000
vt 0.958333 0.000000
vt 0.937500 0.000000
vt 0.958333 0.083333
vt 0.958333 0.166667
vt 0.958333 0.333333
vt 0.937500 0.333333
vt 0.958333 0.416667
vt 0.979167 0.500000
vt 0.958333 0.500000
vt 0.979167 0.583333
vt 0.979167 0.666667
vt 0.958333 0.750000
vt 0.979167 0.750000
vt 0.979167 0.833333
vt 0.979167 0.916667
vt 0.958333 1.000000
vt 0.979167 0.000000
vt 0.979167 0.166667
vt 0.979167 0.250000
vt 0.958333 0.250000
vt 0.979167 0.333333
vt 0.979167 0.416667
vt 1.000000 0.583333
vt 1.000000 0.666667
vt 1.000000 0.750000
vt 1.000000 0.833333
vt 1.000000 0.916667
vt 0.979167 1.000000
vt 1.000000 0.000000
vt 0.979167 0.083333
vt 1.000000 0.166667
vt 1.000000 0.250000
vt 1.000000 0.333333
vt 1.000000 0.416667
vt 0.020833 0.500000
vt 0.000000 0.583333
vt 0.000000 0.500000
vt 0.020833 0.583333
vt 0.000000 0.666667
vt 0.020833 0.666667
vt 0.000000 0.750000
vt 0.020833 0.750000
vt 0.000000 0.833333
vt 0.020833 0.833333
vt 0.000000 0.916667
vt 0.020833 0.916667
vt 0.000000 1.000000
vt 0.000000 0.000000
vt 0.020833 0.083333
vt 0.000000 0.083333
vt 0.000000 0.166667
vt 0.020833 0.250000
vt 0.000000 0.250000
vt 0.020833 0.333333
vt 0.000000 0.333333
vt 0.020833 0.416667
vt 0.000000 0.416667
vt 0.041667 0.583333
vt 0.041667 0.666667
vt 0.041667 0.750000
vt 0.041667 0.833333
vt 0.041667 0.916667
vt 0.020833 1.000000
vt 0.041667 0.000000
vt 0.020833 0.000000
vt 0.041667 0.083333
vt 0.020833 0.166667
vt 0.041667 0.166667
vt 0.041667 0.250000
vt 0.041667 0.333333
vt 0.041667 0.500000
vt 0.062500 0.500000
vt 0.062500 0.583333
vt 0.062500 0.750000
vt 0.062500 0.833333
vt 0.062500 0.916667
vt 0.041667 1.000000
vt 0.062500 0.000000
vt 0.062500 0.166667
vt 0.062500 0.250000
vt 0.062500 0.416667
vt 0.041667 0.416667
vt 0.083333 0.500000
vt 0.083333 0.583333
vt 0.062500 0.666667
vt 0.083333 0.666667
vt 0.083333 0.750000
vt 0.083333 0.833333
vt 0.083333 1.000000
vt 0.062500 1.000000
vt 0.083333 0.000000
vt 0.062500 0.083333
vt 0.083333 0.083333
vt 0.083333 0.166667
vt 0.083333 0.333333
vt 0.062500 0.333333
vt 0.083333 0.416667
vt 0.104167 0.500000
vt 0.104167 0.583333
vt 0.104167 0.666667
vt 0.104167 0.833333
vt 0.083333 0.916667
vt 0.104167 0.916667
vt 0.104167 0.000000
vt 0.104167 0.166667
vt 0.083333 0.250000
vt 0.104167 0.250000
vt 0.104167 0.416667
vt 0.125000 0.500000
vt 0.125000 0.666667
vt 0.104167 0.750000
vt 0.125000 0.750000
vt 0.125000 0.833333
vt 0.125000 0.916667
vt 0.104167 1.000000
vt 0.125000 0.000000
vt 0.104167 0.083333
vt 0.125000 0.083333
vt 0.125000 0.250000
vt 0.104167 0.333333
vt 0.125000 0.333333
vt 0.125000 0.416667
vt 0.145833 0.583333
vt 0.125000 0.583333
vt 0.145833 0.666667
vt 0.145833 0.833333
vt 0.145833 0.916667
vt 0.125000 1.000000
vt 0.145833 0.000000
vt 0.145833 0.083333
vt 0.125000 0.166667
vt 0.145833 0.166667
vt 0.145833 0.250000
vt 0.145833 0.333333
vt 0.145833 0.416667
vt 0.145833 0.500000
vt 0.166667 0.583333
vt 0.166667 0.666667
vt 0.145833 0.750000
vt 0.166667 0.750000
vt 0.166667 0.916667
vt 0.145833 1.000000
vt 0.166667 0.000000
vt 0.166667 0.083333
vt 0.166667 0.166667
vt 0.166667 0.333333
vt 0.166667 0.416667
vt 0.187500 0.500000
vt 0.166667 0.500000
vt 0.187500 0.583333
vt 0.187500 0.666667
vt 0.187500 0.750000
vt 0.166667 0.833333
vt 0.187500 0.833333
vt 0.187500 0.916667
vt 0.166667 1.000000
vt 0.187500 0.000000
vt 0.187500 0.083333
vt 0.187500 0.250000
vt 0.166667 0.250000
vt 0.187500 0.416667
vt 0.208333 0.500000
vt 0.208333 0.583333
vt 0.208333 0.666667
vt 0.208333 0.750000
vt 0.208333 0.916667
vt 0.187500 1.000000
vt 0.208333 0.000000
vt 0.208333 0.083333
vt 0.187500 0.166667
vt 0.208333 0.166667
vt 0.208333 0.250000
vt 0.187500 0.333333
vt 0.208333 0.416667
vt 0.229167 0.500000
vt 0.229167 0.666667
vt 0.229167 0.750000
vt 0.208333 0.833333
vt 0.229167 0.916667
vt 0.208333 1.000000
vt 0.229167 0.000000
vt 0.229167 0.083333
vt 0.229167 0.250000
vt 0.208333 0.333333
vt 0.229167 0.333333
vt 0.229167 0.416667
vt 0.250000 0.500000
vt 0.229167 0.583333
vt 0.250000 0.583333
vt 0.250000 0.750000
vt 0.250000 0.833333
vt 0.229167 0.833333
vt 0.250000 1.000000
vt 0.229167 1.000000
vt 0.250000 0.000000
vt 0.250000 0.083333
vt 0.229167 0.166667
vt 0.250000 0.166667
vt 0.250000 0.250000
vt 0.250000 0.333333
vt 0.250000 0.416667
vt 0.270833 0.583333
vt 0.250000 0.666667
vt 0.270833 0.666667
vt 0.270833 0.750000
vt 0.270833 0.833333
vt 0.250000 0.916667
vt 0.270833 0.916667
vt 0.270833 0.000000
vt 0.270833 0.166667
vt 0.270833 0.250000
vt 0.270833 0.333333
vt 0.270833 0.416667
vt 0.291667 0.500000
vt 0.270833 0.500000
vt 0.291667 0.583333
vt 0.291667 0.666667
vt 0.291667 0.750000
vt 0.291667 0.833333
vt 0.291667 1.000000
vt 0.270833 1.000000
vt 0.291667 0.000000
vt 0.270833 0.083333
vt 0.291667 0.083333
vt 0.291667 0.250000
vt 0.291667 0.333333
vt 0.291667 0.416667
vt 0.312500 0.500000
vt 0.312500 0.583333
vt 0.312500 0.666667
vt 0.312500 0.750000
vt 0.312500 0.833333
vt 0.291667 0.916667
vt 0.312500 0.916667
vt 0.312500 0.000000
vt 0.312500 0.083333
vt 0.291667 0.166667
vt 0.312500 0.166667
vt 0.312500 0.333333
vt 0.312500 0.416667
vt 0.333333 0.500000
vt 0.333333 0.583333
vt 0.333333 0.750000
vt 0.333333 0.833333
vt 0.333333 0.916667
vt 0.312500 1.000000
vt 0.333333 0.000000
vt 0.333333 0.083333
vt 0.333333 0.166667
vt 0.312500 0.250000
vt 0.333333 0.250000
vt 0.333333 0.333333
vt 0.354167 0.583333
vt 0.333333 0.666667
vt 0.354167 0.666667
vt 0.354167 0.750000
vt 0.354167 0.833333
vt 0.354167 0.916667
vt 0.333333 1.000000
vt 0.354167 0.000000
vt 0.354167 0.083333
vt 0.354167 0.166667
vt 0.354167 0.250000
vt 0.354167 0.416667
vt 0.333333 0.416667
vt 0.354167 0.500000
vt 0.375000 0.583333
vt 0.375000 0.750000
vt 0.375000 0.833333
vt 0.375000 0.916667
vt 0.354167 1.000000
vt 0.375000 0.000000
vt 0.375000 0.083333
vt 0.375000 0.166667
vt 0.375000 0.250000
vt 0.354167 0.333333
vt 0.375000 0.416667
vt 0.375000 0.500000
vt 0.395833 0.583333
vt 0.375000 0.666667
vt 0.395833 0.750000
vt 0.395833 0.833333
vt 0.395833 0.916667
vt 0.375000 1.000000
vt 0.395833 0.000000
vt 0.395833 0.166667
vt 0.395833 0.250000
vt 0.375000 0.333333
vt 0.395833 0.333333
vt 0.395833 0.416667
vt 0.416667 0.500000
vt 0.395833 0.500000
vt 0.416667 0.583333
vt 0.395833 0.666667
vt 0.416667 0.666667
vt 0.416667 0.750000
vt 0.416667 0.833333
vt 0.416667 0.916667
vt 0.395833 1.000000
vt 0.416667 0.000000
vt 0.395833 0.083333
vt 0.416667 0.166667
vt 0.416667 0.250000
vt 0.416667 0.416667
vt 0.437500 0.500000
vt 0.437500 0.583333
vt 0.437500 0.750000
vt 0.437500 0.833333
vt 0.437500 0.916667
vt 0.416667 1.000000
vt 0.437500 0.000000
vt 0.416667 0.083333
vt 0.437500 0.083333
vt 0.437500 0.166667
vt 0.437500 0.250000
vt 0.416667 0.333333
vt 0.437500 0.333333
vt 0.437500 0.416667
vt 0.458333 0.500000
vt 0.458333 0.583333
vt 0.437500 0.666667
vt 0.458333 0.666667
vt 0.458333 0.750000
vt 0.458333 0.833333
vt 0.458333 0.916667
vt 0.437500 1.000000
vt 0.458333 0.000000
vt 0.458333 0.166667
vt 0.458333 0.250000
vt 0.458333 0.333333
vt 0.458333 0.416667
vt 0.479167 0.583333
vt 0.479167 0.666667
vt 0.479167 0.750000
vt 0.479167 0.833333
vt 0.479167 1.000000
vt 0.458333 1.000000
vt 0.479167 0.000000
vt 0.458333 0.083333
vt 0.479167 0.083333
vt 0.479167 0.250000
vt 0.479167 0.333333
vt 0.479167 0.416667
vt 0.479167 0.500000
vt 0.479167 0.916667
vt 0.479167 0.166667
vt 1.000000 0.500000
vt 1.000000 0.083333
vt 1.000000 1.000000
s 0
f 13/1/1 2/2/1 1/3/1
f 2/2/2 15/4/2 3/5/2
f 15/4/3 4/6/3 3/5/3
f 16/7/4 5/8/4 4/6/4
f 17/9/5 6/10/5 5/8/5
f 6/10/6 19/11/6 7/12/6
f 19/13/7 8/14/7 7/15/7
f 20/16/8 9/17/8 8/14/8
f 21/18/9 10/19/9 9/17/9
f 22/20/10 11/21/10 10/19/10
f 23/22/11 12/23/11 11/21/11
f 24/24/12 1/3/12 12/23/12
f 25/25/13 14/26/13 13/1/13
f 26/27/14 15/4/14 14/26/14
f 27/28/15 16/7/15 15/4/15
f 28/29/16 17/9/16 16/7/16
f 17/9/17 30/30/17 18/31/17
f 30/30/18 19/11/18 18/31/18
f 31/32/19 20/16/19 19/13/19
f 32/33/20 21/18/20 20/16/20
f 21/18/21 34/34/21 22/20/21
f 22/20/22 35/35/22 23/22/22
f 23/22/23 36/36/23 24/24/23
f 36/36/24 13/1/24 24/24/24
f 25/25/25 38/37/25 26/27/25
f 38/37/26 27/28/26 26/27/26
f 39/38/27 28/29/27 27/28/27
f 28/29/28 41/39/28 29/40/28
f 29/40/29 42/41/29 30/30/29
f 30/30/30 43/42/30 31/43/30
f 43/44/31 32/33/31 31/32/31
f 44/45/32 33/46/32 32/33/32
f 33/46/33 46/47/33 34/34/33
f 34/34/34 47/48/34 35/35/34
f 35/35/35 48/49/35 36/36/35
f 48/49/36 25/25/36 36/36/36
f 37/50/37 50/51/37 38/37/37
f 38/37/38 51/52/38 39/38/38
f 39/38/39 52/53/39 40/54/39
f 52/53/40 41/39/40 40/54/40
f 41/39/41 54/55/41 42/41/41
f 54/55/42 43/42/42 42/41/42
f 55/56/43 44/45/43 43/44/43
f 56/57/44 45/58/44 44/45/44
f 45/58/45 58/59/45 46/47/45
f 58/59/46 47/48/46 46/47/46
f 59/60/47 48/49/47 47/48/47
f 60/61/48 37/50/48 48/49/48
f 61/62/49 50/51/49 49/63/49
f 50/51/50 63/64/50 51/52/50
f 63/64/51 52/53/51 51/52/51
f 64/65/52 53/66/52 52/53/52
f 53/66/53 66/67/53 54/55/53
f 66/67/54 55/68/54 54/55/54
f 67/69/55 56/57/55 55/56/55
f 68/70/56 57/71/56 56/57/56
f 69/72/57 58/59/57 57/71/57
f 70/73/58 59/60/58 58/59/58
f 71/74/59 60/61/59 59/60/59
f 60/61/60 61/62/60 49/63/60
f 73/75/61 62/76/61 61/62/61
f 74/77/62 63/64/62 62/76/62
f 75/78/63 64/65/63 63/64/63
f 76/79/64 65/80/64 64/65/64
f 77/81/65 66/67/65 65/80/65
f 78/82/66 67/83/66 66/67/66
f 67/69/67 80/84/67 68/70/67
f 80/84/68 69/72/68 68/70/68
f 81/85/69 70/73/69 69/72/69
f 82/86/70 71/74/70 70/73/70
f 71/74/71 84/87/71 72/88/71
f 84/87/72 61/62/72 72/88/72
f 85/89/73 74/77/73 73/75/73
f 74/77/74 87/90/74 75/78/74
f 87/90/75 76/79/75 75/78/75
f 88/91/76 77/81/76 76/79/76
f 77/81/77 90/92/77 78/82/77
f 90/92/78 79/93/78 78/82/78
f 91/94/79 80/84/79 79/95/79
f 92/96/80 81/85/80 80/84/80
f 81/85/81 94/97/81 82/86/81
f 82/86/82 95/98/82 83/99/82
f 95/98/83 84/87/83 83/99/83
f 96/100/84 73/75/84 84/87/84
f 97/101/85 86/102/85 85/89/85
f 86/102/86 99/103/86 87/90/86
f 87/90/87 100/104/87 88/91/87
f 100/104/88 89/105/88 88/91/88
f 89/105/89 102/106/89 90/92/89
f 102/106/90 91/107/90 90/92/90
f 103/108/91 92/96/91 91/94/91
f 104/109/92 93/110/92 92/96/92
f 105/111/93 94/97/93 93/110/93
f 106/112/94 95/98/94 94/97/94
f 107/113/95 96/100/95 95/98/95
f 108/114/96 85/89/96 96/100/96
f 97/101/97 110/115/97 98/116/97
f 110/115/98 99/103/98 98/116/98
f 111/117/99 100/104/99 99/103/99
f 112/118/100 101/119/100 100/104/100
f 113/120/101 102/106/101 101/119/101
f 114/121/102 103/122/102 102/106/102
f 115/123/103 104/109/103 103/108/103
f 116/124/104 105/111/104 104/109/104
f 105/111/105 118/125/105 106/112/105
f 106/112/106 119/126/106 107/113/106
f 119/126/107 108/114/107 107/113/107
f 120/127/108 97/101/108 108/114/108
f 121/128/109 110/115/109 109/129/109
f 122/130/110 111/117/110 110/115/110
f 123/131/111 112/118/111 111/117/111
f 124/132/112 113/120/112 112/118/112
f 113/120/113 126/133/113 114/121/113
f 126/133/114 115/134/114 114/121/114
f 127/135/115 116/124/115 115/123/115
f 128/136/116 117/137/116 116/124/116
f 129/138/117 118/125/117 117/137/117
f 130/139/118 119/126/118 118/125/118
f 131/140/119 120/127/119 119/126/119
f 132/141/120 109/129/120 120/127/120
f 133/142/121 122/130/121 121/128/121
f 134/143/122 123/131/122 122/130/122
f 123/131/123 136/144/123 124/132/123
f 136/144/124 125/145/124 124/132/124
f 137/146/125 126/133/125 125/145/125
f 138/147/126 127/148/126 126/133/126
f 127/135/127 140/149/127 128/136/127
f 140/149/128 129/138/128 128/136/128
f 129/138/129 142/150/129 130/139/129
f 142/150/130 131/140/130 130/139/130
f 143/151/131 132/141/131 131/140/131
f 144/152/132 121/128/132 132/141/132
f 145/153/133 134/143/133 133/142/133
f 146/154/134 135/155/134 134/143/134
f 147/156/135 136/144/135 135/155/135
f 136/144/136 149/157/136 137/146/136
f 137/146/137 150/158/137 138/147/137
f 150/158/138 139/159/138 138/147/138
f 151/160/139 140/149/139 139/161/139
f 152/162/140 141/163/140 140/149/140
f 153/164/141 142/150/141 141/163/141
f 154/165/142 143/151/142 142/150/142
f 155/166/143 144/152/143 143/151/143
f 144/152/144 145/153/144 133/142/144
f 157/167/145 146/154/145 145/153/145
f 158/168/146 147/156/146 146/154/146
f 159/169/147 148/170/147 147/156/147
f 160/171/148 149/157/148 148/170/148
f 161/172/149 150/158/149 149/157/149
f 162/173/150 151/174/150 150/158/150
f 151/160/151 164/175/151 152/162/151
f 164/175/152 153/164/152 152/162/152
f 153/164/153 166/176/153 154/165/153
f 154/165/154 167/177/154 155/166/154
f 155/166/155 168/178/155 156/179/155
f 156/179/156 157/167/156 145/153/156
f 169/180/157 158/168/157 157/167/157
f 158/168/158 171/181/158 159/169/158
f 159/169/159 172/182/159 160/171/159
f 172/182/160 161/172/160 160/171/160
f 173/183/161 162/173/161 161/172/161
f 174/184/162 163/185/162 162/173/162
f 175/186/163 164/175/163 163/187/163
f 176/188/164 165/189/164 164/175/164
f 177/190/165 166/176/165 165/189/165
f 178/191/166 167/177/166 166/176/166
f 179/192/167 168/178/167 167/177/167
f 180/193/168 157/167/168 168/178/168
f 181/194/169 170/195/169 169/180/169
f 182/196/170 171/181/170 170/195/170
f 183/197/171 172/182/171 171/181/171
f 172/182/172 185/198/172 173/183/172
f 185/198/173 174/184/173 173/183/173
f 186/199/174 175/200/174 174/184/174
f 187/201/175 176/188/175 175/186/175
f 188/202/176 177/190/176 176/188/176
f 177/190/177 190/203/177 178/191/177
f 190/203/178 179/192/178 178/191/178
f 179/192/179 192/204/179 180/193/179
f 192/204/180 169/180/180 180/193/180
f 193/205/181 182/196/181 181/194/181
f 182/196/182 195/206/182 183/197/182
f 195/206/183 184/207/183 183/197/183
f 196/208/184 185/198/184 184/207/184
f 197/209/185 186/199/185 185/198/185
f 198/210/186 187/211/186 186/199/186
f 199/212/187 188/202/187 187/201/187
f 200/213/188 189/214/188 188/202/188
f 201/215/189 190/203/189 189/214/189
f 202/216/190 191/217/190 190/203/190
f 203/218/191 192/204/191 191/217/191
f 204/219/192 181/194/192 192/204/192
f 205/220/193 194/221/193 193/205/193
f 206/222/194 195/206/194 194/221/194
f 207/223/195 196/208/195 195/206/195
f 208/224/196 197/209/196 196/208/196
f 209/225/197 198/210/197 197/209/197
f 198/210/198 211/226/198 199/227/198
f 211/228/199 200/213/199 199/212/199
f 200/213/200 213/229/200 201/215/200
f 201/215/201 214/230/201 202/216/201
f 202/216/202 215/231/202 203/218/202
f 203/218/203 216/232/203 204/219/203
f 216/232/204 193/205/204 204/219/204
f 217/233/205 206/222/205 205/220/205
f 218/234/206 207/223/206 206/222/206
f 207/223/207 220/235/207 208/224/207
f 220/235/208 209/225/208 208/224/208
f 221/236/209 210/237/209 209/225/209
f 222/238/210 211/226/210 210/237/210
f 223/239/211 212/240/211 211/228/211
f 212/240/212 225/241/212 213/229/212
f 225/241/213 214/230/213 213/229/213
f 226/242/214 215/231/214 214/230/214
f 227/243/215 216/232/215 215/231/215
f 228/244/216 205/220/216 216/232/216
f 229/245/217 218/234/217 217/233/217
f 230/246/218 219/247/218 218/234/218
f 231/248/219 220/235/219 219/247/219
f 220/235/220 233/249/220 221/236/220
f 233/249/221 222/238/221 221/236/221
f 234/250/222 223/251/222 222/238/222
f 235/252/223 224/253/223 223/239/223
f 224/253/224 237/254/224 225/241/224
f 237/254/225 226/242/225 225/241/225
f 238/255/226 227/243/226 226/242/226
f 227/243/227 240/256/227 228/244/227
f 240/256/228 217/233/228 228/244/228
f 229/245/229 242/257/229 230/246/229
f 242/257/230 231/248/230 230/246/230
f 231/248/231 244/258/231 232/259/231
f 244/258/232 233/249/232 232/259/232
f 245/260/233 234/250/233 233/249/233
f 246/261/234 235/262/234 234/250/234
f 247/263/235 236/264/235 235/252/235
f 248/265/236 237/254/236 236/264/236
f 237/254/237 250/266/237 238/255/237
f 250/266/238 239/267/238 238/255/238
f 251/268/239 240/256/239 239/267/239
f 252/269/240 229/245/240 240/256/240
f 253/270/241 242/257/241 241/271/241
f 254/272/242 243/273/242 242/257/242
f 255/274/243 244/258/243 243/273/243
f 244/258/244 257/275/244 245/260/244
f 257/275/245 246/261/245 245/260/245
f 258/276/246 247/277/246 246/261/246
f 247/263/247 260/278/247 248/265/247
f 260/278/248 249/279/248 248/265/248
f 261/280/249 250/266/249 249/279/249
f 262/281/250 251/268/250 250/266/250
f 251/268/251 264/282/251 252/269/251
f 264/282/252 241/271/252 252/269/252
f 253/270/253 266/283/253 254/272/253
f 266/283/254 255/274/254 254/272/254
f 267/284/255 256/285/255 255/274/255
f 256/285/256 269/286/256 257/275/256
f 269/286/257 258/276/257 257/275/257
f 270/287/258 259/288/258 258/276/258
f 271/289/259 260/278/259 259/290/259
f 272/291/260 261/280/260 260/278/260
f 273/292/261 262/281/261 261/280/261
f 262/281/262 275/293/262 263/294/262
f 275/293/263 264/282/263 263/294/263
f 276/295/264 253/270/264 264/282/264
f 277/296/265 266/283/265 265/297/265
f 278/298/266 267/284/266 266/283/266
f 279/299/267 268/300/267 267/284/267
f 280/301/268 269/286/268 268/300/268
f 281/302/269 270/287/269 269/286/269
f 282/303/270 271/304/270 270/287/270
f 283/305/271 272/291/271 271/289/271
f 272/291/272 285/306/272 273/292/272
f 273/292/273 286/307/273 274/308/273
f 274/308/274 287/309/274 275/293/274
f 275/293/275 288/310/275 276/295/275
f 276/295/276 277/296/276 265/297/276
f 277/296/277 290/311/277 278/298/277
f 290/311/278 279/299/278 278/298/278
f 291/312/279 280/301/279 279/299/279
f 292/313/280 281/302/280 280/301/280
f 293/314/281 282/303/281 281/302/281
f 294/315/282 283/316/282 282/303/282
f 295/317/283 284/318/283 283/305/283
f 284/318/284 297/319/284 285/306/284
f 297/319/285 286/307/285 285/306/285
f 298/320/286 287/309/286 286/307/286
f 299/321/287 288/310/287 287/309/287
f 300/322/288 277/296/288 288/310/288
f 301/323/6 290/324/6 289/325/6
f 302/326/5 291/327/5 290/324/5
f 303/328/4 292/329/4 291/327/4
f 304/330/3 293/331/3 292/329/3
f 305/332/2 294/333/2 293/331/2
f 306/334/1 295/335/1 294/333/1
f 295/336/12 308/337/12 296/338/12
f 308/337/11 297/339/11 296/338/11
f 297/339/10 310/340/10 298/341/10
f 298/341/9 311/342/9 299/343/9
f 299/343/8 312/344/8 300/345/8
f 300/345/7 301/323/7 289/325/7
f 301/323/18 314/346/18 302/326/18
f 302/326/17 315/347/17 303/328/17
f 303/328/16 316/348/16 304/330/16
f 304/330/15 317/349/15 305/332/15
f 305/332/14 318/350/14 306/334/14
f 318/350/13 307/351/13 306/334/13
f 319/352/24 308/337/24 307/353/24
f 320/354/23 309/355/23 308/337/23
f 321/356/22 310/340/22 309/355/22
f 322/357/21 311/342/21 310/340/21
f 323/358/20 312/344/20 311/342/20
f 312/344/19 313/359/19 301/323/19
f 325/360/30 314/346/30 313/359/30
f 326/361/29 315/347/29 314/346/29
f 315/347/28 328/362/28 316/348/28
f 328/362/27 317/349/27 316/348/27
f 329/363/26 318/350/26 317/349/26
f 330/364/25 319/365/25 318/350/25
f 331/366/36 320/354/36 319/352/36
f 320/354/35 333/367/35 321/356/35
f 333/367/34 322/357/34 321/356/34
f 334/368/33 323/358/33 322/357/33
f 323/358/32 336/369/32 324/370/32
f 324/370/31 325/360/31 313/359/31
f 337/371/42 326/361/42 325/360/42
f 338/372/41 327/373/41 326/361/41
f 339/374/40 328/362/40 327/373/40
f 340/375/39 329/363/39 328/362/39
f 341/376/38 330/364/38 329/363/38
f 330/364/37 343/377/37 331/378/37
f 343/379/48 332/380/48 331/366/48
f 344/381/47 333/367/47 332/380/47
f 345/382/46 334/368/46 333/367/46
f 334/368/45 347/383/45 335/384/45
f 335/384/44 348/385/44 336/369/44
f 348/385/43 325/360/43 336/369/43
f 349/386/54 338/372/54 337/371/54
f 350/387/53 339/374/53 338/372/53
f 351/388/52 340/375/52 339/374/52
f 340/375/51 353/389/51 341/376/51
f 353/389/50 342/390/50 341/376/50
f 354/391/49 343/377/49 342/390/49
f 355/392/60 344/381/60 343/379/60
f 344/381/59 357/393/59 345/382/59
f 357/393/58 346/394/58 345/382/58
f 358/395/57 347/383/57 346/394/57
f 347/383/56 360/396/56 348/385/56
f 360/396/55 337/371/55 348/385/55
f 361/397/66 350/387/66 349/386/66
f 350/387/65 363/398/65 351/388/65
f 363/398/64 352/399/64 351/388/64
f 364/400/63 353/389/63 352/399/63
f 365/401/62 354/391/62 353/389/62
f 366/402/61 355/403/61 354/391/61
f 367/404/72 356/405/72 355/392/72
f 368/406/71 357/393/71 356/405/71
f 357/393/70 370/407/70 358/395/70
f 370/407/69 359/408/69 358/395/69
f 371/409/68 360/396/68 359/408/68
f 372/410/67 349/386/67 360/396/67
f 361/397/78 374/411/78 362/412/78
f 362/412/77 375/413/77 363/398/77
f 375/413/76 364/400/76 363/398/76
f 364/400/75 377/414/75 365/401/75
f 377/414/74 366/402/74 365/401/74
f 378/415/73 367/416/73 366/402/73
f 379/417/84 368/406/84 367/404/84
f 380/418/83 369/419/83 368/406/83
f 381/420/82 370/407/82 369/419/82
f 382/421/81 371/409/81 370/407/81
f 383/422/80 372/410/80 371/409/80
f 384/423/79 361/397/79 372/410/79
f 373/424/90 386/425/90 374/411/90
f 386/425/89 375/413/89 374/411/89
f 387/426/88 376/427/88 375/413/88
f 388/428/87 377/414/87 376/427/87
f 377/414/86 390/429/86 378/415/86
f 390/429/85 379/430/85 378/415/85
f 391/431/96 380/418/96 379/417/96
f 392/432/95 381/420/95 380/418/95
f 393/433/94 382/421/94 381/420/94
f 382/421/93 395/434/93 383/422/93
f 383/422/92 396/435/92 384/423/92
f 396/435/91 373/424/91 384/423/91
f 397/436/102 386/425/102 385/437/102
f 398/438/101 387/426/101 386/425/101
f 399/439/100 388/428/100 387/426/100
f 400/440/99 389/441/99 388/428/99
f 401/442/98 390/429/98 389/441/98
f 402/443/97 391/444/97 390/429/97
f 403/445/108 392/432/108 391/431/108
f 404/446/107 393/433/107 392/432/107
f 393/433/106 406/447/106 394/448/106
f 406/447/105 395/434/105 394/448/105
f 395/434/104 408/449/104 396/435/104
f 408/449/103 385/437/103 396/435/103
f 409/450/114 398/438/114 397/436/114
f 410/451/113 399/439/113 398/438/113
f 411/452/112 400/440/112 399/439/112
f 412/453/111 401/442/111 400/440/111
f 401/442/110 414/454/110 402/443/110
f 414/454/109 403/455/109 402/443/109
f 415/456/120 404/446/120 403/445/120
f 416/457/119 405/458/119 404/446/119
f 417/459/118 406/447/118 405/458/118
f 418/460/117 407/461/117 406/447/117
f 407/461/116 420/462/116 408/449/116
f 420/462/115 397/436/115 408/449/115
f 421/463/126 410/451/126 409/450/126
f 410/451/125 423/464/125 411/452/125
f 423/464/124 412/453/124 411/452/124
f 424/465/123 413/466/123 412/453/123
f 413/466/122 426/467/122 414/454/122
f 426/467/121 415/468/121 414/454/121
f 427/469/132 416/457/132 415/456/132
f 428/470/131 417/459/131 416/457/131
f 417/459/130 430/471/130 418/460/130
f 430/471/129 419/472/129 418/460/129
f 431/473/128 420/462/128 419/472/128
f 432/474/127 409/450/127 420/462/127
f 433/475/138 422/476/138 421/463/138
f 434/477/137 423/464/137 422/476/137
f 423/464/136 436/478/136 424/465/136
f 424/465/135 437/479/135 425/480/135
f 437/479/134 426/467/134 425/480/134
f 426/467/133 439/481/133 427/482/133
f 439/483/144 428/470/144 427/469/144
f 440/484/143 429/485/143 428/470/143
f 441/486/142 430/471/142 429/485/142
f 442/487/141 431/473/141 430/471/141
f 443/488/140 432/474/140 431/473/140
f 444/489/139 421/463/139 432/474/139
f 433/475/150 446/490/150 434/477/150
f 446/490/149 435/491/149 434/477/149
f 447/492/148 436/478/148 435/491/148
f 448/493/147 437/479/147 436/478/147
f 449/494/146 438/495/146 437/479/146
f 450/496/145 439/481/145 438/495/145
f 451/497/156 440/484/156 439/483/156
f 440/484/155 453/498/155 441/486/155
f 441/486/154 454/499/154 442/487/154
f 454/499/153 443/488/153 442/487/153
f 455/500/152 444/489/152 443/488/152
f 456/501/151 433/475/151 444/489/151
f 457/502/162 446/490/162 445/503/162
f 458/504/161 447/492/161 446/490/161
f 459/505/160 448/493/160 447/492/160
f 460/506/159 449/494/159 448/493/159
f 461/507/158 450/496/158 449/494/158
f 450/496/157 463/508/157 451/509/157
f 463/510/168 452/511/168 451/497/168
f 464/512/167 453/498/167 452/511/167
f 453/498/166 466/513/166 454/499/166
f 454/499/165 467/514/165 455/500/165
f 467/514/164 456/501/164 455/500/164
f 468/515/163 445/503/163 456/501/163
f 469/516/174 458/504/174 457/502/174
f 470/517/173 459/505/173 458/504/173
f 471/518/172 460/506/172 459/505/172
f 472/519/171 461/507/171 460/506/171
f 473/520/170 462/521/170 461/507/170
f 474/522/169 463/508/169 462/521/169
f 475/523/180 464/512/180 463/510/180
f 476/524/179 465/525/179 464/512/179
f 477/526/178 466/513/178 465/525/178
f 466/513/177 479/527/177 467/514/177
f 467/514/176 480/528/176 468/515/176
f 480/528/175 457/502/175 468/515/175
f 481/529/186 470/517/186 469/516/186
f 482/530/185 471/518/185 470/517/185
f 471/518/184 484/531/184 472/519/184
f 472/519/183 485/532/183 473/520/183
f 485/532/182 474/522/182 473/520/182
f 486/533/181 475/534/181 474/522/181
f 487/535/192 476/524/192 475/523/192
f 488/536/191 477/526/191 476/524/191
f 489/537/190 478/538/190 477/526/190
f 490/539/189 479/527/189 478/538/189
f 491/540/188 480/528/188 479/527/188
f 480/528/187 481/529/187 469/516/187
f 481/529/198 494/541/198 482/530/198
f 494/541/197 483/542/197 482/530/197
f 495/543/196 484/531/196 483/542/196
f 496/544/195 485/532/195 484/531/195
f 497/545/194 486/533/194 485/532/194
f 498/546/193 487/547/193 486/533/193
f 499/548/204 488/536/204 487/535/204
f 500/549/203 489/537/203 488/536/203
f 501/550/202 490/539/202 489/537/202
f 502/551/201 491/540/201 490/539/201
f 491/540/200 504/552/200 492/553/200
f 504/552/199 481/529/199 492/553/199
f 493/554/210 506/555/210 494/541/210
f 506/555/209 495/543/209 494/541/209
f 495/543/208 508/556/208 496/544/208
f 496/544/207 509/557/207 497/545/207
f 497/545/206 510/558/206 498/546/206
f 510/558/205 499/559/205 498/546/205
f 511/560/216 500/549/216 499/548/216
f 512/561/215 501/550/215 500/549/215
f 513/562/214 502/551/214 501/550/214
f 514/563/213 503/564/213 502/551/213
f 503/564/212 516/565/212 504/552/212
f 516/565/211 493/554/211 504/552/211
f 505/566/222 518/567/222 506/555/222
f 518/567/221 507/568/221 506/555/221
f 507/568/220 520/569/220 508/556/220
f 520/569/219 509/557/219 508/556/219
f 521/570/218 510/558/218 509/557/218
f 522/571/217 511/572/217 510/558/217
f 523/573/228 512/561/228 511/560/228
f 512/561/227 525/574/227 513/562/227
f 513/562/226 526/575/226 514/563/226
f 526/575/225 515/576/225 514/563/225
f 527/577/224 516/565/224 515/576/224
f 528/578/223 505/566/223 516/565/223
f 529/579/234 518/567/234 517/580/234
f 530/581/233 519/582/233 518/567/233
f 531/583/232 520/569/232 519/582/232
f 532/584/231 521/570/231 520/569/231
f 533/585/230 522/571/230 521/570/230
f 534/586/229 523/587/229 522/571/229
f 535/588/240 524/589/240 523/573/240
f 524/589/239 537/590/239 525/574/239
f 537/590/238 526/575/238 525/574/238
f 538/591/237 527/577/237 526/575/237
f 527/577/236 540/592/236 528/578/236
f 540/592/235 517/580/235 528/578/235
f 541/593/246 530/581/246 529/579/246
f 542/594/245 531/583/245 530/581/245
f 531/583/244 544/595/244 532/584/244
f 544/595/243 533/585/243 532/584/243
f 545/596/242 534/586/242 533/585/242
f 546/597/241 535/598/241 534/586/241
f 547/599/252 536/600/252 535/588/252
f 548/601/251 537/590/251 536/600/251
f 549/602/250 538/591/250 537/590/250
f 550/603/249 539/604/249 538/591/249
f 551/605/248 540/592/248 539/604/248
f 552/606/247 529/579/247 540/592/247
f 553/607/258 542/594/258 541/593/258
f 554/608/257 543/609/257 542/594/257
f 555/610/256 544/595/256 543/609/256
f 556/611/255 545/596/255 544/595/255
f 557/612/254 546/597/254 545/596/254
f 558/613/253 547/614/253 546/597/253
f 559/615/264 548/601/264 547/599/264
f 548/601/263 561/616/263 549/602/263
f 561/616/262 550/603/262 549/602/262
f 562/617/261 551/605/261 550/603/261
f 563/618/260 552/606/260 551/605/260
f 564/619/259 541/593/259 552/606/259
f 553/607/270 566/620/270 554/608/270
f 554/608/269 567/621/269 555/610/269
f 555/610/268 568/622/268 556/611/268
f 568/622/267 557/612/267 556/611/267
f 569/623/266 558/613/266 557/612/266
f 558/613/265 571/624/265 559/625/265
f 571/626/276 560/627/276 559/615/276
f 572/628/275 561/616/275 560/627/275
f 561/616/274 574/629/274 562/617/274
f 574/629/273 563/618/273 562/617/273
f 575/630/272 564/619/272 563/618/272
f 576/631/271 553/607/271 564/619/271
f 1/3/282 566/620/282 565/632/282
f 2/2/281 567/621/281 566/620/281
f 3/5/280 568/622/280 567/621/280
f 4/6/279 569/623/279 568/622/279
f 5/8/278 570/633/278 569/623/278
f 6/10/277 571/624/277 570/633/277
f 571/626/288 8/14/288 572/628/288
f 8/14/287 573/634/287 572/628/287
f 9/17/286 574/629/286 573/634/286
f 10/19/285 575/630/285 574/629/285
f 575/630/284 12/23/284 576/631/284
f 576/631/283 1/3/283 565/632/283
f 589/1/289 578/2/289 577/3/289
f 590/26/290 579/5/290 578/2/290
f 579/5/291 592/7/291 580/6/291
f 592/7/292 581/8/292 580/6/292
f 593/9/293 582/10/293 581/8/293
f 594/31/294 583/12/294 582/10/294
f 595/13/295 584/14/295 583/15/295
f 584/14/296 597/18/296 585/17/296
f 597/18/297 586/19/297 585/17/297
f 598/20/298 587/21/298 586/19/298
f 599/22/299 588/23/299 587/21/299
f 588/23/300 589/1/300 577/3/300
f 589/1/301 602/27/301 590/26/301
f 602/27/302 591/4/302 590/26/302
f 603/28/303 592/7/303 591/4/303
f 604/29/304 593/9/304 592/7/304
f 605/40/305 594/31/305 593/9/305
f 594/31/306 607/43/306 595/11/306
f 607/32/307 596/16/307 595/13/307
f 608/33/308 597/18/308 596/16/308
f 597/18/309 610/34/309 598/20/309
f 598/20/310 611/35/310 599/22/310
f 599/22/311 612/36/311 600/24/311
f 612/36/312 589/1/312 600/24/312
f 601/25/313 614/37/313 602/27/313
f 602/27/314 615/38/314 603/28/314
f 615/38/315 604/29/315 603/28/315
f 604/29/316 617/39/316 605/40/316
f 617/39/317 606/30/317 605/40/317
f 618/41/318 607/43/318 606/30/318
f 619/44/319 608/33/319 607/32/319
f 620/45/320 609/46/320 608/33/320
f 621/58/321 610/34/321 609/46/321
f 622/47/322 611/35/322 610/34/322
f 623/48/323 612/36/323 611/35/323
f 624/49/324 601/25/324 612/36/324
f 625/63/325 614/37/325 613/50/325
f 626/51/326 615/38/326 614/37/326
f 627/52/327 616/54/327 615/38/327
f 628/53/328 617/39/328 616/54/328
f 629/66/329 618/41/329 617/39/329
f 630/55/330 619/42/330 618/41/330
f 619/44/331 632/57/331 620/45/331
f 632/57/332 621/58/332 620/45/332
f 621/58/333 634/59/333 622/47/333
f 634/59/334 623/48/334 622/47/334
f 623/48/335 636/61/335 624/49/335
f 636/61/336 613/50/336 624/49/336
f 637/62/337 626/51/337 625/63/337
f 638/76/338 627/52/338 626/51/338
f 639/64/339 628/53/339 627/52/339
f 640/65/340 629/66/340 628/53/340
f 629/66/341 642/67/341 630/55/341
f 642/67/342 631/68/342 630/55/342
f 643/69/343 632/57/343 631/56/343
f 644/70/344 633/71/344 632/57/344
f 645/72/345 634/59/345 633/71/345
f 646/73/346 635/60/346 634/59/346
f 647/74/347 636/61/347 635/60/347
f 636/61/348 637/62/348 625/63/348
f 649/75/349 638/76/349 637/62/349
f 650/77/350 639/64/350 638/76/350
f 651/78/351 640/65/351 639/64/351
f 652/79/352 641/80/352 640/65/352
f 653/81/353 642/67/353 641/80/353
f 654/82/354 643/83/354 642/67/354
f 655/95/355 644/70/355 643/69/355
f 656/84/356 645/72/356 644/70/356
f 657/85/357 646/73/357 645/72/357
f 646/73/358 659/99/358 647/74/358
f 659/99/359 648/88/359 647/74/359
f 648/88/360 649/75/360 637/62/360
f 649/75/361 662/102/361 650/77/361
f 650/77/362 663/90/362 651/78/362
f 663/90/363 652/79/363 651/78/363
f 664/91/364 653/81/364 652/79/364
f 653/81/365 666/92/365 654/82/365
f 666/92/366 655/93/366 654/82/366
f 667/94/367 656/84/367 655/95/367
f 656/84/368 669/110/368 657/85/368
f 669/110/369 658/86/369 657/85/369
f 658/86/370 671/98/370 659/99/370
f 671/98/371 660/87/371 659/99/371
f 672/100/372 649/75/372 660/87/372
f 661/89/373 674/116/373 662/102/373
f 662/102/374 675/103/374 663/90/374
f 675/103/375 664/91/375 663/90/375
f 676/104/376 665/105/376 664/91/376
f 677/119/377 666/92/377 665/105/377
f 666/92/378 679/122/378 667/107/378
f 679/108/379 668/96/379 667/94/379
f 680/109/380 669/110/380 668/96/380
f 681/111/381 670/97/381 669/110/381
f 682/112/382 671/98/382 670/97/382
f 683/113/383 672/100/383 671/98/383
f 684/114/384 661/89/384 672/100/384
f 673/101/385 686/115/385 674/116/385
f 686/115/386 675/103/386 674/116/386
f 687/117/387 676/104/387 675/103/387
f 688/118/388 677/119/388 676/104/388
f 689/120/389 678/106/389 677/119/389
f 690/121/390 679/122/390 678/106/390
f 691/123/391 680/109/391 679/108/391
f 680/109/392 693/137/392 681/111/392
f 693/137/393 682/112/393 681/111/393
f 682/112/394 695/126/394 683/113/394
f 683/113/395 696/127/395 684/114/395
f 696/127/396 673/101/396 684/114/396
f 685/129/397 698/130/397 686/115/397
f 686/115/398 699/131/398 687/117/398
f 687/117/399 700/132/399 688/118/399
f 700/132/400 689/120/400 688/118/400
f 701/145/401 690/121/401 689/120/401
f 702/133/402 691/134/402 690/121/402
f 703/135/403 692/124/403 691/123/403
f 704/136/404 693/137/404 692/124/404
f 705/138/405 694/125/405 693/137/405
f 706/139/406 695/126/406 694/125/406
f 707/140/407 696/127/407 695/126/407
f 696/127/408 697/128/408 685/129/408
f 709/142/409 698/130/409 697/128/409
f 710/143/410 699/131/410 698/130/410
f 711/155/411 700/132/411 699/131/411
f 712/144/412 701/145/412 700/132/412
f 701/145/413 714/147/413 702/133/413
f 714/147/414 703/148/414 702/133/414
f 715/161/415 704/136/415 703/135/415
f 716/149/416 705/138/416 704/136/416
f 705/138/417 718/150/417 706/139/417
f 718/150/418 707/140/418 706/139/418
f 719/151/419 708/141/419 707/140/419
f 720/152/420 697/128/420 708/141/420
f 721/153/421 710/143/421 709/142/421
f 710/143/143 723/156/143 711/155/143
f 723/156/422 712/144/422 711/155/422
f 712/144/423 725/157/423 713/146/423
f 725/157/146 714/147/146 713/146/146
f 714/147/424 727/174/424 715/159/424
f 727/160/425 716/149/425 715/161/425
f 716/149/137 729/164/137 717/163/137
f 729/164/426 718/150/426 717/163/426
f 718/150/427 731/166/427 719/151/427
f 731/166/152 720/152/152 719/151/152
f 732/179/428 709/142/428 720/152/428
f 721/153/429 734/168/429 722/154/429
f 722/154/155 735/169/155 723/156/155
f 735/169/430 724/170/430 723/156/430
f 736/171/431 725/157/431 724/170/431
f 725/157/134 738/173/134 726/158/134
f 738/173/432 727/174/432 726/158/432
f 739/187/433 728/162/433 727/160/433
f 740/175/149 729/164/149 728/162/149
f 729/164/434 742/176/434 730/165/434
f 730/165/435 743/177/435 731/166/435
f 731/166/140 744/178/140 732/179/140
f 744/178/436 721/153/436 732/179/436
f 733/167/437 746/195/437 734/168/437
f 746/195/438 735/169/438 734/168/438
f 735/169/439 748/182/439 736/171/439
f 748/182/440 737/172/440 736/171/440
f 749/183/441 738/173/441 737/172/441
f 750/184/442 739/185/442 738/173/442
f 751/186/443 740/175/443 739/187/443
f 740/175/444 753/190/444 741/189/444
f 753/190/445 742/176/445 741/189/445
f 754/191/446 743/177/446 742/176/446
f 743/177/447 756/193/447 744/178/447
f 756/193/448 733/167/448 744/178/448
f 745/180/449 758/196/449 746/195/449
f 758/196/450 747/181/450 746/195/450
f 747/181/451 760/207/451 748/182/451
f 760/207/452 749/183/452 748/182/452
f 761/198/453 750/184/453 749/183/453
f 762/199/454 751/200/454 750/184/454
f 751/186/455 764/202/455 752/188/455
f 764/202/456 753/190/456 752/188/456
f 765/214/457 754/191/457 753/190/457
f 766/203/458 755/192/458 754/191/458
f 755/192/459 768/204/459 756/193/459
f 768/204/460 745/180/460 756/193/460
f 769/205/461 758/196/461 757/194/461
f 770/221/462 759/197/462 758/196/462
f 759/197/463 772/208/463 760/207/463
f 760/207/464 773/209/464 761/198/464
f 773/209/465 762/199/465 761/198/465
f 762/199/466 775/227/466 763/211/466
f 775/212/467 764/202/467 763/201/467
f 764/202/468 777/215/468 765/214/468
f 777/215/469 766/203/469 765/214/469
f 778/216/470 767/217/470 766/203/470
f 779/218/471 768/204/471 767/217/471
f 768/204/472 769/205/472 757/194/472
f 781/220/473 770/221/473 769/205/473
f 782/222/474 771/206/474 770/221/474
f 783/223/475 772/208/475 771/206/475
f 784/224/476 773/209/476 772/208/476
f 785/225/477 774/210/477 773/209/477
f 774/210/478 787/226/478 775/227/478
f 787/228/479 776/213/479 775/212/479
f 776/213/480 789/229/480 777/215/480
f 777/215/481 790/230/481 778/216/481
f 790/230/482 779/218/482 778/216/482
f 779/218/483 792/232/483 780/219/483
f 780/219/484 781/220/484 769/205/484
f 793/233/485 782/222/485 781/220/485
f 782/222/486 795/247/486 783/223/486
f 795/247/487 784/224/487 783/223/487
f 784/224/488 797/236/488 785/225/488
f 785/225/489 798/238/489 786/237/489
f 798/238/490 787/226/490 786/237/490
f 787/228/491 800/253/491 788/240/491
f 800/253/492 789/229/492 788/240/492
f 801/241/493 790/230/493 789/229/493
f 802/242/494 791/231/494 790/230/494
f 803/243/495 792/232/495 791/231/495
f 792/232/496 793/233/496 781/220/496
f 793/233/497 806/246/497 794/234/497
f 794/234/498 807/248/498 795/247/498
f 807/248/499 796/235/499 795/247/499
f 796/235/500 809/249/500 797/236/500
f 797/236/501 810/250/501 798/238/501
f 810/250/502 799/251/502 798/238/502
f 799/239/503 812/264/503 800/253/503
f 812/264/504 801/241/504 800/253/504
f 801/241/505 814/255/505 802/242/505
f 814/255/506 803/243/506 802/242/506
f 815/267/507 804/244/507 803/243/507
f 804/244/508 805/245/508 793/233/508
f 817/271/509 806/246/509 805/245/509
f 818/257/510 807/248/510 806/246/510
f 819/273/511 808/259/511 807/248/511
f 808/259/512 821/260/512 809/249/512
f 821/260/513 810/250/513 809/249/513
f 822/261/514 811/262/514 810/250/514
f 823/263/515 812/264/515 811/252/515
f 812/264/516 825/279/516 813/254/516
f 813/254/517 826/266/517 814/255/517
f 826/266/518 815/267/518 814/255/518
f 815/267/519 828/269/519 816/256/519
f 828/269/520 805/245/520 816/256/520
f 829/270/521 818/257/521 817/271/521
f 818/257/522 831/274/522 819/273/522
f 819/273/523 832/285/523 820/258/523
f 832/285/524 821/260/524 820/258/524
f 821/260/525 834/276/525 822/261/525
f 834/276/526 823/277/526 822/261/526
f 823/263/527 836/278/527 824/265/527
f 836/278/528 825/279/528 824/265/528
f 837/280/529 826/266/529 825/279/529
f 838/281/530 827/268/530 826/266/530
f 839/294/531 828/269/531 827/268/531
f 828/269/532 829/270/532 817/271/532
f 841/297/533 830/272/533 829/270/533
f 830/272/534 843/284/534 831/274/534
f 843/284/535 832/285/535 831/274/535
f 832/285/536 845/286/536 833/275/536
f 845/286/537 834/276/537 833/275/537
f 834/276/538 847/304/538 835/288/538
f 847/289/539 836/278/539 835/290/539
f 848/291/540 837/280/540 836/278/540
f 837/280/541 850/308/541 838/281/541
f 838/281/542 851/293/542 839/294/542
f 851/293/543 840/282/543 839/294/543
f 840/282/544 841/297/544 829/270/544
f 853/296/545 842/283/545 841/297/545
f 854/298/546 843/284/546 842/283/546
f 855/299/547 844/300/547 843/284/547
f 844/300/548 857/302/548 845/286/548
f 845/286/549 858/303/549 846/287/549
f 858/303/550 847/304/550 846/287/550
f 859/305/551 848/291/551 847/289/551
f 860/318/552 849/292/552 848/291/552
f 861/306/553 850/308/553 849/292/553
f 850/308/554 863/309/554 851/293/554
f 851/293/555 864/310/555 852/295/555
f 852/295/556 853/296/556 841/297/556
f 865/635/557 854/298/557 853/296/557
f 854/298/558 867/312/558 855/299/558
f 867/312/559 856/301/559 855/299/559
f 868/313/560 857/302/560 856/301/560
f 869/314/561 858/303/561 857/302/561
f 870/315/562 859/316/562 858/303/562
f 871/317/563 860/318/563 859/305/563
f 872/636/564 861/306/564 860/318/564
f 873/319/565 862/307/565 861/306/565
f 862/307/566 875/321/566 863/309/566
f 875/321/567 864/310/567 863/309/567
f 876/322/568 853/296/568 864/310/568
f 877/323/294 866/324/294 865/325/294
f 878/326/293 867/327/293 866/324/293
f 867/327/292 880/330/292 868/329/292
f 880/330/291 869/331/291 868/329/291
f 881/332/290 870/333/290 869/331/290
f 882/334/289 871/335/289 870/333/289
f 883/353/300 872/338/300 871/336/300
f 872/338/299 885/355/299 873/339/299
f 885/355/298 874/341/298 873/339/298
f 874/341/297 887/342/297 875/343/297
f 875/343/296 888/344/296 876/345/296
f 888/344/295 865/325/295 876/345/295
f 877/323/306 890/346/306 878/326/306
f 878/326/305 891/347/305 879/328/305
f 879/328/304 892/348/304 880/330/304
f 892/348/303 881/332/303 880/330/303
f 893/349/302 882/334/302 881/332/302
f 894/350/301 883/351/301 882/334/301
f 895/352/312 884/337/312 883/353/312
f 884/337/311 897/356/311 885/355/311
f 885/355/310 898/357/310 886/340/310
f 898/357/309 887/342/309 886/340/309
f 899/358/308 888/344/308 887/342/308
f 900/370/307 877/323/307 888/344/307
f 901/360/318 890/346/318 889/359/318
f 890/346/317 903/373/317 891/347/317
f 903/373/316 892/348/316 891/347/316
f 904/362/315 893/349/315 892/348/315
f 905/363/314 894/350/314 893/349/314
f 906/364/313 895/365/313 894/350/313
f 895/352/324 908/380/324 896/354/324
f 896/354/323 909/367/323 897/356/323
f 897/356/322 910/368/322 898/357/322
f 898/357/321 911/384/321 899/358/321
f 911/384/320 900/370/320 899/358/320
f 900/370/319 901/360/319 889/359/319
f 913/371/330 902/361/330 901/360/330
f 902/361/329 915/374/329 903/373/329
f 915/374/328 904/362/328 903/373/328
f 916/375/327 905/363/327 904/362/327
f 917/376/326 906/364/326 905/363/326
f 918/390/325 907/378/325 906/364/325
f 919/379/336 908/380/336 907/366/336
f 908/380/335 921/382/335 909/367/335
f 921/382/334 910/368/334 909/367/334
f 922/394/333 911/384/333 910/368/333
f 923/383/332 912/369/332 911/384/332
f 924/385/331 901/360/331 912/369/331
f 925/386/342 914/372/342 913/371/342
f 926/387/341 915/374/341 914/372/341
f 915/374/340 928/399/340 916/375/340
f 916/375/339 929/389/339 917/376/339
f 917/376/338 930/391/338 918/390/338
f 918/390/337 931/403/337 919/377/337
f 931/392/348 920/381/348 919/379/348
f 932/405/347 921/382/347 920/381/347
f 921/382/346 934/395/346 922/394/346
f 934/395/345 923/383/345 922/394/345
f 935/408/344 924/385/344 923/383/344
f 936/396/343 913/371/343 924/385/343
f 937/397/354 926/387/354 925/386/354
f 938/412/353 927/388/353 926/387/353
f 939/398/352 928/399/352 927/388/352
f 928/399/351 941/401/351 929/389/351
f 941/401/350 930/391/350 929/389/350
f 930/391/349 943/416/349 931/403/349
f 943/404/360 932/405/360 931/392/360
f 932/405/359 945/419/359 933/393/359
f 933/393/358 946/407/358 934/395/358
f 946/407/357 935/408/357 934/395/357
f 935/408/356 948/410/356 936/396/356
f 948/410/355 925/386/355 936/396/355
f 937/397/366 950/411/366 938/412/366
f 938/412/569 951/413/569 939/398/569
f 951/413/364 940/400/364 939/398/364
f 940/400/363 953/414/363 941/401/363
f 953/414/362 942/402/362 941/401/362
f 942/402/361 955/430/361 943/416/361
f 955/417/372 944/406/372 943/404/372
f 944/406/371 957/420/371 945/419/371
f 957/420/370 946/407/370 945/419/370
f 958/421/369 947/409/369 946/407/369
f 947/409/368 960/423/368 948/410/368
f 948/410/367 949/424/367 937/397/367
f 949/424/378 962/425/378 950/411/378
f 950/411/377 963/426/377 951/413/377
f 951/413/376 964/428/376 952/427/376
f 952/427/375 965/441/375 953/414/375
f 953/414/374 966/429/374 954/415/374
f 954/415/373 967/444/373 955/430/373
f 955/417/384 968/432/384 956/418/384
f 956/418/383 969/433/383 957/420/383
f 969/433/382 958/421/382 957/420/382
f 970/448/381 959/422/381 958/421/381
f 971/434/380 960/423/380 959/422/380
f 972/435/379 949/424/379 960/423/379
f 961/437/390 974/438/390 962/425/390
f 974/438/389 963/426/389 962/425/389
f 975/439/388 964/428/388 963/426/388
f 964/428/387 977/442/387 965/441/387
f 965/441/386 978/443/386 966/429/386
f 978/443/385 967/444/385 966/429/385
f 967/431/396 980/446/396 968/432/396
f 980/446/395 969/433/395 968/432/395
f 981/458/394 970/448/394 969/433/394
f 982/447/393 971/434/393 970/448/393
f 983/461/392 972/435/392 971/434/392
f 984/449/391 961/437/391 972/435/391
f 973/436/402 986/451/402 974/438/402
f 986/451/401 975/439/401 974/438/401
f 987/452/400 976/440/400 975/439/400
f 976/440/399 989/466/399 977/442/399
f 977/442/398 990/454/398 978/443/398
f 990/454/397 979/455/397 978/443/397
f 991/456/408 980/446/408 979/445/408
f 980/446/407 993/459/407 981/458/407
f 981/458/406 994/460/406 982/447/406
f 982/447/405 995/472/405 983/461/405
f 983/461/404 996/462/404 984/449/404
f 996/462/403 973/436/403 984/449/403
f 997/463/414 986/451/414 985/450/414
f 998/476/413 987/452/413 986/451/413
f 999/464/412 988/453/412 987/452/412
f 1000/465/411 989/466/411 988/453/411
f 1001/480/410 990/454/410 989/466/410
f 1002/467/409 991/468/409 990/454/409
f 1003/469/420 992/457/420 991/456/420
f 1004/470/419 993/459/419 992/457/419
f 1005/485/418 994/460/418 993/459/418
f 994/460/417 1007/473/417 995/472/417
f 995/472/416 1008/474/416 996/462/416
f 1008/474/415 985/450/415 996/462/415
f 1009/475/424 998/476/424 997/463/424
f 1010/477/146 999/464/146 998/476/146
f 999/464/423 1012/478/423 1000/465/423
f 1000/465/422 1013/479/422 1001/480/422
f 1013/479/143 1002/467/143 1001/480/143
f 1014/495/421 1003/482/421 1002/467/421
f 1015/483/428 1004/470/428 1003/469/428
f 1004/470/152 1017/486/152 1005/485/152
f 1017/486/427 1006/471/427 1005/485/427
f 1018/487/426 1007/473/426 1006/471/426
f 1019/488/137 1008/474/137 1007/473/137
f 1008/474/425 1009/475/425 997/463/425
f 1021/503/432 1010/477/432 1009/475/432
f 1022/490/134 1011/491/134 1010/477/134
f 1011/491/431 1024/493/431 1012/478/431
f 1024/493/430 1013/479/430 1012/478/430
f 1013/479/155 1026/496/155 1014/495/155
f 1026/496/429 1015/481/429 1014/495/429
f 1015/483/436 1028/511/436 1016/484/436
f 1028/511/140 1017/486/140 1016/484/140
f 1017/486/435 1030/499/435 1018/487/435
f 1030/499/434 1019/488/434 1018/487/434
f 1019/488/149 1032/501/149 1020/489/149
f 1032/501/433 1009/475/433 1020/489/433
f 1033/502/442 1022/490/442 1021/503/442
f 1022/490/441 1035/505/441 1023/492/441
f 1035/505/440 1024/493/440 1023/492/440
f 1024/493/439 1037/507/439 1025/494/439
f 1025/494/438 1038/521/438 1026/496/438
f 1026/496/437 1039/508/437 1027/509/437
f 1039/510/448 1028/511/448 1027/497/448
f 1040/512/447 1029/498/447 1028/511/447
f 1041/525/446 1030/499/446 1029/498/446
f 1030/499/445 1043/514/445 1031/500/445
f 1043/514/444 1032/501/444 1031/500/444
f 1032/501/443 1033/502/443 1021/503/443
f 1045/516/454 1034/504/454 1033/502/454
f 1046/517/453 1035/505/453 1034/504/453
f 1047/518/452 1036/506/452 1035/505/452
f 1048/519/451 1037/507/451 1036/506/451
f 1037/507/450 1050/522/450 1038/521/450
f 1050/522/449 1039/508/449 1038/521/449
f 1051/523/460 1040/512/460 1039/510/460
f 1052/524/459 1041/525/459 1040/512/459
f 1053/526/458 1042/513/458 1041/525/458
f 1042/513/457 1055/527/457 1043/514/457
f 1043/514/456 1056/528/456 1044/515/456
f 1056/528/455 1033/502/455 1044/515/455
f 1057/529/466 1046/517/466 1045/516/466
f 1046/517/465 1059/542/465 1047/518/465
f 1059/542/464 1048/519/464 1047/518/464
f 1060/531/463 1049/520/463 1048/519/463
f 1049/520/462 1062/533/462 1050/522/462
f 1062/533/461 1051/534/461 1050/522/461
f 1063/535/472 1052/524/472 1051/523/472
f 1064/536/471 1053/526/471 1052/524/471
f 1065/537/470 1054/538/470 1053/526/470
f 1066/539/469 1055/527/469 1054/538/469
f 1067/540/468 1056/528/468 1055/527/468
f 1056/528/467 1057/529/467 1045/516/467
f 1069/554/478 1058/530/478 1057/529/478
f 1058/530/477 1071/543/477 1059/542/477
f 1071/543/476 1060/531/476 1059/542/476
f 1072/544/475 1061/532/475 1060/531/475
f 1073/545/474 1062/533/474 1061/532/474
f 1074/546/473 1063/547/473 1062/533/473
f 1075/548/484 1064/536/484 1063/535/484
f 1064/536/483 1077/550/483 1065/537/483
f 1065/537/482 1078/551/482 1066/539/482
f 1066/539/481 1079/564/481 1067/540/481
f 1079/564/480 1068/553/480 1067/540/480
f 1080/552/479 1057/529/479 1068/553/479
f 1069/554/490 1082/555/490 1070/541/490
f 1070/541/489 1083/568/489 1071/543/489
f 1071/543/488 1084/556/488 1072/544/488
f 1072/544/487 1085/557/487 1073/545/487
f 1085/557/486 1074/546/486 1073/545/486
f 1074/546/485 1087/572/485 1075/559/485
f 1087/560/496 1076/549/496 1075/548/496
f 1088/561/495 1077/550/495 1076/549/495
f 1089/562/494 1078/551/494 1077/550/494
f 1090/563/493 1079/564/493 1078/551/493
f 1091/576/492 1080/552/492 1079/564/492
f 1092/565/491 1069/554/491 1080/552/491
f 1093/580/502 1082/555/502 1081/566/502
f 1094/567/501 1083/568/501 1082/555/501
f 1095/582/500 1084/556/500 1083/568/500
f 1096/569/499 1085/557/499 1084/556/499
f 1097/570/498 1086/558/498 1085/557/498
f 1098/571/497 1087/572/497 1086/558/497
f 1099/573/508 1088/561/508 1087/560/508
f 1088/561/507 1101/574/507 1089/562/507
f 1101/574/506 1090/563/506 1089/562/506
f 1102/575/505 1091/576/505 1090/563/505
f 1091/576/504 1104/578/504 1092/565/504
f 1104/578/503 1081/566/503 1092/565/503
f 1093/580/514 1106/581/514 1094/567/514
f 1106/581/513 1095/582/513 1094/567/513
f 1107/583/512 1096/569/512 1095/582/512
f 1108/584/511 1097/570/511 1096/569/511
f 1109/585/510 1098/571/510 1097/570/510
f 1110/586/509 1099/587/509 1098/571/509
f 1111/588/520 1100/589/520 1099/573/520
f 1112/600/570 1101/574/570 1100/589/570
f 1113/590/518 1102/575/518 1101/574/518
f 1114/591/517 1103/577/517 1102/575/517
f 1115/604/516 1104/578/516 1103/577/516
f 1116/592/515 1093/580/515 1104/578/515
f 1105/579/526 1118/594/526 1106/581/526
f 1106/581/525 1119/609/525 1107/583/525
f 1107/583/524 1120/595/524 1108/584/524
f 1108/584/523 1121/596/523 1109/585/523
f 1121/596/522 1110/586/522 1109/585/522
f 1122/597/521 1111/598/521 1110/586/521
f 1123/599/532 1112/600/532 1111/588/532
f 1124/601/531 1113/590/531 1112/600/531
f 1125/602/530 1114/591/530 1113/590/530
f 1126/603/529 1115/604/529 1114/591/529
f 1127/605/528 1116/592/528 1115/604/528
f 1128/606/527 1105/579/527 1116/592/527
f 1129/607/538 1118/594/538 1117/593/538
f 1130/608/537 1119/609/537 1118/594/537
f 1131/610/536 1120/595/536 1119/609/536
f 1132/611/535 1121/596/535 1120/595/535
f 1133/612/534 1122/597/534 1121/596/534
f 1122/597/533 1135/625/533 1123/614/533
f 1135/615/544 1124/601/544 1123/599/544
f 1124/601/543 1137/616/543 1125/602/543
f 1125/602/542 1138/617/542 1126/603/542
f 1126/603/541 1139/618/541 1127/605/541
f 1139/618/540 1128/606/540 1127/605/540
f 1140/619/539 1117/593/539 1128/606/539
f 1141/632/550 1130/608/550 1129/607/550
f 1130/608/549 1143/621/549 1131/610/549
f 1131/610/548 1144/622/548 1132/611/548
f 1144/622/547 1133/612/547 1132/611/547
f 1145/623/546 1134/613/546 1133/612/546
f 1134/613/545 1147/624/545 1135/625/545
f 1147/626/556 1136/627/556 1135/615/556
f 1148/628/555 1137/616/555 1136/627/555
f 1149/634/554 1138/617/554 1137/616/554
f 1150/629/553 1139/618/553 1138/617/553
f 1151/630/552 1140/619/552 1139/618/552
f 1152/631/551 1129/607/551 1140/619/551
f 1141/632/562 578/2/562 1142/620/562
f 578/2/571 1143/621/571 1142/620/571
f 579/5/560 1144/622/560 1143/621/560
f 580/6/559 1145/623/559 1144/622/559
f 1145/623/572 582/10/572 1146/633/572
f 1146/633/557 583/12/557 1147/624/557
f 583/15/568 1148/628/568 1147/626/568
f 584/14/573 1149/634/573 1148/628/573
f 585/17/566 1150/629/566 1149/634/566
f 1150/629/565 587/21/565 1151/630/565
f 587/21/564 1152/631/564 1151/630/564
f 588/23/563 1141/632/563 1152/631/563
f 13/1/1 14/26/1 2/2/1
f 2/2/2 14/26/2 15/4/2
f 15/4/3 16/7/3 4/6/3
f 16/7/4 17/9/4 5/8/4
f 17/9/5 18/31/5 6/10/5
f 6/10/6 18/31/6 19/11/6
f 19/13/7 20/16/7 8/14/7
f 20/16/8 21/18/8 9/17/8
f 21/18/9 22/20/9 10/19/9
f 22/20/10 23/22/10 11/21/10
f 23/22/11 24/24/11 12/23/11
f 24/24/12 13/1/12 1/3/12
f 25/25/13 26/27/13 14/26/13
f 26/27/14 27/28/14 15/4/14
f 27/28/15 28/29/15 16/7/15
f 28/29/16 29/40/16 17/9/16
f 17/9/17 29/40/17 30/30/17
f 30/30/18 31/43/18 19/11/18
f 31/32/19 32/33/19 20/16/19
f 32/33/20 33/46/20 21/18/20
f 21/18/21 33/46/21 34/34/21
f 22/20/22 34/34/22 35/35/22
f 23/22/23 35/35/23 36/36/23
f 36/36/24 25/25/24 13/1/24
f 25/25/25 37/50/25 38/37/25
f 38/37/26 39/38/26 27/28/26
f 39/38/27 40/54/27 28/29/27
f 28/29/28 40/54/28 41/39/28
f 29/40/29 41/39/29 42/41/29
f 30/30/30 42/41/30 43/42/30
f 43/44/31 44/45/31 32/33/31
f 44/45/32 45/58/32 33/46/32
f 33/46/33 45/58/33 46/47/33
f 34/34/34 46/47/34 47/48/34
f 35/35/35 47/48/35 48/49/35
f 48/49/36 37/50/36 25/25/36
f 37/50/37 49/63/37 50/51/37
f 38/37/38 50/51/38 51/52/38
f 39/38/39 51/52/39 52/53/39
f 52/53/40 53/66/40 41/39/40
f 41/39/41 53/66/41 54/55/41
f 54/55/42 55/68/42 43/42/42
f 55/56/43 56/57/43 44/45/43
f 56/57/44 57/71/44 45/58/44
f 45/58/45 57/71/45 58/59/45
f 58/59/46 59/60/46 47/48/46
f 59/60/47 60/61/47 48/49/47
f 60/61/48 49/63/48 37/50/48
f 61/62/49 62/76/49 50/51/49
f 50/51/50 62/76/50 63/64/50
f 63/64/51 64/65/51 52/53/51
f 64/65/52 65/80/52 53/66/52
f 53/66/53 65/80/53 66/67/53
f 66/67/54 67/83/54 55/68/54
f 67/69/55 68/70/55 56/57/55
f 68/70/56 69/72/56 57/71/56
f 69/72/57 70/73/57 58/59/57
f 70/73/58 71/74/58 59/60/58
f 71/74/59 72/88/59 60/61/59
f 60/61/60 72/88/60 61/62/60
f 73/75/61 74/77/61 62/76/61
f 74/77/62 75/78/62 63/64/62
f 75/78/63 76/79/63 64/65/63
f 76/79/64 77/81/64 65/80/64
f 77/81/65 78/82/65 66/67/65
f 78/82/66 79/93/66 67/83/66
f 67/69/67 79/95/67 80/84/67
f 80/84/68 81/85/68 69/72/68
f 81/85/69 82/86/69 70/73/69
f 82/86/70 83/99/70 71/74/70
f 71/74/71 83/99/71 84/87/71
f 84/87/72 73/75/72 61/62/72
f 85/89/73 86/102/73 74/77/73
f 74/77/74 86/102/74 87/90/74
f 87/90/75 88/91/75 76/79/75
f 88/91/76 89/105/76 77/81/76
f 77/81/77 89/105/77 90/92/77
f 90/92/78 91/107/78 79/93/78
f 91/94/79 92/96/79 80/84/79
f 92/96/80 93/110/80 81/85/80
f 81/85/81 93/110/81 94/97/81
f 82/86/82 94/97/82 95/98/82
f 95/98/83 96/100/83 84/87/83
f 96/100/84 85/89/84 73/75/84
f 97/101/85 98/116/85 86/102/85
f 86/102/86 98/116/86 99/103/86
f 87/90/87 99/103/87 100/104/87
f 100/104/88 101/119/88 89/105/88
f 89/105/89 101/119/89 102/106/89
f 102/106/90 103/122/90 91/107/90
f 103/108/91 104/109/91 92/96/91
f 104/109/92 105/111/92 93/110/92
f 105/111/93 106/112/93 94/97/93
f 106/112/94 107/113/94 95/98/94
f 107/113/95 108/114/95 96/100/95
f 108/114/96 97/101/96 85/89/96
f 97/101/97 109/129/97 110/115/97
f 110/115/98 111/117/98 99/103/98
f 111/117/99 112/118/99 100/104/99
f 112/118/100 113/120/100 101/119/100
f 113/120/101 114/121/101 102/106/101
f 114/121/102 115/134/102 103/122/102
f 115/123/103 116/124/103 104/109/103
f 116/124/104 117/137/104 105/111/104
f 105/111/105 117/137/105 118/125/105
f 106/112/106 118/125/106 119/126/106
f 119/126/107 120/127/107 108/114/107
f 120/127/108 109/129/108 97/101/108
f 121/128/109 122/130/109 110/115/109
f 122/130/110 123/131/110 111/117/110
f 123/131/111 124/132/111 112/118/111
f 124/132/112 125/145/112 113/120/112
f 113/120/113 125/145/113 126/133/113
f 126/133/114 127/148/114 115/134/114
f 127/135/115 128/136/115 116/124/115
f 128/136/116 129/138/116 117/137/116
f 129/138/117 130/139/117 118/125/117
f 130/139/118 131/140/118 119/126/118
f 131/140/119 132/141/119 120/127/119
f 132/141/120 121/128/120 109/129/120
f 133/142/121 134/143/121 122/130/121
f 134/143/122 135/155/122 123/131/122
f 123/131/123 135/155/123 136/144/123
f 136/144/124 137/146/124 125/145/124
f 137/146/125 138/147/125 126/133/125
f 138/147/126 139/159/126 127/148/126
f 127/135/127 139/161/127 140/149/127
f 140/149/128 141/163/128 129/138/128
f 129/138/129 141/163/129 142/150/129
f 142/150/130 143/151/130 131/140/130
f 143/151/131 144/152/131 132/141/131
f 144/152/132 133/142/132 121/128/132
f 145/153/133 146/154/133 134/143/133
f 146/154/134 147/156/134 135/155/134
f 147/156/135 148/170/135 136/144/135
f 136/144/136 148/170/136 149/157/136
f 137/146/137 149/157/137 150/158/137
f 150/158/138 151/174/138 139/159/138
f 151/160/139 152/162/139 140/149/139
f 152/162/140 153/164/140 141/163/140
f 153/164/141 154/165/141 142/150/141
f 154/165/142 155/166/142 143/151/142
f 155/166/143 156/179/143 144/152/143
f 144/152/144 156/179/144 145/153/144
f 157/167/145 158/168/145 146/154/145
f 158/168/146 159/169/146 147/156/146
f 159/169/147 160/171/147 148/170/147
f 160/171/148 161/172/148 149/157/148
f 161/172/149 162/173/149 150/158/149
f 162/173/150 163/185/150 151/174/150
f 151/160/151 163/187/151 164/175/151
f 164/175/152 165/189/152 153/164/152
f 153/164/153 165/189/153 166/176/153
f 154/165/154 166/176/154 167/177/154
f 155/166/155 167/177/155 168/178/155
f 156/179/156 168/178/156 157/167/156
f 169/180/157 170/195/157 158/168/157
f 158/168/158 170/195/158 171/181/158
f 159/169/159 171/181/159 172/182/159
f 172/182/160 173/183/160 161/172/160
f 173/183/161 174/184/161 162/173/161
f 174/184/162 175/200/162 163/185/162
f 175/186/163 176/188/163 164/175/163
f 176/188/164 177/190/164 165/189/164
f 177/190/165 178/191/165 166/176/165
f 178/191/166 179/192/166 167/177/166
f 179/192/167 180/193/167 168/178/167
f 180/193/168 169/180/168 157/167/168
f 181/194/169 182/196/169 170/195/169
f 182/196/170 183/197/170 171/181/170
f 183/197/171 184/207/171 172/182/171
f 172/182/172 184/207/172 185/198/172
f 185/198/173 186/199/173 174/184/173
f 186/199/174 187/211/174 175/200/174
f 187/201/175 188/202/175 176/188/175
f 188/202/176 189/214/176 177/190/176
f 177/190/177 189/214/177 190/203/177
f 190/203/178 191/217/178 179/192/178
f 179/192/179 191/217/179 192/204/179
f 192/204/180 181/194/180 169/180/180
f 193/205/181 194/221/181 182/196/181
f 182/196/182 194/221/182 195/206/182
f 195/206/183 196/208/183 184/207/183
f 196/208/184 197/209/184 185/198/184
f 197/209/185 198/210/185 186/199/185
f 198/210/186 199/227/186 187/211/186
f 199/212/187 200/213/187 188/202/187
f 200/213/188 201/215/188 189/214/188
f 201/215/189 202/216/189 190/203/189
f 202/216/190 203/218/190 191/217/190
f 203/218/191 204/219/191 192/204/191
f 204/219/192 193/205/192 181/194/192
f 205/220/193 206/222/193 194/221/193
f 206/222/194 207/223/194 195/206/194
f 207/223/195 208/224/195 196/208/195
f 208/224/196 209/225/196 197/209/196
f 209/225/197 210/237/197 198/210/197
f 198/210/198 210/237/198 211/226/198
f 211/228/199 212/240/199 200/213/199
f 200/213/200 212/240/200 213/229/200
f 201/215/201 213/229/201 214/230/201
f 202/216/202 214/230/202 215/231/202
f 203/218/203 215/231/203 216/232/203
f 216/232/204 205/220/204 193/205/204
f 217/233/205 218/234/205 206/222/205
f 218/234/206 219/247/206 207/223/206
f 207/223/207 219/247/207 220/235/207
f 220/235/208 221/236/208 209/225/208
f 221/236/209 222/238/209 210/237/209
f 222/238/210 223/251/210 211/226/210
f 223/239/211 224/253/211 212/240/211
f 212/240/212 224/253/212 225/241/212
f 225/241/213 226/242/213 214/230/213
f 226/242/214 227/243/214 215/231/214
f 227/243/215 228/244/215 216/232/215
f 228/244/216 217/233/216 205/220/216
f 229/245/217 230/246/217 218/234/217
f 230/246/218 231/248/218 219/247/218
f 231/248/219 232/259/219 220/235/219
f 220/235/220 232/259/220 233/249/220
f 233/249/221 234/250/221 222/238/221
f 234/250/222 235/262/222 223/251/222
f 235/252/223 236/264/223 224/253/223
f 224/253/224 236/264/224 237/254/224
f 237/254/225 238/255/225 226/242/225
f 238/255/226 239/267/226 227/243/226
f 227/243/227 239/267/227 240/256/227
f 240/256/228 229/245/228 217/233/228
f 229/245/229 241/271/229 242/257/229
f 242/257/230 243/273/230 231/248/230
f 231/248/231 243/273/231 244/258/231
f 244/258/232 245/260/232 233/249/232
f 245/260/233 246/261/233 234/250/233
f 246/261/234 247/277/234 235/262/234
f 247/263/235 248/265/235 236/264/235
f 248/265/236 249/279/236 237/254/236
f 237/254/237 249/279/237 250/266/237
f 250/266/238 251/268/238 239/267/238
f 251/268/239 252/269/239 240/256/239
f 252/269/240 241/271/240 229/245/240
f 253/270/241 254/272/241 242/257/241
f 254/272/242 255/274/242 243/273/242
f 255/274/243 256/285/243 244/258/243
f 244/258/244 256/285/244 257/275/244
f 257/275/245 258/276/245 246/261/245
f 258/276/246 259/288/246 247/277/246
f 247/263/247 259/290/247 260/278/247
f 260/278/248 261/280/248 249/279/248
f 261/280/249 262/281/249 250/266/249
f 262/281/250 263/294/250 251/268/250
f 251/268/251 263/294/251 264/282/251
f 264/282/252 253/270/252 241/271/252
f 253/270/253 265/297/253 266/283/253
f 266/283/254 267/284/254 255/274/254
f 267/284/255 268/300/255 256/285/255
f 256/285/256 268/300/256 269/286/256
f 269/286/257 270/287/257 258/276/257
f 270/287/258 271/304/258 259/288/258
f 271/289/259 272/291/259 260/278/259
f 272/291/260 273/292/260 261/280/260
f 273/292/261 274/308/261 262/281/261
f 262/281/262 274/308/262 275/293/262
f 275/293/263 276/295/263 264/282/263
f 276/295/264 265/297/264 253/270/264
f 277/296/265 278/298/265 266/283/265
f 278/298/266 279/299/266 267/284/266
f 279/299/267 280/301/267 268/300/267
f 280/301/268 281/302/268 269/286/268
f 281/302/269 282/303/269 270/287/269
f 282/303/270 283/316/270 271/304/270
f 283/305/271 284/318/271 272/291/271
f 272/291/272 284/318/272 285/306/272
f 273/292/273 285/306/273 286/307/273
f 274/308/274 286/307/274 287/309/274
f 275/293/275 287/309/275 288/310/275
f 276/295/276 288/310/276 277/296/276
f 277/296/277 289/635/277 290/311/277
f 290/311/278 291/312/278 279/299/278
f 291/312/279 292/313/279 280/301/279
f 292/313/280 293/314/280 281/302/280
f 293/314/281 294/315/281 282/303/281
f 294/315/282 295/637/282 283/316/282
f 295/317/283 296/636/283 284/318/283
f 284/318/284 296/636/284 297/319/284
f 297/319/285 298/320/285 286/307/285
f 298/320/286 299/321/286 287/309/286
f 299/321/287 300/322/287 288/310/287
f 300/322/288 289/635/288 277/296/288
f 301/323/6 302/326/6 290/324/6
f 302/326/5 303/328/5 291/327/5
f 303/328/4 304/330/4 292/329/4
f 304/330/3 305/332/3 293/331/3
f 305/332/2 306/334/2 294/333/2
f 306/334/1 307/351/1 295/335/1
f 295/336/12 307/353/12 308/337/12
f 308/337/11 309/355/11 297/339/11
f 297/339/10 309/355/10 310/340/10
f 298/341/9 310/340/9 311/342/9
f 299/343/8 311/342/8 312/344/8
f 300/345/7 312/344/7 301/323/7
f 301/323/18 313/359/18 314/346/18
f 302/326/17 314/346/17 315/347/17
f 303/328/16 315/347/16 316/348/16
f 304/330/15 316/348/15 317/349/15
f 305/332/14 317/349/14 318/350/14
f 318/350/13 319/365/13 307/351/13
f 319/352/24 320/354/24 308/337/24
f 320/354/23 321/356/23 309/355/23
f 321/356/22 322/357/22 310/340/22
f 322/357/21 323/358/21 311/342/21
f 323/358/20 324/370/20 312/344/20
f 312/344/19 324/370/19 313/359/19
f 325/360/30 326/361/30 314/346/30
f 326/361/29 327/373/29 315/347/29
f 315/347/28 327/373/28 328/362/28
f 328/362/27 329/363/27 317/349/27
f 329/363/26 330/364/26 318/350/26
f 330/364/25 331/378/25 319/365/25
f 331/366/36 332/380/36 320/354/36
f 320/354/35 332/380/35 333/367/35
f 333/367/34 334/368/34 322/357/34
f 334/368/33 335/384/33 323/358/33
f 323/358/32 335/384/32 336/369/32
f 324/370/31 336/369/31 325/360/31
f 337/371/42 338/372/42 326/361/42
f 338/372/41 339/374/41 327/373/41
f 339/374/40 340/375/40 328/362/40
f 340/375/39 341/376/39 329/363/39
f 341/376/38 342/390/38 330/364/38
f 330/364/37 342/390/37 343/377/37
f 343/379/48 344/381/48 332/380/48
f 344/381/47 345/382/47 333/367/47
f 345/382/46 346/394/46 334/368/46
f 334/368/45 346/394/45 347/383/45
f 335/384/44 347/383/44 348/385/44
f 348/385/43 337/371/43 325/360/43
f 349/386/54 350/387/54 338/372/54
f 350/387/53 351/388/53 339/374/53
f 351/388/52 352/399/52 340/375/52
f 340/375/51 352/399/51 353/389/51
f 353/389/50 354/391/50 342/390/50
f 354/391/49 355/403/49 343/377/49
f 355/392/60 356/405/60 344/381/60
f 344/381/59 356/405/59 357/393/59
f 357/393/58 358/395/58 346/394/58
f 358/395/57 359/408/57 347/383/57
f 347/383/56 359/408/56 360/396/56
f 360/396/55 349/386/55 337/371/55
f 361/397/66 362/412/66 350/387/66
f 350/387/65 362/412/65 363/398/65
f 363/398/64 364/400/64 352/399/64
f 364/400/63 365/401/63 353/389/63
f 365/401/62 366/402/62 354/391/62
f 366/402/61 367/416/61 355/403/61
f 367/404/72 368/406/72 356/405/72
f 368/406/71 369/419/71 357/393/71
f 357/393/70 369/419/70 370/407/70
f 370/407/69 371/409/69 359/408/69
f 371/409/68 372/410/68 360/396/68
f 372/410/67 361/397/67 349/386/67
f 361/397/78 373/424/78 374/411/78
f 362/412/77 374/411/77 375/413/77
f 375/413/76 376/427/76 364/400/76
f 364/400/75 376/427/75 377/414/75
f 377/414/74 378/415/74 366/402/74
f 378/415/73 379/430/73 367/416/73
f 379/417/84 380/418/84 368/406/84
f 380/418/83 381/420/83 369/419/83
f 381/420/82 382/421/82 370/407/82
f 382/421/81 383/422/81 371/409/81
f 383/422/80 384/423/80 372/410/80
f 384/423/79 373/424/79 361/397/79
f 373/424/90 385/437/90 386/425/90
f 386/425/89 387/426/89 375/413/89
f 387/426/88 388/428/88 376/427/88
f 388/428/87 389/441/87 377/414/87
f 377/414/86 389/441/86 390/429/86
f 390/429/85 391/444/85 379/430/85
f 391/431/96 392/432/96 380/418/96
f 392/432/95 393/433/95 381/420/95
f 393/433/94 394/448/94 382/421/94
f 382/421/93 394/448/93 395/434/93
f 383/422/92 395/434/92 396/435/92
f 396/435/91 385/437/91 373/424/91
f 397/436/102 398/438/102 386/425/102
f 398/438/101 399/439/101 387/426/101
f 399/439/100 400/440/100 388/428/100
f 400/440/99 401/442/99 389/441/99
f 401/442/98 402/443/98 390/429/98
f 402/443/97 403/455/97 391/444/97
f 403/445/108 404/446/108 392/432/108
f 404/446/107 405/458/107 393/433/107
f 393/433/106 405/458/106 406/447/106
f 406/447/105 407/461/105 395/434/105
f 395/434/104 407/461/104 408/449/104
f 408/449/103 397/436/103 385/437/103
f 409/450/114 410/451/114 398/438/114
f 410/451/113 411/452/113 399/439/113
f 411/452/112 412/453/112 400/440/112
f 412/453/111 413/466/111 401/442/111
f 401/442/110 413/466/110 414/454/110
f 414/454/109 415/468/109 403/455/109
f 415/456/120 416/457/120 404/446/120
f 416/457/119 417/459/119 405/458/119
f 417/459/118 418/460/118 406/447/118
f 418/460/117 419/472/117 407/461/117
f 407/461/116 419/472/116 420/462/116
f 420/462/115 409/450/115 397/436/115
f 421/463/126 422/476/126 410/451/126
f 410/451/125 422/476/125 423/464/125
f 423/464/124 424/465/124 412/453/124
f 424/465/123 425/480/123 413/466/123
f 413/466/122 425/480/122 426/467/122
f 426/467/121 427/482/121 415/468/121
f 427/469/132 428/470/132 416/457/132
f 428/470/131 429/485/131 417/459/131
f 417/459/130 429/485/130 430/471/130
f 430/471/129 431/473/129 419/472/129
f 431/473/128 432/474/128 420/462/128
f 432/474/127 421/463/127 409/450/127
f 433/475/138 434/477/138 422/476/138
f 434/477/137 435/491/137 423/464/137
f 423/464/136 435/491/136 436/478/136
f 424/465/135 436/478/135 437/479/135
f 437/479/134 438/495/134 426/467/134
f 426/467/133 438/495/133 439/481/133
f 439/483/144 440/484/144 428/470/144
f 440/484/143 441/486/143 429/485/143
f 441/486/142 442/487/142 430/471/142
f 442/487/141 443/488/141 431/473/141
f 443/488/140 444/489/140 432/474/140
f 444/489/139 433/475/139 421/463/139
f 433/475/150 445/503/150 446/490/150
f 446/490/149 447/492/149 435/491/149
f 447/492/148 448/493/148 436/478/148
f 448/493/147 449/494/147 437/479/147
f 449/494/146 450/496/146 438/495/146
f 450/496/145 451/509/145 439/481/145
f 451/497/156 452/511/156 440/484/156
f 440/484/155 452/511/155 453/498/155
f 441/486/154 453/498/154 454/499/154
f 454/499/153 455/500/153 443/488/153
f 455/500/152 456/501/152 444/489/152
f 456/501/151 445/503/151 433/475/151
f 457/502/162 458/504/162 446/490/162
f 458/504/161 459/505/161 447/492/161
f 459/505/160 460/506/160 448/493/160
f 460/506/159 461/507/159 449/494/159
f 461/507/158 462/521/158 450/496/158
f 450/496/157 462/521/157 463/508/157
f 463/510/168 464/512/168 452/511/168
f 464/512/167 465/525/167 453/498/167
f 453/498/166 465/525/166 466/513/166
f 454/499/165 466/513/165 467/514/165
f 467/514/164 468/515/164 456/501/164
f 468/515/163 457/502/163 445/503/163
f 469/516/174 470/517/174 458/504/174
f 470/517/173 471/518/173 459/505/173
f 471/518/172 472/519/172 460/506/172
f 472/519/171 473/520/171 461/507/171
f 473/520/170 474/522/170 462/521/170
f 474/522/169 475/534/169 463/508/169
f 475/523/180 476/524/180 464/512/180
f 476/524/179 477/526/179 465/525/179
f 477/526/178 478/538/178 466/513/178
f 466/513/177 478/538/177 479/527/177
f 467/514/176 479/527/176 480/528/176
f 480/528/175 469/516/175 457/502/175
f 481/529/186 482/530/186 470/517/186
f 482/530/185 483/542/185 471/518/185
f 471/518/184 483/542/184 484/531/184
f 472/519/183 484/531/183 485/532/183
f 485/532/182 486/533/182 474/522/182
f 486/533/181 487/547/181 475/534/181
f 487/535/192 488/536/192 476/524/192
f 488/536/191 489/537/191 477/526/191
f 489/537/190 490/539/190 478/538/190
f 490/539/189 491/540/189 479/527/189
f 491/540/188 492/553/188 480/528/188
f 480/528/187 492/553/187 481/529/187
f 481/529/198 493/554/198 494/541/198
f 494/541/197 495/543/197 483/542/197
f 495/543/196 496/544/196 484/531/196
f 496/544/195 497/545/195 485/532/195
f 497/545/194 498/546/194 486/533/194
f 498/546/193 499/559/193 487/547/193
f 499/548/204 500/549/204 488/536/204
f 500/549/203 501/550/203 489/537/203
f 501/550/202 502/551/202 490/539/202
f 502/551/201 503/564/201 491/540/201
f 491/540/200 503/564/200 504/552/200
f 504/552/199 493/554/199 481/529/199
f 493/554/210 505/566/210 506/555/210
f 506/555/209 507/568/209 495/543/209
f 495/543/208 507/568/208 508/556/208
f 496/544/207 508/556/207 509/557/207
f 497/545/206 509/557/206 510/558/206
f 510/558/205 511/572/205 499/559/205
f 511/560/216 512/561/216 500/549/216
f 512/561/215 513/562/215 501/550/215
f 513/562/214 514/563/214 502/551/214
f 514/563/213 515/576/213 503/564/213
f 503/564/212 515/576/212 516/565/212
f 516/565/211 505/566/211 493/554/211
f 505/566/222 517/580/222 518/567/222
f 518/567/221 519/582/221 507/568/221
f 507/568/220 519/582/220 520/569/220
f 520/569/219 521/570/219 509/557/219
f 521/570/218 522/571/218 510/558/218
f 522/571/217 523/587/217 511/572/217
f 523/573/228 524/589/228 512/561/228
f 512/561/227 524/589/227 525/574/227
f 513/562/226 525/574/226 526/575/226
f 526/575/225 527/577/225 515/576/225
f 527/577/224 528/578/224 516/565/224
f 528/578/223 517/580/223 505/566/223
f 529/579/234 530/581/234 518/567/234
f 530/581/233 531/583/233 519/582/233
f 531/583/232 532/584/232 520/569/232
f 532/584/231 533/585/231 521/570/231
f 533/585/230 534/586/230 522/571/230
f 534/586/229 535/598/229 523/587/229
f 535/588/240 536/600/240 524/589/240
f 524/589/239 536/600/239 537/590/239
f 537/590/238 538/591/238 526/575/238
f 538/591/237 539/604/237 527/577/237
f 527/577/236 539/604/236 540/592/236
f 540/592/235 529/579/235 517/580/235
f 541/593/246 542/594/246 530/581/246
f 542/594/245 543/609/245 531/583/245
f 531/583/244 543/609/244 544/595/244
f 544/595/243 545/596/243 533/585/243
f 545/596/242 546/597/242 534/586/242
f 546/597/241 547/614/241 535/598/241
f 547/599/252 548/601/252 536/600/252
f 548/601/251 549/602/251 537/590/251
f 549/602/250 550/603/250 538/591/250
f 550/603/249 551/605/249 539/604/249
f 551/605/248 552/606/248 540/592/248
f 552/606/247 541/593/247 529/579/247
f 553/607/258 554/608/258 542/594/258
f 554/608/257 555/610/257 543/609/257
f 555/610/256 556/611/256 544/595/256
f 556/611/255 557/612/255 545/596/255
f 557/612/254 558/613/254 546/597/254
f 558/613/253 559/625/253 547/614/253
f 559/615/264 560/627/264 548/601/264
f 548/601/263 560/627/263 561/616/263
f 561/616/262 562/617/262 550/603/262
f 562/617/261 563/618/261 551/605/261
f 563/618/260 564/619/260 552/606/260
f 564/619/259 553/607/259 541/593/259
f 553/607/270 565/632/270 566/620/270
f 554/608/269 566/620/269 567/621/269
f 555/610/268 567/621/268 568/622/268
f 568/622/267 569/623/267 557/612/267
f 569/623/266 570/633/266 558/613/266
f 558/613/265 570/633/265 571/624/265
f 571/626/276 572/628/276 560/627/276
f 572/628/275 573/634/275 561/616/275
f 561/616/274 573/634/274 574/629/274
f 574/629/273 575/630/273 563/618/273
f 575/630/272 576/631/272 564/619/272
f 576/631/271 565/632/271 553/607/271
f 1/3/282 2/2/282 566/620/282
f 2/2/281 3/5/281 567/621/281
f 3/5/280 4/6/280 568/622/280
f 4/6/279 5/8/279 569/623/279
f 5/8/278 6/10/278 570/633/278
f 6/10/277 7/12/277 571/624/277
f 571/626/288 7/15/288 8/14/288
f 8/14/287 9/17/287 573/634/287
f 9/17/286 10/19/286 574/629/286
f 10/19/285 11/21/285 575/630/285
f 575/630/284 11/21/284 12/23/284
f 576/631/283 12/23/283 1/3/283
f 589/1/289 590/26/289 578/2/289
f 590/26/290 591/4/290 579/5/290
f 579/5/291 591/4/291 592/7/291
f 592/7/292 593/9/292 581/8/292
f 593/9/293 594/31/293 582/10/293
f 594/31/294 595/11/294 583/12/294
f 595/13/295 596/16/295 584/14/295
f 584/14/296 596/16/296 597/18/296
f 597/18/297 598/20/297 586/19/297
f 598/20/298 599/22/298 587/21/298
f 599/22/299 600/24/299 588/23/299
f 588/23/300 600/24/300 589/1/300
f 589/1/301 601/25/301 602/27/301
f 602/27/302 603/28/302 591/4/302
f 603/28/303 604/29/303 592/7/303
f 604/29/304 605/40/304 593/9/304
f 605/40/305 606/30/305 594/31/305
f 594/31/306 606/30/306 607/43/306
f 607/32/307 608/33/307 596/16/307
f 608/33/308 609/46/308 597/18/308
f 597/18/309 609/46/309 610/34/309
f 598/20/310 610/34/310 611/35/310
f 599/22/311 611/35/311 612/36/311
f 612/36/312 601/25/312 589/1/312
f 601/25/313 613/50/313 614/37/313
f 602/27/314 614/37/314 615/38/314
f 615/38/315 616/54/315 604/29/315
f 604/29/316 616/54/316 617/39/316
f 617/39/317 618/41/317 606/30/317
f 618/41/318 619/42/318 607/43/318
f 619/44/319 620/45/319 608/33/319
f 620/45/320 621/58/320 609/46/320
f 621/58/321 622/47/321 610/34/321
f 622/47/322 623/48/322 611/35/322
f 623/48/323 624/49/323 612/36/323
f 624/49/324 613/50/324 601/25/324
f 625/63/325 626/51/325 614/37/325
f 626/51/326 627/52/326 615/38/326
f 627/52/327 628/53/327 616/54/327
f 628/53/328 629/66/328 617/39/328
f 629/66/329 630/55/329 618/41/329
f 630/55/330 631/68/330 619/42/330
f 619/44/331 631/56/331 632/57/331
f 632/57/332 633/71/332 621/58/332
f 621/58/333 633/71/333 634/59/333
f 634/59/334 635/60/334 623/48/334
f 623/48/335 635/60/335 636/61/335
f 636/61/336 625/63/336 613/50/336
f 637/62/337 638/76/337 626/51/337
f 638/76/338 639/64/338 627/52/338
f 639/64/339 640/65/339 628/53/339
f 640/65/340 641/80/340 629/66/340
f 629/66/341 641/80/341 642/67/341
f 642/67/342 643/83/342 631/68/342
f 643/69/343 644/70/343 632/57/343
f 644/70/344 645/72/344 633/71/344
f 645/72/345 646/73/345 634/59/345
f 646/73/346 647/74/346 635/60/346
f 647/74/347 648/88/347 636/61/347
f 636/61/348 648/88/348 637/62/348
f 649/75/349 650/77/349 638/76/349
f 650/77/350 651/78/350 639/64/350
f 651/78/351 652/79/351 640/65/351
f 652/79/352 653/81/352 641/80/352
f 653/81/353 654/82/353 642/67/353
f 654/82/354 655/93/354 643/83/354
f 655/95/355 656/84/355 644/70/355
f 656/84/356 657/85/356 645/72/356
f 657/85/357 658/86/357 646/73/357
f 646/73/358 658/86/358 659/99/358
f 659/99/359 660/87/359 648/88/359
f 648/88/360 660/87/360 649/75/360
f 649/75/361 661/89/361 662/102/361
f 650/77/362 662/102/362 663/90/362
f 663/90/363 664/91/363 652/79/363
f 664/91/364 665/105/364 653/81/364
f 653/81/365 665/105/365 666/92/365
f 666/92/366 667/107/366 655/93/366
f 667/94/367 668/96/367 656/84/367
f 656/84/368 668/96/368 669/110/368
f 669/110/369 670/97/369 658/86/369
f 658/86/370 670/97/370 671/98/370
f 671/98/371 672/100/371 660/87/371
f 672/100/372 661/89/372 649/75/372
f 661/89/373 673/101/373 674/116/373
f 662/102/374 674/116/374 675/103/374
f 675/103/375 676/104/375 664/91/375
f 676/104/376 677/119/376 665/105/376
f 677/119/377 678/106/377 666/92/377
f 666/92/378 678/106/378 679/122/378
f 679/108/379 680/109/379 668/96/379
f 680/109/380 681/111/380 669/110/380
f 681/111/381 682/112/381 670/97/381
f 682/112/382 683/113/382 671/98/382
f 683/113/383 684/114/383 672/100/383
f 684/114/384 673/101/384 661/89/384
f 673/101/385 685/129/385 686/115/385
f 686/115/386 687/117/386 675/103/386
f 687/117/387 688/118/387 676/104/387
f 688/118/388 689/120/388 677/119/388
f 689/120/389 690/121/389 678/106/389
f 690/121/390 691/134/390 679/122/390
f 691/123/391 692/124/391 680/109/391
f 680/109/392 692/124/392 693/137/392
f 693/137/393 694/125/393 682/112/393
f 682/112/394 694/125/394 695/126/394
f 683/113/395 695/126/395 696/127/395
f 696/127/396 685/129/396 673/101/396
f 685/129/397 697/128/397 698/130/397
f 686/115/398 698/130/398 699/131/398
f 687/117/399 699/131/399 700/132/399
f 700/132/400 701/145/400 689/120/400
f 701/145/401 702/133/401 690/121/401
f 702/133/402 703/148/402 691/134/402
f 703/135/403 704/136/403 692/124/403
f 704/136/404 705/138/404 693/137/404
f 705/138/405 706/139/405 694/125/405
f 706/139/406 707/140/406 695/126/406
f 707/140/407 708/141/407 696/127/407
f 696/127/408 708/141/408 697/128/408
f 709/142/409 710/143/409 698/130/409
f 710/143/410 711/155/410 699/131/410
f 711/155/411 712/144/411 700/132/411
f 712/144/412 713/146/412 701/145/412
f 701/145/413 713/146/413 714/147/413
f 714/147/414 715/159/414 703/148/414
f 715/161/415 716/149/415 704/136/415
f 716/149/416 717/163/416 705/138/416
f 705/138/417 717/163/417 718/150/417
f 718/150/418 719/151/418 707/140/418
f 719/151/419 720/152/419 708/141/419
f 720/152/420 709/142/420 697/128/420
f 721/153/421 722/154/421 710/143/421
f 710/143/143 722/154/143 723/156/143
f 723/156/422 724/170/422 712/144/422
f 712/144/423 724/170/423 725/157/423
f 725/157/146 726/158/146 714/147/146
f 714/147/424 726/158/424 727/174/424
f 727/160/425 728/162/425 716/149/425
f 716/149/137 728/162/137 729/164/137
f 729/164/426 730/165/426 718/150/426
f 718/150/427 730/165/427 731/166/427
f 731/166/152 732/179/152 720/152/152
f 732/179/428 721/153/428 709/142/428
f 721/153/429 733/167/429 734/168/429
f 722/154/155 734/168/155 735/169/155
f 735/169/430 736/171/430 724/170/430
f 736/171/431 737/172/431 725/157/431
f 725/157/134 737/172/134 738/173/134
f 738/173/432 739/185/432 727/174/432
f 739/187/433 740/175/433 728/162/433
f 740/175/149 741/189/149 729/164/149
f 729/164/434 741/189/434 742/176/434
f 730/165/435 742/176/435 743/177/435
f 731/166/140 743/177/140 744/178/140
f 744/178/436 733/167/436 721/153/436
f 733/167/437 745/180/437 746/195/437
f 746/195/438 747/181/438 735/169/438
f 735/169/439 747/181/439 748/182/439
f 748/182/440 749/183/440 737/172/440
f 749/183/441 750/184/441 738/173/441
f 750/184/442 751/200/442 739/185/442
f 751/186/443 752/188/443 740/175/443
f 740/175/444 752/188/444 753/190/444
f 753/190/445 754/191/445 742/176/445
f 754/191/446 755/192/446 743/177/446
f 743/177/447 755/192/447 756/193/447
f 756/193/448 745/180/448 733/167/448
f 745/180/449 757/194/449 758/196/449
f 758/196/450 759/197/450 747/181/450
f 747/181/451 759/197/451 760/207/451
f 760/207/452 761/198/452 749/183/452
f 761/198/453 762/199/453 750/184/453
f 762/199/454 763/211/454 751/200/454
f 751/186/455 763/201/455 764/202/455
f 764/202/456 765/214/456 753/190/456
f 765/214/457 766/203/457 754/191/457
f 766/203/458 767/217/458 755/192/458
f 755/192/459 767/217/459 768/204/459
f 768/204/460 757/194/460 745/180/460
f 769/205/461 770/221/461 758/196/461
f 770/221/462 771/206/462 759/197/462
f 759/197/463 771/206/463 772/208/463
f 760/207/464 772/208/464 773/209/464
f 773/209/465 774/210/465 762/199/465
f 762/199/466 774/210/466 775/227/466
f 775/212/467 776/213/467 764/202/467
f 764/202/468 776/213/468 777/215/468
f 777/215/469 778/216/469 766/203/469
f 778/216/470 779/218/470 767/217/470
f 779/218/471 780/219/471 768/204/471
f 768/204/472 780/219/472 769/205/472
f 781/220/473 782/222/473 770/221/473
f 782/222/474 783/223/474 771/206/474
f 783/223/475 784/224/475 772/208/475
f 784/224/476 785/225/476 773/209/476
f 785/225/477 786/237/477 774/210/477
f 774/210/478 786/237/478 787/226/478
f 787/228/479 788/240/479 776/213/479
f 776/213/480 788/240/480 789/229/480
f 777/215/481 789/229/481 790/230/481
f 790/230/482 791/231/482 779/218/482
f 779/218/483 791/231/483 792/232/483
f 780/219/484 792/232/484 781/220/484
f 793/233/485 794/234/485 782/222/485
f 782/222/486 794/234/486 795/247/486
f 795/247/487 796/235/487 784/224/487
f 784/224/488 796/235/488 797/236/488
f 785/225/489 797/236/489 798/238/489
f 798/238/490 799/251/490 787/226/490
f 787/228/491 799/239/491 800/253/491
f 800/253/492 801/241/492 789/229/492
f 801/241/493 802/242/493 790/230/493
f 802/242/494 803/243/494 791/231/494
f 803/243/495 804/244/495 792/232/495
f 792/232/496 804/244/496 793/233/496
f 793/233/497 805/245/497 806/246/497
f 794/234/498 806/246/498 807/248/498
f 807/248/499 808/259/499 796/235/499
f 796/235/500 808/259/500 809/249/500
f 797/236/501 809/249/501 810/250/501
f 810/250/502 811/262/502 799/251/502
f 799/239/503 811/252/503 812/264/503
f 812/264/504 813/254/504 801/241/504
f 801/241/505 813/254/505 814/255/505
f 814/255/506 815/267/506 803/243/506
f 815/267/507 816/256/507 804/244/507
f 804/244/508 816/256/508 805/245/508
f 817/271/509 818/257/509 806/246/509
f 818/257/510 819/273/510 807/248/510
f 819/273/511 820/258/511 808/259/511
f 808/259/512 820/258/512 821/260/512
f 821/260/513 822/261/513 810/250/513
f 822/261/514 823/277/514 811/262/514
f 823/263/515 824/265/515 812/264/515
f 812/264/516 824/265/516 825/279/516
f 813/254/517 825/279/517 826/266/517
f 826/266/518 827/268/518 815/267/518
f 815/267/570 827/268/570 828/269/570
f 828/269/520 817/271/520 805/245/520
f 829/270/521 830/272/521 818/257/521
f 818/257/522 830/272/522 831/274/522
f 819/273/523 831/274/523 832/285/523
f 832/285/524 833/275/524 821/260/524
f 821/260/525 833/275/525 834/276/525
f 834/276/526 835/288/526 823/277/526
f 823/263/527 835/290/527 836/278/527
f 836/278/528 837/280/528 825/279/528
f 837/280/529 838/281/529 826/266/529
f 838/281/530 839/294/530 827/268/530
f 839/294/531 840/282/531 828/269/531
f 828/269/532 840/282/532 829/270/532
f 841/297/533 842/283/533 830/272/533
f 830/272/534 842/283/534 843/284/534
f 843/284/535 844/300/535 832/285/535
f 832/285/536 844/300/536 845/286/536
f 845/286/537 846/287/537 834/276/537
f 834/276/538 846/287/538 847/304/538
f 847/289/539 848/291/539 836/278/539
f 848/291/540 849/292/540 837/280/540
f 837/280/541 849/292/541 850/308/541
f 838/281/542 850/308/542 851/293/542
f 851/293/543 852/295/543 840/282/543
f 840/282/544 852/295/544 841/297/544
f 853/296/545 854/298/545 842/283/545
f 854/298/546 855/299/546 843/284/546
f 855/299/547 856/301/547 844/300/547
f 844/300/548 856/301/548 857/302/548
f 845/286/549 857/302/549 858/303/549
f 858/303/550 859/316/550 847/304/550
f 859/305/551 860/318/551 848/291/551
f 860/318/552 861/306/552 849/292/552
f 861/306/553 862/307/553 850/308/553
f 850/308/554 862/307/554 863/309/554
f 851/293/555 863/309/555 864/310/555
f 852/295/556 864/310/556 853/296/556
f 865/635/557 866/311/557 854/298/557
f 854/298/574 866/311/574 867/312/574
f 867/312/559 868/313/559 856/301/559
f 868/313/560 869/314/560 857/302/560
f 869/314/571 870/315/571 858/303/571
f 870/315/562 871/637/562 859/316/562
f 871/317/563 872/636/563 860/318/563
f 872/636/575 873/319/575 861/306/575
f 873/319/565 874/320/565 862/307/565
f 862/307/566 874/320/566 875/321/566
f 875/321/573 876/322/573 864/310/573
f 876/322/568 865/635/568 853/296/568
f 877/323/294 878/326/294 866/324/294
f 878/326/576 879/328/576 867/327/576
f 867/327/292 879/328/292 880/330/292
f 880/330/291 881/332/291 869/331/291
f 881/332/290 882/334/290 870/333/290
f 882/334/289 883/351/289 871/335/289
f 883/353/300 884/337/300 872/338/300
f 872/338/299 884/337/299 885/355/299
f 885/355/298 886/340/298 874/341/298
f 874/341/297 886/340/297 887/342/297
f 875/343/577 887/342/577 888/344/577
f 888/344/295 877/323/295 865/325/295
f 877/323/306 889/359/306 890/346/306
f 878/326/305 890/346/305 891/347/305
f 879/328/304 891/347/304 892/348/304
f 892/348/303 893/349/303 881/332/303
f 893/349/302 894/350/302 882/334/302
f 894/350/301 895/365/301 883/351/301
f 895/352/312 896/354/312 884/337/312
f 884/337/311 896/354/311 897/356/311
f 885/355/310 897/356/310 898/357/310
f 898/357/309 899/358/309 887/342/309
f 899/358/308 900/370/308 888/344/308
f 900/370/307 889/359/307 877/323/307
f 901/360/318 902/361/318 890/346/318
f 890/346/317 902/361/317 903/373/317
f 903/373/316 904/362/316 892/348/316
f 904/362/315 905/363/315 893/349/315
f 905/363/578 906/364/578 894/350/578
f 906/364/313 907/378/313 895/365/313
f 895/352/324 907/366/324 908/380/324
f 896/354/579 908/380/579 909/367/579
f 897/356/322 909/367/322 910/368/322
f 898/357/321 910/368/321 911/384/321
f 911/384/320 912/369/320 900/370/320
f 900/370/319 912/369/319 901/360/319
f 913/371/330 914/372/330 902/361/330
f 902/361/329 914/372/329 915/374/329
f 915/374/328 916/375/328 904/362/328
f 916/375/327 917/376/327 905/363/327
f 917/376/326 918/390/326 906/364/326
f 918/390/325 919/377/325 907/378/325
f 919/379/336 920/381/336 908/380/336
f 908/380/335 920/381/335 921/382/335
f 921/382/334 922/394/334 910/368/334
f 922/394/333 923/383/333 911/384/333
f 923/383/580 924/385/580 912/369/580
f 924/385/331 913/371/331 901/360/331
f 925/386/342 926/387/342 914/372/342
f 926/387/581 927/388/581 915/374/581
f 915/374/340 927/388/340 928/399/340
f 916/375/339 928/399/339 929/389/339
f 917/376/338 929/389/338 930/391/338
f 918/390/337 930/391/337 931/403/337
f 931/392/348 932/405/348 920/381/348
f 932/405/347 933/393/347 921/382/347
f 921/382/346 933/393/346 934/395/346
f 934/395/345 935/408/345 923/383/345
f 935/408/344 936/396/344 924/385/344
f 936/396/343 925/386/343 913/371/343
f 937/397/354 938/412/354 926/387/354
f 938/412/353 939/398/353 927/388/353
f 939/398/352 940/400/352 928/399/352
f 928/399/351 940/400/351 941/401/351
f 941/401/350 942/402/350 930/391/350
f 930/391/349 942/402/349 943/416/349
f 943/404/360 944/406/360 932/405/360
f 932/405/359 944/406/359 945/419/359
f 933/393/358 945/419/358 946/407/358
f 946/407/357 947/409/357 935/408/357
f 935/408/356 947/409/356 948/410/356
f 948/410/355 937/397/355 925/386/355
f 937/397/366 949/424/366 950/411/366
f 938/412/365 950/411/365 951/413/365
f 951/413/364 952/427/364 940/400/364
f 940/400/363 952/427/363 953/414/363
f 953/414/362 954/415/362 942/402/362
f 942/402/361 954/415/361 955/430/361
f 955/417/372 956/418/372 944/406/372
f 944/406/371 956/418/371 957/420/371
f 957/420/370 958/421/370 946/407/370
f 958/421/369 959/422/369 947/409/369
f 947/409/368 959/422/368 960/423/368
f 948/410/367 960/423/367 949/424/367
f 949/424/378 961/437/378 962/425/378
f 950/411/377 962/425/377 963/426/377
f 951/413/376 963/426/376 964/428/376
f 952/427/375 964/428/375 965/441/375
f 953/414/374 965/441/374 966/429/374
f 954/415/373 966/429/373 967/444/373
f 955/417/384 967/431/384 968/432/384
f 956/418/383 968/432/383 969/433/383
f 969/433/382 970/448/382 958/421/382
f 970/448/381 971/434/381 959/422/381
f 971/434/380 972/435/380 960/423/380
f 972/435/379 961/437/379 949/424/379
f 961/437/390 973/436/390 974/438/390
f 974/438/389 975/439/389 963/426/389
f 975/439/388 976/440/388 964/428/388
f 964/428/387 976/440/387 977/442/387
f 965/441/386 977/442/386 978/443/386
f 978/443/385 979/455/385 967/444/385
f 967/431/396 979/445/396 980/446/396
f 980/446/395 981/458/395 969/433/395
f 981/458/394 982/447/394 970/448/394
f 982/447/393 983/461/393 971/434/393
f 983/461/392 984/449/392 972/435/392
f 984/449/391 973/436/391 961/437/391
f 973/436/402 985/450/402 986/451/402
f 986/451/401 987/452/401 975/439/401
f 987/452/400 988/453/400 976/440/400
f 976/440/399 988/453/399 989/466/399
f 977/442/398 989/466/398 990/454/398
f 990/454/397 991/468/397 979/455/397
f 991/456/408 992/457/408 980/446/408
f 980/446/407 992/457/407 993/459/407
f 981/458/406 993/459/406 994/460/406
f 982/447/405 994/460/405 995/472/405
f 983/461/404 995/472/404 996/462/404
f 996/462/403 985/450/403 973/436/403
f 997/463/414 998/476/414 986/451/414
f 998/476/413 999/464/413 987/452/413
f 999/464/412 1000/465/412 988/453/412
f 1000/465/411 1001/480/411 989/466/411
f 1001/480/410 1002/467/410 990/454/410
f 1002/467/409 1003/482/409 991/468/409
f 1003/469/420 1004/470/420 992/457/420
f 1004/470/419 1005/485/419 993/459/419
f 1005/485/418 1006/471/418 994/460/418
f 994/460/417 1006/471/417 1007/473/417
f 995/472/416 1007/473/416 1008/474/416
f 1008/474/415 997/463/415 985/450/415
f 1009/475/424 1010/477/424 998/476/424
f 1010/477/146 1011/491/146 999/464/146
f 999/464/423 1011/491/423 1012/478/423
f 1000/465/422 1012/478/422 1013/479/422
f 1013/479/143 1014/495/143 1002/467/143
f 1014/495/421 1015/481/421 1003/482/421
f 1015/483/428 1016/484/428 1004/470/428
f 1004/470/152 1016/484/152 1017/486/152
f 1017/486/427 1018/487/427 1006/471/427
f 1018/487/426 1019/488/426 1007/473/426
f 1019/488/137 1020/489/137 1008/474/137
f 1008/474/425 1020/489/425 1009/475/425
f 1021/503/432 1022/490/432 1010/477/432
f 1022/490/134 1023/492/134 1011/491/134
f 1011/491/431 1023/492/431 1024/493/431
f 1024/493/430 1025/494/430 1013/479/430
f 1013/479/155 1025/494/155 1026/496/155
f 1026/496/429 1027/509/429 1015/481/429
f 1015/483/436 1027/497/436 1028/511/436
f 1028/511/140 1029/498/140 1017/486/140
f 1017/486/435 1029/498/435 1030/499/435
f 1030/499/434 1031/500/434 1019/488/434
f 1019/488/149 1031/500/149 1032/501/149
f 1032/501/433 1021/503/433 1009/475/433
f 1033/502/442 1034/504/442 1022/490/442
f 1022/490/441 1034/504/441 1035/505/441
f 1035/505/440 1036/506/440 1024/493/440
f 1024/493/439 1036/506/439 1037/507/439
f 1025/494/438 1037/507/438 1038/521/438
f 1026/496/437 1038/521/437 1039/508/437
f 1039/510/448 1040/512/448 1028/511/448
f 1040/512/447 1041/525/447 1029/498/447
f 1041/525/446 1042/513/446 1030/499/446
f 1030/499/445 1042/513/445 1043/514/445
f 1043/514/444 1044/515/444 1032/501/444
f 1032/501/443 1044/515/443 1033/502/443
f 1045/516/454 1046/517/454 1034/504/454
f 1046/517/453 1047/518/453 1035/505/453
f 1047/518/452 1048/519/452 1036/506/452
f 1048/519/451 1049/520/451 1037/507/451
f 1037/507/450 1049/520/450 1050/522/450
f 1050/522/449 1051/534/449 1039/508/449
f 1051/523/460 1052/524/460 1040/512/460
f 1052/524/459 1053/526/459 1041/525/459
f 1053/526/458 1054/538/458 1042/513/458
f 1042/513/457 1054/538/457 1055/527/457
f 1043/514/456 1055/527/456 1056/528/456
f 1056/528/455 1045/516/455 1033/502/455
f 1057/529/466 1058/530/466 1046/517/466
f 1046/517/465 1058/530/465 1059/542/465
f 1059/542/464 1060/531/464 1048/519/464
f 1060/531/463 1061/532/463 1049/520/463
f 1049/520/462 1061/532/462 1062/533/462
f 1062/533/461 1063/547/461 1051/534/461
f 1063/535/472 1064/536/472 1052/524/472
f 1064/536/471 1065/537/471 1053/526/471
f 1065/537/470 1066/539/470 1054/538/470
f 1066/539/469 1067/540/469 1055/527/469
f 1067/540/468 1068/553/468 1056/528/468
f 1056/528/467 1068/553/467 1057/529/467
f 1069/554/478 1070/541/478 1058/530/478
f 1058/530/477 1070/541/477 1071/543/477
f 1071/543/476 1072/544/476 1060/531/476
f 1072/544/475 1073/545/475 1061/532/475
f 1073/545/474 1074/546/474 1062/533/474
f 1074/546/473 1075/559/473 1063/547/473
f 1075/548/484 1076/549/484 1064/536/484
f 1064/536/483 1076/549/483 1077/550/483
f 1065/537/482 1077/550/482 1078/551/482
f 1066/539/481 1078/551/481 1079/564/481
f 1079/564/480 1080/552/480 1068/553/480
f 1080/552/479 1069/554/479 1057/529/479
f 1069/554/490 1081/566/490 1082/555/490
f 1070/541/489 1082/555/489 1083/568/489
f 1071/543/488 1083/568/488 1084/556/488
f 1072/544/487 1084/556/487 1085/557/487
f 1085/557/486 1086/558/486 1074/546/486
f 1074/546/485 1086/558/485 1087/572/485
f 1087/560/496 1088/561/496 1076/549/496
f 1088/561/495 1089/562/495 1077/550/495
f 1089/562/494 1090/563/494 1078/551/494
f 1090/563/493 1091/576/493 1079/564/493
f 1091/576/492 1092/565/492 1080/552/492
f 1092/565/491 1081/566/491 1069/554/491
f 1093/580/502 1094/567/502 1082/555/502
f 1094/567/501 1095/582/501 1083/568/501
f 1095/582/500 1096/569/500 1084/556/500
f 1096/569/499 1097/570/499 1085/557/499
f 1097/570/498 1098/571/498 1086/558/498
f 1098/571/497 1099/587/497 1087/572/497
f 1099/573/508 1100/589/508 1088/561/508
f 1088/561/507 1100/589/507 1101/574/507
f 1101/574/506 1102/575/506 1090/563/506
f 1102/575/505 1103/577/505 1091/576/505
f 1091/576/504 1103/577/504 1104/578/504
f 1104/578/503 1093/580/503 1081/566/503
f 1093/580/514 1105/579/514 1106/581/514
f 1106/581/513 1107/583/513 1095/582/513
f 1107/583/512 1108/584/512 1096/569/512
f 1108/584/511 1109/585/511 1097/570/511
f 1109/585/510 1110/586/510 1098/571/510
f 1110/586/509 1111/598/509 1099/587/509
f 1111/588/520 1112/600/520 1100/589/520
f 1112/600/570 1113/590/570 1101/574/570
f 1113/590/518 1114/591/518 1102/575/518
f 1114/591/517 1115/604/517 1103/577/517
f 1115/604/516 1116/592/516 1104/578/516
f 1116/592/515 1105/579/515 1093/580/515
f 1105/579/526 1117/593/526 1118/594/526
f 1106/581/525 1118/594/525 1119/609/525
f 1107/583/524 1119/609/524 1120/595/524
f 1108/584/523 1120/595/523 1121/596/523
f 1121/596/522 1122/597/522 1110/586/522
f 1122/597/521 1123/614/521 1111/598/521
f 1123/599/532 1124/601/532 1112/600/532
f 1124/601/531 1125/602/531 1113/590/531
f 1125/602/530 1126/603/530 1114/591/530
f 1126/603/529 1127/605/529 1115/604/529
f 1127/605/528 1128/606/528 1116/592/528
f 1128/606/527 1117/593/527 1105/579/527
f 1129/607/538 1130/608/538 1118/594/538
f 1130/608/537 1131/610/537 1119/609/537
f 1131/610/536 1132/611/536 1120/595/536
f 1132/611/535 1133/612/535 1121/596/535
f 1133/612/534 1134/613/534 1122/597/534
f 1122/597/533 1134/613/533 1135/625/533
f 1135/615/544 1136/627/544 1124/601/544
f 1124/601/543 1136/627/543 1137/616/543
f 1125/602/542 1137/616/542 1138/617/542
f 1126/603/541 1138/617/541 1139/618/541
f 1139/618/540 1140/619/540 1128/606/540
f 1140/619/539 1129/607/539 1117/593/539
f 1141/632/550 1142/620/550 1130/608/550
f 1130/608/549 1142/620/549 1143/621/549
f 1131/610/548 1143/621/548 1144/622/548
f 1144/622/547 1145/623/547 1133/612/547
f 1145/623/546 1146/633/546 1134/613/546
f 1134/613/545 1146/633/545 1147/624/545
f 1147/626/556 1148/628/556 1136/627/556
f 1148/628/555 1149/634/555 1137/616/555
f 1149/634/554 1150/629/554 1138/617/554
f 1150/629/553 1151/630/553 1139/618/553
f 1151/630/552 1152/631/552 1140/619/552
f 1152/631/551 1141/632/551 1129/607/551
f 1141/632/562 577/3/562 578/2/562
f 578/2/571 579/5/571 1143/621/571
f 579/5/560 580/6/560 1144/622/560
f 580/6/559 581/8/559 1145/623/559
f 1145/623/572 581/8/572 582/10/572
f 1146/633/557 582/10/557 583/12/557
f 583/15/568 584/14/568 1148/628/568
f 584/14/573 585/17/573 1149/634/573
f 585/17/566 586/19/566 1150/629/566
f 1150/629/565 586/19/565 587/21/565
f 587/21/564 588/23/564 1152/631/564
f 588/23/563 577/3/563 1141/632/563
