OFF
2400 4800 0
4.073377 -0.6221659 2.961126e-09 
3.922575 -0.6883929 0.6045277 
3.384848 -0.7484348 0.9709211 
2.684062 -0.7599728 0.9450282 
2.160365 -0.6972733 0.5766524 
2.028209 -0.6604009 -8.499534e-08 
2.160366 -0.6972733 -0.5766526 
2.684062 -0.7599726 -0.9450281 
3.384848 -0.7484347 -0.970921 
3.922575 -0.6883929 -0.6045275 
4.429412 1.355254 -2.9885e-09 
4.163976 1.198586 0.7060832 
3.542004 0.8600816 1.118217 
2.781325 0.5033007 1.078743 
2.211987 0.2735098 0.6507862 
2.049088 0.2164873 -9.818552e-08 
2.211987 0.2735099 -0.6507863 
2.781325 0.5033007 -1.078743 
3.542004 0.8600818 -1.118217 
4.163977 1.198586 -0.7060828 
3.297753 3.116007 -3.978322e-09 
3.139254 2.939976 0.7290198 
2.714298 2.455836 1.174973 
2.176977 1.818859 1.159761 
1.750452 1.309742 0.7084944 
1.600073 1.150465 -1.082582e-07 
1.750452 1.309742 -0.7084947 
2.176977 1.818859 -1.159761 
2.714298 2.455836 -1.174973 
3.139254 2.939976 -0.7290194 
1.511183 4.147484 -3.978322e-09 
1.437985 3.922204 0.7290198 
1.246351 3.332415 1.179579 
1.009478 2.603395 1.179579 
0.8165244 2.002525 0.7275503 
0.7409743 1.755023 -1.113865e-07 
0.8165246 2.002525 -0.7275505 
1.009478 2.603395 -1.179579 
1.246351 3.332416 -1.179579 
1.437985 3.922205 -0.7290194 
-0.5404704 4.363122 -3.978322e-09 
-0.5157104 4.127546 0.7290198 
-0.4508879 3.510802 1.179579 
-0.370763 2.748465 1.179579 
-0.3051151 2.121844 0.7277377 
-0.2783725 1.86216 -1.113865e-07 
-0.3051152 2.121845 -0.7277379 
-0.3707629 2.748464 -1.179579 
-0.4508879 3.510802 -1.179579 
-0.5157104 4.127546 -0.7290194 
-2.502456 3.725633 -3.978322e-09 
-2.38402 3.520495 0.7290197 
-2.073949 2.983437 1.179579 
-1.686374 2.306116 1.176839 
-1.355225 1.69595 0.7170336 
-1.22577 1.448151 -1.082805e-07 
-1.355225 1.69595 -0.7170338 
-1.686374 2.306116 -1.176839 
-2.073949 2.983438 -1.179579 
-2.38402 3.520496 -0.7290193 
-4.035421 2.345097 -3.976949e-09 
-3.840985 2.201885 0.7284903 
-3.310954 1.794054 1.169068 
-2.640811 1.253695 1.146368 
-2.101143 0.8008863 0.6925641 
-1.869902 0.6374964 -1.010197e-07 
-2.101143 0.8008864 -0.6925642 
-2.640811 1.253695 -1.146368 
-3.310954 1.794054 -1.169068 
-3.840985 2.201885 -0.7284899 
-4.403996 0.5228488 -1.376888e-09 
-4.184849 0.4272765 0.658809 
-3.617692 0.1966993 1.060982 
-2.895418 -0.07483616 1.044948 
-2.325963 -0.2776627 0.6377418 
-2.074191 -0.3269287 -9.033242e-08 
-2.325963 -0.2776627 -0.6377419 
-2.895418 -0.07483616 -1.044948 
-3.617692 0.1966994 -1.060982 
-4.184849 0.4272767 -0.6588088 
-3.656914 -1.168774 4.019204e-09 
-3.5119 -1.191111 0.5559327 
-3.077204 -1.201925 0.9077749 
-2.516623 -1.194431 0.9139293 
-2.045962 -1.162494 0.5648802 
-1.849362 -1.11786 -7.786973e-08 
-2.045962 -1.162494 -0.5648804 
-2.516623 -1.194431 -0.9139293 
-3.077204 -1.201925 -0.9077747 
-3.511901 -1.191111 -0.5559324 
-2.654392 -2.38062 7.528165e-09 
-2.542234 -2.315825 0.4898004 
-2.239807 -2.13802 0.8044721 
-1.859116 -1.923874 0.8222842 
-1.53806 -1.742272 0.5173069 
-1.403945 -1.648503 -7.008512e-08 
-1.53806 -1.742272 -0.5173071 
-1.859116 -1.923874 -0.8222842 
-2.239807 -2.13802 -0.8044721 
-2.542234 -2.315825 -0.4898002 
-1.619747 -3.266792 7.584905e-09 
-1.541149 -3.130657 0.4837981 
-1.336255 -2.777418 0.7832834 
-1.094052 -2.386026 0.7914984 
-0.9010743 -2.093589 0.4967227 
-0.8236324 -1.96928 -6.683035e-08 
-0.9010744 -2.093589 -0.4967228 
-1.094052 -2.386026 -0.7914984 
-1.336255 -2.777418 -0.7832833 
-1.541149 -3.130657 -0.4837979 
-0.3177175 -3.689847 7.584905e-09 
-0.301286 -3.533512 0.4837981 
-0.2582681 -3.124224 0.7828018 
-0.2050963 -2.618335 0.782805 
-0.1635661 -2.235989 0.4866433 
-0.1477621 -2.092277 -6.509502e-08 
-0.1635661 -2.235989 -0.4866435 
-0.2050963 -2.618335 -0.782805 
-0.2582681 -3.124224 -0.7828017 
-0.301286 -3.533513 -0.4837979 
1.043817 -3.546744 7.584905e-09 
0.9952412 -3.397242 0.4837981 
0.8680672 -3.005841 0.7828018 
0.7108717 -2.522043 0.7828017 
0.5869108 -2.160036 0.4869538 
0.5408286 -2.037138 -6.541176e-08 
0.586911 -2.160036 -0.486954 
0.7108716 -2.522043 -0.7828017 
0.8680673 -3.005841 -0.7828017 
0.9952412 -3.397242 -0.4837979 
2.229436 -2.862226 7.584905e-09 
2.124322 -2.745584 0.4838148 
1.854813 -2.455837 0.7854462 
1.524414 -2.111382 0.7915952 
1.26397 -1.86732 0.4968691 
1.165689 -1.78508 -6.731879e-08 
1.26397 -1.86732 -0.4968693 
1.524413 -2.111381 -0.7915952 
1.854813 -2.455837 -0.7854461 
2.124322 -2.745584 -0.4838146 
3.137988 -1.900405 7.268302e-09 
3.023192 -1.88342 0.506725 
2.661033 -1.758973 0.8301125 
2.183519 -1.56838 0.8362221 
1.80677 -1.37407 0.5246909 
1.684165 -1.330936 -7.382672e-08 
1.806771 -1.37407 -0.524691 
2.183518 -1.568379 -0.8362221 
2.661034 -1.758973 -0.8301124 
3.023192 -1.88342 -0.5067248 
4.141039 0.2121954 0.6609642 
4.034609 -0.6460378 0.3206357 
4.303811 0.2958639 0.3509382 
4.371651 0.3323964 0.005148213 
4.332198 1.304455 0.3707333 
3.548401 0.009308636 1.047628 
3.677841 -0.7239879 0.8274084 
3.888881 0.1137663 0.8984704 
3.884196 1.0385 0.9558563 
2.800182 -0.1698003 1.012507 
3.029706 -0.7662748 1.002085 
3.175559 -0.08786611 1.079913 
3.164931 0.6706684 1.150251 
2.24075 -0.243879 0.6121626 
2.390513 -0.7396534 0.7946197 
2.480242 -0.2180665 0.8476043 
2.468329 0.3619004 0.9022465 
2.089594 -0.2444215 -0.00241244 
2.058041 -0.6765164 0.3016486 
2.11582 -0.2443752 0.3184911 
2.087269 0.2267031 0.3384103 
2.250225 -0.2280466 -0.617013 
2.053559 -0.6842434 -0.3022532 
2.122761 -0.2400959 -0.3218132 
2.096759 0.2277427 -0.3414699 
2.813121 -0.1459124 -1.016158 
2.394372 -0.7271114 -0.798443 
2.485729 -0.1980735 -0.8520077 
2.46526 0.3820283 -0.9050353 
3.567764 0.03649366 -1.047926 
3.036826 -0.7532936 -1.006053 
3.18242 -0.06738524 -1.08196 
3.157619 0.6866038 -1.148708 
4.171673 0.2312646 -0.6548997 
3.683205 -0.7111832 -0.8259259 
3.900375 0.135519 -0.8973349 
3.879835 1.045559 -0.9543595 
4.046616 -0.6424122 -0.3137223 
4.338802 0.300312 -0.3423014 
4.34069 1.298537 -0.3679248 
3.784611 2.127771 0.7208108 
3.942697 2.252285 0.3779009 
3.985 2.292177 -0.003480132 
3.259085 3.070357 0.3819137 
3.242481 1.700247 1.155334 
3.538337 1.938585 0.987441 
2.951887 2.717973 0.9985282 
2.57023 1.183343 1.127326 
2.902146 1.436657 1.197886 
2.451561 2.13048 1.223844 
2.050701 0.8089468 0.6829338 
2.274343 0.9647487 0.9455124 
1.944418 1.534278 0.975628 
1.886177 0.7008511 -0.001389294 
1.916403 0.7233415 0.3547736 
1.640416 1.188368 0.368174 
2.045785 0.8212467 -0.6834655 
1.924171 0.7264557 -0.3583129 
1.647562 1.20089 -0.3714676 
2.551238 1.201938 -1.123538 
2.265127 0.9866619 -0.945478 
1.935567 1.545493 -0.9763064 
3.214286 1.702139 -1.151322 
2.882581 1.452815 -1.192579 
2.436506 2.138113 -1.219807 
3.754101 2.115659 -0.7232099 
3.519044 1.932264 -0.9850824 
2.942847 2.72183 -0.9976255 
3.91976 2.240504 -0.382061 
3.249937 3.067516 -0.3828815 
2.343882 3.520307 0.7293077 
2.430467 3.670338 0.3819137 
2.462529 3.727748 -0.00143354 
1.491892 4.080671 0.3819137 
2.035905 2.98154 1.179948 
2.210568 3.281651 1.000721 
1.357865 3.655666 1.000151 
1.644974 2.291917 1.174109 
1.844365 2.639084 1.235046 
1.135842 2.968975 1.236642 
1.328701 1.720411 0.7218474 
1.471024 1.972584 0.993324 
0.9085079 2.272035 0.9980616 
1.21178 1.510051 0.001236385 
1.239843 1.55419 0.3775037 
0.764833 1.824449 0.3798519 
1.322415 1.716689 -0.7192612 
1.238233 1.568874 -0.3774108 
0.7623836 1.835931 -0.3810188 
1.637083 2.27623 -1.172374 
1.461175 1.965188 -0.9918292 
0.896647 2.272613 -0.9978817 
2.031298 2.97587 -1.181101 
1.832206 2.630163 -1.232999 
1.120033 2.969014 -1.234992 
2.345202 3.527029 -0.7322788 
2.204689 3.288446 -1.002634 
1.346687 3.660686 -1.000526 
2.431199 3.677272 -0.3836349 
1.488142 4.083548 -0.3822013 
0.4730689 4.119974 0.7290199 
0.4911237 4.293836 0.3819137 
0.4957963 4.354633 3.472259e-09 
-0.5309179 4.294239 0.3819137 
0.4094688 3.506877 1.17975 
0.4470208 3.847788 0.9998632 
-0.4807409 3.850722 1.000034 
0.3292176 2.753643 1.180548 
0.3725681 3.12934 1.236438 
-0.4044714 3.134138 1.236306 
0.2645042 2.134723 0.7288826 
0.2960435 2.412157 1.001026 
-0.3280782 2.404497 0.9979869 
0.2385623 1.878509 0.0004984554 
0.246743 1.949255 0.3822213 
-0.2828996 1.938942 0.3810889 
0.2616808 2.129987 -0.7278155 
0.2420355 1.946682 -0.3817464 
-0.2885817 1.938417 -0.3799458 
0.3264534 2.75588 -1.180758 
0.2887909 2.411044 -1.000422 
-0.3417501 2.408872 -0.9994451 
0.4056913 3.51235 -1.180818 
0.3635034 3.133935 -1.237229 
-0.4184144 3.13039 -1.236162 
0.4698637 4.121833 -0.7293072 
0.4387521 3.850179 -1.000151 
-0.4924489 3.848621 -0.9998628 
0.4877264 4.294194 -0.3819135 
-0.5354927 4.293758 -0.3819135 
-1.479598 3.918717 0.7296767 
-1.53205 4.082184 0.3819467 
-1.552509 4.139624 3.306915e-05 
-2.467308 3.66905 0.3825044 
-1.290329 3.336024 1.181312 
-1.392955 3.66031 1.000691 
-2.240245 3.284072 1.000658 
-1.052217 2.600723 1.179069 
-1.170133 2.974347 1.237354 
-1.872963 2.648404 1.233313 
-0.8531635 1.970401 0.7225568 
-0.9389099 2.253 0.9956459 
-1.500618 1.974462 0.990099 
-0.7755539 1.718554 -0.0001797321 
-0.7959319 1.786984 0.379117 
-1.259161 1.528693 0.3757603 
-0.8572404 1.979599 -0.7241191 
-0.7986808 1.788813 -0.3781301 
-1.267878 1.521501 -0.3734395 
-1.057168 2.602742 -1.179547 
-0.950455 2.263169 -0.9985214 
-1.510213 1.972628 -0.9911239 
-1.292167 3.328306 -1.179783 
-1.1776 2.965579 -1.236294 
-1.888014 2.644578 -1.235404 
-1.481315 3.914571 -0.7290194 
-1.399421 3.653997 -0.9998959 
-2.250916 3.277605 -1.000454 
-1.535123 4.080879 -0.3819134 
-2.470046 3.664789 -0.3819134 
-3.197458 2.933129 0.7348534 
-3.322882 3.065399 0.386694 
-3.364217 3.108338 0.004288908 
-3.974758 2.307571 0.3802849 
-2.7619 2.450475 1.178791 
-3.007062 2.723966 1.00403 
-3.597642 2.021274 0.9923208 
-2.220289 1.832749 1.164157 
-2.492579 2.146253 1.22833 
-2.971175 1.528347 1.210497 
-1.778248 1.296158 0.706532 
-1.978227 1.541473 0.9803205 
-2.347595 1.013496 0.9624411 
-1.599417 1.083615 -0.001036804 
-1.643001 1.141483 0.3693365 
-1.941445 0.6903851 0.3623587 
-1.790877 1.290465 -0.7092333 
-1.654074 1.132816 -0.3692191 
-1.949485 0.678619 -0.3606907 
-2.240746 1.834727 -1.168562 
-1.987879 1.532622 -0.9815167 
-2.34882 1.000348 -0.9599912 
-2.784594 2.455375 -1.180379 
-2.513967 2.152039 -1.233317 
-2.982051 1.522237 -1.212423 
-3.209406 2.930174 -0.7294115 
-3.021993 2.72015 -1.002844 
-3.602564 2.015174 -0.9931499 
-3.325486 3.059004 -0.3818141 
-3.977574 2.306182 -0.3816487 
-4.138643 1.329767 0.6964697 
-4.298693 1.418459 0.3649392 
-4.352828 1.452709 -0.002247292 
-4.336832 0.492244 0.3421601 
-3.57348 1.010818 1.121197 
-3.89181 1.190157 0.9556119 
-3.930113 0.3273823 0.8994955 
-2.857808 0.6028203 1.102884 
-3.213154 0.8088315 1.166693 
-3.259692 0.0676869 1.10412 
-2.284112 0.2680253 0.6695873 
-2.538115 0.4156007 0.9273197 
-2.585407 -0.1825149 0.8817783 
-2.036167 0.1546443 0.0007694936 
-2.10144 0.1848253 0.349396 
-2.156225 -0.3148051 0.3337933 
-2.280631 0.258164 -0.6670029 
-2.103081 0.1759299 -0.3481125 
-2.154043 -0.323513 -0.3323605 
-2.853635 0.5884767 -1.100375 
-2.534162 0.401547 -0.9235232 
-2.585794 -0.1958658 -0.8784677 
-3.571613 1.00287 -1.121534 
-3.21445 0.7943273 -1.165678 
-3.256268 0.05431546 -1.101514 
-4.140787 1.331915 -0.6997478 
-3.89082 1.187434 -0.9575049 
-3.928133 0.3195509 -0.901606 
-4.303978 1.423098 -0.3691411 
-4.333523 0.4943936 -0.3473989 
-3.93666 -0.4189894 0.6042519 
-4.073187 -0.3802323 0.3141446 
-4.112551 -0.363581 -0.00437121 
-3.623692 -1.175059 0.2889119 
-3.428418 -0.5367612 0.9839923 
-3.709637 -0.4736434 0.8324755 
-3.321194 -1.190351 0.7664473 
-2.773216 -0.66612 0.9806782 
-3.10118 -0.6043961 1.030606 
-2.802881 -1.193584 0.9571644 
-2.239337 -0.7494049 0.6031609 
-2.473143 -0.7145681 0.8285819 
-2.260057 -1.177267 0.7771236 
-2.007572 -0.7535676 0.002707893 
-2.074777 -0.75363 0.3161914 
-1.911042 -1.138053 0.2968486 
-2.230202 -0.7553062 -0.5988503 
-2.066333 -0.7580974 -0.3125646 
-1.904507 -1.140846 -0.2957109 
-2.756129 -0.675649 -0.9774471 
-2.469487 -0.724973 -0.8256502 
-2.25771 -1.186026 -0.7739877 
-3.40558 -0.546526 -0.9839318 
-3.083195 -0.6160284 -1.026693 
-2.792254 -1.204744 -0.953854 
-3.917291 -0.4243238 -0.6101906 
-3.697208 -0.4837005 -0.8352916 
-3.316139 -1.201021 -0.768937 
-4.058808 -0.3809597 -0.3217998 
-3.620178 -1.179604 -0.2940059 
-3.047167 -1.801998 0.5177344 
-3.139307 -1.817707 0.2686207 
-3.176162 -1.824919 -0.001461605 
-2.624333 -2.358999 0.2564197 
-2.683773 -1.717533 0.8500233 
-2.888463 -1.76411 0.7133757 
-2.411457 -2.230027 0.6780963 
-2.214494 -1.60234 0.8633009 
-2.452607 -1.659287 0.8969722 
-2.054253 -2.025907 0.8539206 
-1.817862 -1.489884 0.5386327 
-1.998124 -1.540469 0.7359233 
-1.685747 -1.824093 0.7046174 
-1.648965 -1.416526 0.0001062159 
-1.698114 -1.439037 0.2824557 
-1.444193 -1.680642 0.2721429 
-1.81252 -1.485357 -0.53729 
-1.694928 -1.43726 -0.2821307 
-1.439206 -1.6793 -0.2712753 
-2.206248 -1.596762 -0.861394 
-1.99005 -1.540299 -0.7328798 
-1.678383 -1.827682 -0.702222 
-2.677889 -1.713725 -0.8499044 
-2.444013 -1.661289 -0.8952761 
-2.046173 -2.034859 -0.8537828 
-3.047632 -1.802731 -0.5197473 
-2.883067 -1.768203 -0.7151687 
-2.406782 -2.241636 -0.6802611 
-3.144038 -1.824111 -0.2718923 
-2.626243 -2.36596 -0.2576558 
-2.054601 -2.761883 0.485505 
-2.128225 -2.841245 0.254544 
-2.153957 -2.868822 0.003382981 
-1.596129 -3.222634 0.2534487 
-1.797738 -2.491452 0.7887388 
-1.941951 -2.637582 0.6644362 
-1.451228 -2.967138 0.6631738 
-1.487001 -2.186551 0.8011026 
-1.646 -2.33533 0.8313622 
-1.219317 -2.576272 0.824455 
-1.232262 -1.946998 0.5032111 
-1.350132 -2.053661 0.6852888 
-0.992228 -2.222859 0.67619 
-1.128139 -1.836228 -0.001030316 
-1.159354 -1.869023 0.2650912 
-0.848694 -2.007981 0.2616319 
-1.235741 -1.945412 -0.5056342 
-1.157406 -1.867356 -0.2654726 
-0.8439813 -2.004799 -0.2602665 
-1.495554 -2.187516 -0.8039103 
-1.349126 -2.05341 -0.686093 
-0.9851517 -2.226597 -0.6758916 
-1.809677 -2.500173 -0.7896989 
-1.648537 -2.341678 -0.8336653 
-1.212061 -2.585725 -0.8262527 
-2.062538 -2.770729 -0.4816669 
-1.946704 -2.650612 -0.6649044 
-1.445255 -2.972118 -0.663644 
-2.129772 -2.845866 -0.250587 
-1.594394 -3.225329 -0.2528445 
-0.9409508 -3.390104 0.483768 
-0.9767143 -3.500669 0.2534487 
-0.9871974 -3.537764 0.0003751518 
-0.3144141 -3.643815 0.2534487 
-0.8138735 -2.997107 0.7821243 
-0.8857131 -3.215882 0.6632221 
-0.2857942 -3.348212 0.6635072 
-0.6612869 -2.534115 0.7852082 
-0.7376125 -2.759988 0.8199745 
-0.2360912 -2.866052 0.8194983 
-0.5408584 -2.190288 0.4903022 
-0.5948164 -2.340398 0.6682292 
-0.186122 -2.406033 0.6656051 
-0.4927905 -2.057483 -7.25768e-06 
-0.5068899 -2.093503 0.2578066 
-0.1542034 -2.138263 0.2559433 
-0.5399809 -2.197688 -0.49114 
-0.5045035 -2.093339 -0.2570974 
-0.1508512 -2.13365 -0.2552659 
-0.6588787 -2.544312 -0.786465 
-0.5909695 -2.34885 -0.6693497 
-0.1791874 -2.409042 -0.6658364 
-0.8085463 -2.998881 -0.7816617 
-0.7317409 -2.769793 -0.8213106 
-0.2267292 -2.87087 -0.820428 
-0.9358387 -3.385757 -0.4825037 
-0.8776766 -3.21163 -0.6618801 
-0.2771965 -3.346372 -0.6630539 
-0.973565 -3.499446 -0.2530434 
-0.3113233 -3.643937 -0.2534185 
0.3519829 -3.527738 0.4836328 
0.3646185 -3.644093 0.2534476 
0.3699737 -3.684203 -1.035496e-06 
1.02775 -3.502354 0.2532855 
0.3077597 -3.118376 0.782252 
0.3313361 -3.347461 0.663372 
0.9337982 -3.22077 0.6633172 
0.2544545 -2.612811 0.782173 
0.2795617 -2.864759 0.8194007 
0.7844627 -2.763705 0.820294 
0.2139672 -2.230858 0.4862555 
0.2310405 -2.39552 0.664112 
0.6394836 -2.323204 0.6660219 
0.2003113 -2.091902 -4.913292e-05 
0.203123 -2.127038 0.254655 
0.5531925 -2.073392 0.255382 
0.2172791 -2.228794 -0.4862489 
0.2050046 -2.123133 -0.2547432 
0.5557102 -2.070509 -0.256111 
0.2608014 -2.610812 -0.7819887 
0.2374018 -2.394869 -0.6639975 
0.6461269 -2.31985 -0.6655877 
0.3136768 -3.117782 -0.7822576 
0.2885337 -2.863178 -0.8192921 
0.7940027 -2.75964 -0.8197796 
0.3549505 -3.528291 -0.4837678 
0.33766 -3.347648 -0.6635059 
0.9412944 -3.218398 -0.6633738 
0.3668772 -3.643868 -0.2534486 
1.031007 -3.502383 -0.2534486 
1.582059 -3.11443 0.4811801 
1.639934 -3.214451 0.2518588 
1.66148 -3.249853 -0.001429792 
2.198411 -2.829309 0.253366 
1.381558 -2.771322 0.7818834 
1.491077 -2.961054 0.6613551 
2.00169 -2.619963 0.66601 
1.134758 -2.356222 0.7859139 
1.255422 -2.558524 0.8207488 
1.685192 -2.289617 0.8270609 
0.9384911 -2.045957 0.4913616 
1.024122 -2.179651 0.6690104 
1.376231 -1.972291 0.6760451 
0.8662385 -1.93719 0.0005187828 
0.8834346 -1.963347 0.2572995 
1.194636 -1.805864 0.2603786 
0.939076 -2.034257 -0.4896721 
0.8858285 -1.961758 -0.2574707 
1.193185 -1.801389 -0.2617571 
1.133514 -2.339438 -0.7839717 
1.026543 -2.165795 -0.667464 
1.383026 -1.974638 -0.676029 
1.38223 -2.763644 -0.7821432 
1.258954 -2.54841 -0.8194432 
1.694746 -2.280131 -0.8268411 
1.585823 -3.115721 -0.483641 
1.495874 -2.957853 -0.6624432 
2.006904 -2.613202 -0.6647766 
1.644038 -3.217191 -0.2534517 
2.196141 -2.821147 -0.253457 
2.596224 -2.351438 0.489261 
2.674618 -2.407341 0.2544127 
2.698068 -2.415276 -0.003249932 
3.117912 -1.906879 0.2682459 
2.282221 -2.137149 0.8023373 
2.452863 -2.258668 0.6753012 
2.862578 -1.835047 0.7043231 
1.877075 -1.860531 0.8097736 
2.074646 -2.003061 0.8425267 
2.415014 -1.671736 0.8730401 
1.555924 -1.642491 0.5085404 
1.69589 -1.734308 0.6907232 
1.966301 -1.463336 0.7122785 
1.445144 -1.582013 0.0003895147 
1.473981 -1.599904 0.2669047 
1.718813 -1.33778 0.2749794 
1.55193 -1.649913 -0.5067689 
1.470454 -1.593725 -0.2672038 
1.708712 -1.340609 -0.2753628 
1.867507 -1.872018 -0.8067806 
1.696536 -1.749527 -0.6897005 
1.973941 -1.465751 -0.7144957 
2.267544 -2.13648 -0.8008589 
2.073585 -1.999378 -0.84123 
2.428095 -1.660433 -0.8764899 
2.583363 -2.343457 -0.4926433 
2.446357 -2.251072 -0.6741436 
2.870101 -1.825002 -0.7017696 
2.66607 -2.393784 -0.2575905 
3.109715 -1.894453 -0.2647488 
3.506622 -1.343056 0.555221 
3.617262 -1.339129 0.292462 
3.646775 -1.325336 0.004446243 
3.048114 -1.302937 0.8942792 
3.308947 -1.337731 0.7589618 
2.457814 -1.202155 0.8832304 
2.754862 -1.265748 0.9292403 
2.013675 -1.065157 0.5466605 
2.206693 -1.133504 0.7481213 
1.886886 -1.025514 -0.0001230515 
1.919497 -1.025981 0.2871495 
2.019675 -1.077625 -0.5491151 
1.909856 -1.040563 -0.2869675 
2.481031 -1.213021 -0.8887109 
2.218758 -1.135016 -0.7523106 
3.073975 -1.313539 -0.896271 
2.777585 -1.266165 -0.9355247 
3.514244 -1.34921 -0.5496173 
3.325579 -1.337178 -0.7565413 
3.609771 -1.336537 -0.2845909 
4.132154 -0.2254284 0.4916697 
4.189451 -0.1961615 0.3358946 
4.233976 0.2585734 0.5135962 
4.411149 0.829252 0.1854528 
4.358181 0.7994665 0.3633787 
4.346264 0.3203294 0.1798226 
3.650519 -0.358304 0.9485909 
3.806326 -0.3262955 0.8628761 
3.723837 0.06152793 0.986155 
4.062553 0.6390079 0.8176592 
3.917079 0.5714333 0.9299628 
4.027154 0.1637041 0.7889938 
2.934817 -0.4659581 1.021257 
3.121892 -0.4449561 1.041073 
2.982864 -0.131965 1.058286 
3.386536 0.3549349 1.11458 
3.192882 0.285153 1.116568 
3.366272 -0.04106951 1.077264 
2.319547 -0.4896623 0.7150216 
2.449082 -0.492109 0.8205624 
2.348307 -0.2349506 0.7379131 
2.645329 0.1073031 0.9718424 
2.491004 0.06560594 0.8754078 
2.633415 -0.1981226 0.9405752 
2.076089 -0.464387 0.1555552 
2.097443 -0.4685983 0.3094234 
2.092811 -0.2454502 0.1598959 
2.167104 -0.00647668 0.4852568 
2.116017 -0.01430161 0.3284937 
2.164888 -0.2450626 0.4705188 
2.147547 -0.4717207 -0.4600812 
2.101162 -0.4673694 -0.3122864 
2.172774 -0.2386689 -0.4745956 
2.097146 -0.01723986 -0.1690048 
2.124126 -0.01187096 -0.3320115 
2.098506 -0.2419183 -0.1640846 
2.603541 -0.4689943 -0.9138261 
2.453281 -0.4703442 -0.8249581 
2.64218 -0.175681 -0.9452673 
2.361858 0.0518833 -0.7662055 
2.495894 0.08686778 -0.8800451 
2.356103 -0.2128067 -0.7428323 
3.316702 -0.3959689 -1.040093 
3.127288 -0.4228188 -1.0435 
3.378298 -0.01608199 -1.079288 
3.00619 0.2401569 -1.095782 
3.198946 0.3062579 -1.118192 
2.993323 -0.108506 -1.060685 
3.954482 -0.2723989 -0.7546552 
3.815837 -0.3045502 -0.8614326 
4.046425 0.1876128 -0.7865101 
3.763453 0.5207871 -1.019084 
3.928284 0.5912634 -0.9283953 
3.740529 0.08600995 -0.984773 
4.244058 -0.1718765 -0.1634385 
4.217693 -0.1914961 -0.327652 
4.372928 0.3246823 -0.1701845 
4.308271 0.762083 -0.5247151 
4.387182 0.8018166 -0.3551667 
4.267945 0.267041 -0.5047989 
4.108563 1.739367 0.5520577 
4.185458 1.791052 0.3746203 
3.872313 2.199197 0.5564172 
3.657168 2.714425 0.1908999 
3.625444 2.682882 0.3799674 
3.980542 2.284247 0.1892103 
3.59405 1.393904 1.070214 
3.750701 1.497404 0.9746404 
3.395881 1.824513 1.084824 
3.388477 2.45842 0.8704973 
3.271125 2.349958 0.9943085 
3.671586 2.039075 0.8652909 
2.879959 0.9472615 1.154405 
3.063244 1.057109 1.17717 
2.73397 1.306932 1.176581 
2.855221 1.948387 1.204917 
2.699817 1.799008 1.213088 
3.075234 1.568281 1.191815 
2.26228 0.595311 0.8052765 
2.392036 0.6650559 0.9253944 
2.153735 0.877087 0.8234824 
2.257179 1.380369 1.065983 
2.128359 1.257929 0.9623426 
2.415461 1.06867 1.048169 
1.991656 0.4621272 0.1746719 
2.017818 0.4760662 0.346823 
1.890392 0.704289 0.1785251 
1.846025 1.006361 0.5350997 
1.793481 0.9636465 0.361895 
1.970969 0.7583282 0.5244017 
2.076577 0.5074407 -0.5151185 
2.026186 0.4793358 -0.3501319 
1.975617 0.763763 -0.5272248 
1.772764 0.9468329 -0.1855218 
1.80186 0.9709415 -0.3659553 
1.896346 0.7086598 -0.1818124 
2.529226 0.7690339 -1.026368 
2.382202 0.6865661 -0.9258608 
2.403126 1.090635 -1.047255 
2.006729 1.17142 -0.8390895 
2.11877 1.279752 -0.9628459 
2.14331 0.8976814 -0.8231857 
3.226708 1.181982 -1.168817 
3.04326 1.072143 -1.172346 
3.051005 1.581324 -1.186511 
2.526757 1.667987 -1.188703 
2.679993 1.815175 -1.207824 
2.712004 1.323595 -1.171098 
3.871009 1.58596 -0.8547658 
3.731123 1.493555 -0.9727525 
3.645286 2.031652 -0.8642681 
3.122201 2.226665 -1.091828 
3.252913 2.347399 -0.9921043 
3.371583 1.819442 -1.082241 
4.222539 1.815628 -0.1915549 
4.170538 1.779729 -0.3775564 
3.963284 2.274927 -0.1945705 
3.546147 2.618889 -0.5622557 
3.606908 2.673063 -0.3828715 
3.847574 2.186339 -0.5605495 
2.817136 3.335862 0.5627499 
2.860932 3.394755 0.3822567 
2.393885 3.607373 0.5625346 
1.991288 3.943355 0.1925231 
1.972126 3.900263 0.3817165 
2.454067 3.710655 0.192476 
2.498985 2.888813 1.103007 
2.597551 3.025231 1.000454 
2.126312 3.136616 1.103799 
1.852999 3.626561 0.8752986 
1.794082 3.490836 1.000438 
2.283408 3.41025 0.8755956 
2.044877 2.239162 1.214217 
2.16382 2.409249 1.230916 
1.743823 2.462503 1.219415 
1.578031 3.004806 1.223141 
1.499849 2.825033 1.236459 
1.942698 2.814397 1.222603 
1.632514 1.641365 0.8608196 
1.722044 1.771619 0.9860845 
1.394932 1.83703 0.8675974 
1.265935 2.299434 1.099987 
1.198725 2.141778 0.9965208 
1.554811 2.126695 1.096781 
1.428209 1.35248 0.1890271 
1.452881 1.384075 0.3737564 
1.218627 1.517508 0.1911838 
1.040738 1.780357 0.5587289 
1.009965 1.704947 0.3790475 
1.277287 1.624063 0.5562593 
1.495953 1.453327 -0.5512468 
1.45415 1.398078 -0.3745845 
1.275238 1.632661 -0.5552511 
0.990828 1.672612 -0.1913305 
1.008525 1.719464 -0.3795618 
1.217471 1.528587 -0.1900368 
1.812515 1.913245 -1.089129 
1.712147 1.768575 -0.9852971 
1.545753 2.116181 -1.095266 
1.126309 1.997299 -0.8693746 
1.18724 2.137387 -0.9953868 
1.384611 1.829214 -0.8654107 
2.270303 2.574458 -1.218041 
2.15108 2.404328 -1.228357 
1.932235 2.805308 -1.221333 
1.405768 2.636167 -1.21973 
1.485084 2.818765 -1.234161 
1.732527 2.450467 -1.217326 
2.68061 3.153759 -0.8768644 
2.592279 3.031734 -1.001632 
2.279526 3.416989 -0.8778668 
1.71892 3.342237 -1.105019 
1.785866 3.497006 -1.001836 
2.121636 3.139563 -1.105928 
2.88481 3.434398 -0.194539 
2.859025 3.399224 -0.3835968 
2.453439 3.715623 -0.1948127 
1.941392 3.838342 -0.5642239 
1.970746 3.905689 -0.383236 
2.395253 3.613901 -0.565014 
0.9815592 4.140255 0.5624086 
0.9970021 4.212428 0.3820033 
0.4830247 4.219517 0.562398 
-0.02067595 4.365843 0.1931302 
-0.02014781 4.319979 0.3818726 
0.4957523 4.33852 0.1931503 
0.8721988 3.613547 1.103271 
0.9075988 3.775144 1.00001 
0.4291717 3.683174 1.103214 
-0.01775134 4.020567 0.8749373 
-0.01667588 3.872311 0.9998298 
0.4620029 3.994579 0.8749068 
0.7167857 2.882143 1.223395 
0.7583956 3.069897 1.236627 
0.3513228 2.939018 1.22343 
-0.01682102 3.344087 1.222757 
-0.0156424 3.151308 1.236365 
0.3917499 3.321183 1.222833 
0.574194 2.214772 0.8743653 
0.6061734 2.36124 0.9999801 
0.2797589 2.26334 0.8752915 
-0.01739653 2.592424 1.10313 
-0.01613301 2.426701 0.9998798 
0.312276 2.576929 1.104106 
0.4989104 1.854166 0.1927461 
0.5091859 1.904961 0.3813721 
0.2418341 1.897527 0.193298 
-0.01888572 2.04173 0.5619998 
-0.01821296 1.961119 0.38179 
0.2542108 2.029642 0.5625287 
0.5216721 1.985561 -0.5614811 
0.5049319 1.907375 -0.3815125 
0.2510688 2.026505 -0.5616918 
-0.02229695 1.908634 -0.1922141 
-0.02328238 1.959671 -0.3810051 
0.2378649 1.896501 -0.1925607 
0.6319313 2.525419 -1.103308 
0.5966656 2.361721 -0.9998009 
0.3067428 2.577023 -1.103852 
-0.02565905 2.275989 -0.8741879 
-0.0264083 2.427077 -0.9998834 
0.2731357 2.260762 -0.8746048 
0.7872473 3.261817 -1.222987 
0.7462271 3.073735 -1.236642 
0.3841802 3.325943 -1.223646 
-0.0262492 2.960259 -1.223319 
-0.02752476 3.153466 -1.236753 
0.3441721 2.942825 -1.223959 
0.9289265 3.922645 -0.8752412 
0.8972923 3.77859 -1.000202 
0.4546553 3.997223 -0.8752737 
-0.02581599 3.710114 -1.103699 
-0.02710155 3.87441 -1.000144 
0.4227018 3.687141 -1.103907 
1.003093 4.258273 -0.1931686 
0.993046 4.213509 -0.3818357 
0.492548 4.339142 -0.1931682 
-0.02388393 4.246989 -0.5625342 
-0.02430658 4.320595 -0.3819515 
0.4804411 4.220328 -0.5624928 
-1.022083 4.142834 0.5626895 
-1.036715 4.214548 0.3820102 
-1.509958 4.012055 0.562667 
-2.027815 3.940945 0.1931495 
-2.009246 3.899344 0.381824 
-1.546196 4.125293 0.1932392 
-0.9089669 3.618942 1.104094 
-0.9418924 3.780154 1.000538 
-1.34349 3.50426 1.104543 
-1.886495 3.629174 0.8754702 
-1.826296 3.495301 1.000698 
-1.438919 3.80041 0.8757346 
-0.7519808 2.882829 1.223023 
-0.7915653 3.07459 1.236818 
-1.110328 2.787433 1.223444 
-1.610731 3.010469 1.222839 
-1.531302 2.833661 1.236203 
-1.230366 3.157935 1.223897 
-0.6070067 2.194082 0.8708975 
-0.6375262 2.345347 0.9968091 
-0.891721 2.100915 0.8689054 
-1.299931 2.297467 1.099002 
-1.22766 2.130744 0.9932911 
-0.9936016 2.420934 1.100557 
-0.5333384 1.828137 0.1921049 
-0.5436993 1.879548 0.3803328 
-0.7799187 1.736518 0.1914761 
-1.068007 1.749634 0.5553824 
-1.035206 1.67141 0.3775361 
-0.8205838 1.867038 0.5577673 
-0.5645095 1.962343 -0.5591846 
-0.5482496 1.880406 -0.3792745 
-0.8233377 1.871118 -0.5574782 
-1.019547 1.619779 -0.1898799 
-1.040111 1.670697 -0.375852 
-0.7833689 1.7378 -0.1910917 
-0.6845924 2.519475 -1.102928 
-0.6505944 2.353833 -0.9993718 
-1.002695 2.42936 -1.102704 
-1.173309 1.986666 -0.8680519 
-1.238395 2.137659 -0.9953873 
-0.9012681 2.111358 -0.871599 
-0.8413124 3.256406 -1.222689 
-0.8024016 3.066777 -1.236182 
-1.236393 3.14983 -1.222818 
-1.461267 2.648427 -1.22218 
-1.540828 2.825959 -1.235953 
-1.117201 2.78149 -1.222791 
-0.9805684 3.919141 -0.8748891 
-0.9508223 3.773937 -0.9997891 
-1.444454 3.794127 -0.8748826 
-1.766056 3.337821 -1.103319 
-1.833719 3.488215 -1.000176 
-1.347967 3.497018 -1.103305 
-1.049544 4.257844 -0.1931177 
-1.040437 4.212893 -0.3818913 
-1.548964 4.123643 -0.1931526 
-1.981632 3.829466 -0.5624124 
-2.012028 3.89686 -0.3821836 
-1.511788 4.009985 -0.5624083 
-2.865586 3.328471 0.5659889 
-2.911226 3.388923 0.3850914 
-3.270027 3.009695 0.5682965 
-3.716299 2.733955 0.1961477 
-3.682347 2.704411 0.3856291 
-3.352341 3.098467 0.1974595 
-2.537417 2.885629 1.104731 
-2.638021 3.023557 1.002496 
-2.889207 2.593639 1.105662 
-3.446702 2.494802 0.8776276 
-3.330879 2.389539 1.001322 
-3.10875 2.836952 0.879564 
-2.07755 2.250063 1.215405 
-2.195838 2.415208 1.231082 
-2.353213 1.987801 1.210619 
-2.908543 1.996329 1.213277 
-2.753279 1.849505 1.221578 
-2.628819 2.301073 1.217982 
-1.658025 1.633645 0.8583357 
-1.751945 1.775108 0.9860796 
-1.870292 1.409113 0.8525921 
-2.310184 1.418215 1.077569 
-2.178743 1.286439 0.9722631 
-2.096283 1.684722 1.085752 
-1.433189 1.30153 0.1880956 
-1.462469 1.348021 0.37273 
-1.607846 1.101253 0.186201 
-1.871315 0.9823338 0.5392611 
-1.804995 0.9241975 0.3660809 
-1.702032 1.208266 0.5442069 
-1.523448 1.411425 -0.5488548 
-1.473598 1.338298 -0.3718076 
-1.713647 1.200497 -0.5451194 
-1.772886 0.8795027 -0.1850573 
-1.816401 0.9141376 -0.3656403 
-1.617522 1.093525 -0.1870741 
-1.868482 1.923216 -1.093685 
-1.762586 1.767092 -0.9872348 
-2.109911 1.679174 -1.088083 
-2.069459 1.156845 -0.8466133 
-2.187889 1.277003 -0.9727957 
-1.882381 1.401787 -0.8547847 
-2.334986 2.580293 -1.222938 
-2.217185 2.41756 -1.235465 
-2.652593 2.306851 -1.222282 
-2.618267 1.702504 -1.207134 
-2.77426 1.852107 -1.226003 
-2.376535 1.992867 -1.215724 
-2.740922 3.140325 -0.8758043 
-2.653013 3.01895 -1.001668 
-3.124805 2.833517 -0.8770333 
-3.215214 2.26675 -1.102073 
-3.344532 2.384845 -1.000492 
-2.907178 2.592706 -1.104864 
-2.940784 3.421401 -0.1912741 
-2.914508 3.383284 -0.3813031 
-3.355609 3.093664 -0.1908529 
-3.63021 2.650237 -0.5630053 
-3.685755 2.699288 -0.3819411 
-3.27531 3.004838 -0.5625178 
-4.109475 1.831966 0.5499863 
-4.174553 1.872985 0.372837 
-4.22966 1.380556 0.537457 
-4.395327 0.9766876 0.1778355 
-4.352802 0.9541797 0.3543248 
-4.338469 1.442509 0.1830257 
-3.630976 1.518361 1.074832 
-3.779988 1.61645 0.9763415 
-3.738203 1.103296 1.051244 
-4.077272 0.8217913 0.8131047 
-3.94127 0.7556266 0.9289546 
-4.025681 1.266569 0.8362642 
-2.943921 1.055832 1.172719 
-3.121284 1.178189 1.191883 
-3.031501 0.7042072 1.147886 
-3.445481 0.5208827 1.128603 
-3.260056 0.4347911 1.136574 
-3.397027 0.9130746 1.158797 
-2.330358 0.6239258 0.8238854 
-2.464395 0.7198389 0.9470406 
-2.402584 0.3364633 0.8075699 
-2.734982 0.1858548 1.002653 
-2.581002 0.1135952 0.9056232 
-2.692479 0.506274 1.027643 
-1.990135 0.4133443 0.1806269 
-2.038203 0.4398746 0.3565366 
-2.053176 0.1651628 0.1770028 
-2.22433 -0.04349011 0.5040778 
-2.144193 -0.0676216 0.3419316 
-2.181873 0.2184799 0.5151274 
-2.11658 0.4721063 -0.5232761 
-2.041182 0.4291394 -0.3546162 
-2.181857 0.2097287 -0.5133998 
-2.094536 -0.08996929 -0.1717526 
-2.145395 -0.07750794 -0.3407422 
-2.054424 0.1567592 -0.1754619 
-2.610668 0.8105053 -1.046125 
-2.460355 0.70415 -0.9429026 
-2.687927 0.4911364 -1.023884 
-2.442657 0.03557169 -0.7859388 
-2.57968 0.09850337 -0.9019814 
-2.398283 0.3225788 -0.8039314 
-3.301052 1.286734 -1.183936 
-3.123364 1.164481 -1.191351 
-3.396989 0.8996147 -1.157872 
-3.076443 0.3340878 -1.117425 
-3.262186 0.4202682 -1.135217 
-3.030929 0.6896253 -1.146615 
-3.91179 1.699423 -0.8572068 
-3.779282 1.611587 -0.9783536 
-4.02588 1.264363 -0.838461 
-3.787971 0.6759797 -1.024578 
-3.942364 0.7511142 -0.930849 
-3.736905 1.099266 -1.053019 
-4.215803 1.900333 -0.1915053 
-4.178152 1.875837 -0.3774146 
-4.341927 1.445681 -0.1875423 
-4.286095 0.9237505 -0.52658 
-4.356148 0.9581981 -0.3586187 
-4.233634 1.385074 -0.5418301 
-4.173737 0.0252232 0.4852409 
-4.237458 0.04865744 0.3281761 
-4.015157 -0.3985139 0.4643243 
-3.889758 -0.7837628 0.1501163 
-3.861199 -0.7928002 0.3003492 
-4.106381 -0.367605 0.1565823 
-3.704242 -0.1275019 0.9563761 
-3.848396 -0.0809131 0.8669933 
-3.574529 -0.5045226 0.9189301 
-3.642638 -0.8303277 0.6967691 
-3.52909 -0.8459787 0.7979174 
-3.832901 -0.4433627 0.7274355 
-3.027241 -0.3276538 1.053707 
-3.203428 -0.2773315 1.068566 
-2.935734 -0.6355394 1.017884 
-3.119413 -0.8952966 0.9813535 
-2.964998 -0.9107838 0.9928293 
-3.268394 -0.5701088 1.020485 
-2.415118 -0.4915288 0.7474263 
-2.545935 -0.4576057 0.8558072 
-2.348131 -0.7333739 0.7244123 
-2.512815 -0.9489314 0.8856924 
-2.37717 -0.9552097 0.8022556 
-2.617134 -0.6923724 0.9158448 
-2.079076 -0.5462065 0.1656137 
-2.129256 -0.5427358 0.3255018 
-2.028391 -0.7524638 0.1612439 
-2.068621 -0.9614242 0.4508399 
-2.002218 -0.9536091 0.3065754 
-2.146873 -0.7548773 0.4652217 
-2.197864 -0.5414755 -0.4757285 
-2.122258 -0.548642 -0.3223723 
-2.13812 -0.7592362 -0.4611475 
-1.952385 -0.9516817 -0.1523958 
-1.994219 -0.9586384 -0.3034005 
-2.02144 -0.7568872 -0.1566767 
-2.687828 -0.4303226 -0.9429142 
-2.542722 -0.4691827 -0.852412 
-2.608651 -0.7026438 -0.9124399 
-2.252202 -0.9709439 -0.6979156 
-2.373558 -0.9671811 -0.7988249 
-2.341403 -0.7433317 -0.7206141 
-3.363267 -0.238138 -1.056577 
-3.188315 -0.2902519 -1.064803 
-3.247228 -0.5819845 -1.017179 
-2.793786 -0.9375647 -0.9786253 
-2.948422 -0.9244878 -0.9888817 
-2.915878 -0.647167 -1.014315 
-3.965518 -0.04769335 -0.7616471 
-3.837422 -0.09130973 -0.8698324 
-3.816076 -0.4531666 -0.7310126 
-3.389171 -0.8733115 -0.8843942 
-3.51762 -0.8575481 -0.8009288 
-3.557279 -0.5144554 -0.9216748 
-4.267204 0.06430689 -0.1714972 
-4.225904 0.04832475 -0.3356257 
-4.094939 -0.3687843 -0.1650164 
-3.797385 -0.807891 -0.4514402 
-3.849677 -0.7948982 -0.3078908 
-3.999273 -0.4000614 -0.4722884 
-3.34428 -1.512822 0.4115598 
-3.385582 -1.511765 0.2784893 
-3.10119 -1.811906 0.3973635 
-2.907496 -2.107378 0.1315284 
-2.883302 -2.098866 0.2608601 
-3.165359 -1.821591 0.1353379 
-3.00357 -1.483318 0.8177634 
-3.110485 -1.493253 0.7385165 
-2.790317 -1.741307 0.7908317 
-2.731089 -2.039478 0.604971 
-2.652354 -2.007326 0.6932309 
-2.975301 -1.784492 0.6229567 
-2.502615 -1.42526 0.9180586 
-2.633711 -1.441181 0.9253135 
-2.332936 -1.630098 0.8913025 
-2.363641 -1.894806 0.8599777 
-2.257634 -1.85222 0.8734442 
-2.570684 -1.689024 0.8843117 
-2.030349 -1.353302 0.6615864 
-2.135168 -1.371081 0.7552083 
-1.901974 -1.513765 0.6456087 
-1.941187 -1.730656 0.7903915 
-1.846888 -1.690658 0.7192178 
-2.102848 -1.571407 0.809813 
-1.772213 -1.284284 0.1463505 
-1.809538 -1.29807 0.2889133 
-1.664243 -1.423583 0.1430278 
-1.622588 -1.594146 0.4074897 
-1.576309 -1.567293 0.2770494 
-1.749688 -1.463222 0.4157171 
-1.860887 -1.315663 -0.4247048 
-1.804918 -1.297276 -0.2886212 
-1.745738 -1.45999 -0.415189 
-1.541261 -1.548226 -0.1395806 
-1.571597 -1.565809 -0.2761703 
-1.660671 -1.422184 -0.1426611 
-2.244152 -1.391196 -0.8292862 
-2.129253 -1.373134 -0.7521959 
-2.094806 -1.568551 -0.806995 
-1.752144 -1.655776 -0.6288176 
-1.837807 -1.692079 -0.7157794 
-1.894366 -1.512036 -0.6428921 
-2.755055 -1.459843 -0.9109941 
-2.624986 -1.445764 -0.9231013 
-2.562035 -1.688299 -0.8826468 
-2.139413 -1.813054 -0.8669744 
-2.246893 -1.856659 -0.8717742 
-2.323675 -1.629395 -0.8896367 
-3.202464 -1.507693 -0.6466823 
-3.106607 -1.499745 -0.7405201 
-2.971263 -1.787533 -0.6246986 
-2.55706 -1.976605 -0.7701781 
-2.645741 -2.014025 -0.6955742 
-2.785324 -1.742684 -0.7924745 
-3.413013 -1.515723 -0.1436508 
-3.388351 -1.517833 -0.2820022 
-3.168209 -1.826741 -0.1386046 
-2.849026 -2.090225 -0.3888076 
-2.886378 -2.105412 -0.2645042 
-3.104794 -1.815738 -0.4004719 
-2.343475 -2.582164 0.375452 
-2.376559 -2.609171 0.2552 
-2.096849 -2.807383 0.3746504 
-1.887163 -3.06812 0.1298176 
-1.86971 -3.044412 0.2543144 
-2.146689 -2.86029 0.1304845 
-2.101508 -2.383147 0.7409172 
-2.176836 -2.442257 0.6691464 
-1.872522 -2.565619 0.7353911 
-1.757526 -2.888642 0.5809405 
-1.70201 -2.811333 0.6633747 
-2.002884 -2.704034 0.5814925 
-1.762729 -2.123817 0.8355779 
-1.85131 -2.188759 0.8400543 
-1.565635 -2.258618 0.8264472 
-1.505471 -2.552854 0.8159038 
-1.436361 -2.463229 0.8270591 
-1.723258 -2.413966 0.8194915 
-1.450174 -1.895852 0.6092374 
-1.520572 -1.946189 0.693238 
-1.287169 -1.996478 0.6020792 
-1.232575 -2.216341 0.7470824 
-1.174297 -2.145329 0.6800116 
-1.416539 -2.117847 0.7525826 
-1.280503 -1.759504 0.1352996 
-1.305192 -1.781229 0.2680364 
-1.137557 -1.846143 0.1336313 
-1.034362 -1.981646 0.3863731 
-1.007257 -1.944938 0.2629509 
-1.190737 -1.903817 0.3894258 
-1.34009 -1.811512 -0.394743 
-1.302252 -1.779529 -0.2681436 
-1.190913 -1.90161 -0.3907116 
-0.9856352 -1.918564 -0.133287 
-1.004139 -1.942249 -0.2627904 
-1.135757 -1.844529 -0.1347938 
-1.59608 -2.004117 -0.7619039 
-1.517867 -1.947978 -0.6932655 
-1.419245 -2.117272 -0.7541083 
-1.117941 -2.082848 -0.5983881 
-1.171265 -2.145952 -0.6803585 
-1.288291 -1.996358 -0.603656 
-1.939838 -2.264154 -0.8286489 
-1.851088 -2.197542 -0.8419057 
-1.729645 -2.421227 -0.8215245 
-1.366866 -2.382303 -0.8236663 
-1.436063 -2.471259 -0.8292868 
-1.571263 -2.264173 -0.8291807 
-2.246165 -2.509315 -0.5844255 
-2.178852 -2.455944 -0.6700251 
-2.009257 -2.716502 -0.5806205 
-1.643638 -2.738276 -0.7337065 
-1.703931 -2.823224 -0.6639659 
-1.880676 -2.577624 -0.7357459 
-2.39848 -2.630203 -0.126763 
-2.378512 -2.615189 -0.2523351 
-2.148417 -2.864913 -0.1252342 
-1.84469 -3.011802 -0.3710696 
-1.870835 -3.049471 -0.2513091 
-2.101113 -2.813127 -0.3701004 
-1.274837 -3.331695 0.3731664 
-1.295035 -3.376841 0.25321 
-0.9609404 -3.453062 0.373217 
-0.654486 -3.618114 0.1283303 
-0.6487226 -3.588996 0.2535078 
-0.9856306 -3.528584 0.1283179 
-1.130361 -3.003007 0.7315241 
-1.175969 -3.104129 0.6629784 
-0.8510248 -3.110269 0.7315398 
-0.6089476 -3.393894 0.5805514 
-0.5888717 -3.29761 0.6634376 
-0.9162679 -3.309882 0.5804569 
-0.9328747 -2.568977 0.8146608 
-0.9837353 -2.676264 0.8217033 
-0.6992189 -2.644157 0.812256 
-0.5152485 -2.949831 0.8106139 
-0.4891384 -2.824415 0.8195109 
-0.7764169 -2.878608 0.8105699 
-0.7588646 -2.212748 0.5900378 
-0.797078 -2.288027 0.6718299 
-0.566346 -2.258704 0.5865093 
-0.4134317 -2.47882 0.7341467 
-0.3919484 -2.380384 0.6664698 
-0.6268104 -2.432923 0.7357258 
-0.6675141 -2.031315 0.1314934 
-0.6804929 -2.057198 0.2597141 
-0.4975371 -2.067101 0.1305162 
-0.3413048 -2.16463 0.3774536 
-0.3318042 -2.121268 0.2567059 
-0.5212682 -2.135933 0.3791086 
-0.6967049 -2.098267 -0.3810892 
-0.6768459 -2.055984 -0.2585492 
-0.519764 -2.137764 -0.3788684 
-0.3227863 -2.092399 -0.12955 
-0.3288409 -2.119676 -0.2559262 
-0.4952073 -2.066962 -0.1301307 
-0.8334529 -2.381369 -0.739601 
-0.7908753 -2.295745 -0.6723268 
-0.6236399 -2.442227 -0.7368391 
-0.3680716 -2.301462 -0.5854484 
-0.3867933 -2.388155 -0.6673474 
-0.5631458 -2.268241 -0.5877143 
-1.026395 -2.794232 -0.8126662 
-0.975416 -2.686281 -0.823148 
-0.7705452 -2.886788 -0.8114765 
-0.4564864 -2.710965 -0.8125271 
-0.4817523 -2.833834 -0.8208887 
-0.6941214 -2.654484 -0.8136442 
-1.208037 -3.192912 -0.5797193 
-1.166687 -3.102069 -0.6623006 
-0.9084551 -3.305748 -0.57915 
-0.5578881 -3.187835 -0.7309493 
-0.5802024 -3.294569 -0.6623772 
-0.8437385 -3.107256 -0.730282 
-1.304625 -3.404387 -0.1278066 
-1.291533 -3.37637 -0.2531111 
-0.9827306 -3.527677 -0.1277042 
-0.6348332 -3.539217 -0.3726209 
-0.64541 -3.588259 -0.2530925 
-0.9575951 -3.450625 -0.3724077 
0.02469183 -3.612026 0.3731578 
0.02458963 -3.661608 0.2534041 
0.359495 -3.594393 0.373171 
0.7071453 -3.620545 0.1281852 
0.7005771 -3.590981 0.2535404 
0.3677176 -3.67369 0.1281447 
0.02257688 -3.253505 0.7318249 
0.02227821 -3.363828 0.6633831 
0.3199129 -3.237037 0.7317125 
0.6573079 -3.395811 0.5805336 
0.6361189 -3.299535 0.6634157 
0.3417797 -3.444691 0.5804196 
0.02186288 -2.749707 0.8105056 
0.02127972 -2.879044 0.8194475 
0.2663193 -2.735455 0.8103291 
0.5621046 -2.95285 0.8109405 
0.5344029 -2.825591 0.8196234 
0.2933692 -2.993674 0.8106753 
0.02297433 -2.319521 0.5827345 
0.0225361 -2.410492 0.66468 
0.2211016 -2.305765 0.5823253 
0.4593645 -2.468779 0.7325761 
0.4367931 -2.367393 0.6647564 
0.2423229 -2.499723 0.7320672 
0.02526299 -2.111887 0.1291723 
0.02491699 -2.139227 0.2550886 
0.2001969 -2.101884 0.1289262 
0.3891005 -2.14851 0.3755164 
0.3793888 -2.107145 0.2549213 
0.208035 -2.171279 0.375177 
0.02764077 -2.17983 -0.3754277 
0.02758718 -2.134438 -0.2549323 
0.2099925 -2.16776 -0.3752522 
0.3757336 -2.07992 -0.1293124 
0.3819214 -2.103784 -0.2553074 
0.2022337 -2.098548 -0.1290178 
0.02954084 -2.513449 -0.7323824 
0.02981953 -2.409877 -0.6645588 
0.2485955 -2.498363 -0.7318969 
0.4235638 -2.278251 -0.582809 
0.4441795 -2.367072 -0.6647016 
0.2271766 -2.304763 -0.5822235 
0.03045133 -3.0089 -0.8109531 
0.03124215 -2.878714 -0.8196144 
0.3017767 -2.992532 -0.810631 
0.5173697 -2.697913 -0.8105804 
0.5447717 -2.824628 -0.8195092 
0.274967 -2.733755 -0.8102217 
0.02928793 -3.461416 -0.5804533 
0.02987423 -3.363111 -0.6633814 
0.3477642 -3.444764 -0.5805295 
0.6206151 -3.19087 -0.7318332 
0.6436812 -3.299021 -0.6633835 
0.3260853 -3.236772 -0.7317735 
0.0271211 -3.691797 -0.1281787 
0.0272872 -3.661702 -0.2535165 
0.3700026 -3.673615 -0.1281546 
0.6929792 -3.542657 -0.3732168 
0.7034498 -3.590954 -0.2533554 
0.3614703 -3.594673 -0.3732471 
1.320312 -3.328762 0.3717763 
1.340138 -3.373744 0.2523333 
1.615058 -3.170854 0.3709586 
1.945692 -3.054362 0.127152 
1.926676 -3.029132 0.2522579 
1.655203 -3.240874 0.126657 
1.17527 -3.006967 0.7310346 
1.21848 -3.105492 0.66223 
1.438007 -2.868722 0.7302352 
1.809871 -2.872639 0.579466 
1.752034 -2.796086 0.6625212 
1.539892 -3.044609 0.5783771 
0.974387 -2.559932 0.8121222 
1.025008 -2.673677 0.8204526 
1.193677 -2.454897 0.8130231 
1.549766 -2.527181 0.8128542 
1.475134 -2.429506 0.8228437 
1.319054 -2.667374 0.8112581 
0.7972842 -2.180277 0.5856197 
0.8354673 -2.260153 0.6672922 
0.9774477 -2.107854 0.5876611 
1.266177 -2.157998 0.7391089 
1.204411 -2.083796 0.671982 
1.077058 -2.263127 0.7363943 
0.7101514 -2.003232 0.1298542 
0.7212713 -2.024333 0.2561738 
0.8699742 -1.944801 0.1304834 
1.06932 -1.921952 0.3812119 
1.041917 -1.891825 0.2587136 
0.9072603 -1.997327 0.3791051 
0.7417139 -2.055521 -0.3772524 
0.723418 -2.02153 -0.2565402 
0.9084153 -1.991911 -0.3786477 
1.026234 -1.871299 -0.1311297 
1.043438 -1.887988 -0.2593802 
0.8716251 -1.942021 -0.1300957 
0.8815172 -2.339706 -0.7334386 
0.8394104 -2.249227 -0.6659967 
1.077873 -2.247967 -0.7345766 
1.15401 -2.009668 -0.5892847 
1.209477 -2.073496 -0.6709939 
0.9796627 -2.093794 -0.5858057 
1.082113 -2.780991 -0.8106181 
1.030791 -2.66399 -0.8193415 
1.321657 -2.656635 -0.8103701 
1.407937 -2.320818 -0.8144773 
1.482574 -2.417833 -0.8219818 
1.195726 -2.441277 -0.8115122 
1.264068 -3.19168 -0.5803142 
1.224354 -3.101805 -0.662963 
1.544904 -3.042445 -0.5798885 
1.694797 -2.705702 -0.7319334 
1.758954 -2.791627 -0.6628214 
1.441272 -2.864412 -0.7312146 
1.355257 -3.401748 -0.1287839 
1.343736 -3.374863 -0.2536406 
1.658214 -3.241946 -0.1288788 
1.900363 -2.988087 -0.3729678 
1.929552 -3.028415 -0.2531412 
1.618474 -3.173218 -0.3731634 
2.413096 -2.595816 0.3739741 
2.445531 -2.62665 0.2534308 
2.642231 -2.384122 0.3758243 
2.913568 -2.169636 0.1304498 
2.894531 -2.165877 0.2589836 
2.695028 -2.417804 0.1274475 
2.158473 -2.376077 0.7406541 
2.234711 -2.444615 0.6697996 
2.371837 -2.201013 0.7479205 
2.74085 -2.095402 0.599089 
2.660012 -2.056341 0.6867867 
2.530135 -2.309403 0.589785 
1.794163 -2.069564 0.8268613 
1.885673 -2.14912 0.8334439 
1.974415 -1.932653 0.8364131 
2.362699 -1.902907 0.8451304 
2.249876 -1.845746 0.8558182 
2.178947 -2.071244 0.8322799 
1.47173 -1.803531 0.5999793 
1.540942 -1.856399 0.6823232 
1.619188 -1.682956 0.6074911 
1.930831 -1.660894 0.7702108 
1.83673 -1.603934 0.7006202 
1.782089 -1.793987 0.7592314 
1.318472 -1.694853 0.1333119 
1.338931 -1.708771 0.2633052 
1.453339 -1.587384 0.1351641 
1.637242 -1.489473 0.398538 
1.601235 -1.474963 0.2706455 
1.508938 -1.616637 0.392884 
1.367184 -1.72888 -0.3877808 
1.335139 -1.704394 -0.2640358 
1.504167 -1.615079 -0.3923719 
1.573987 -1.464418 -0.13684 
1.594731 -1.471455 -0.2708282 
1.449677 -1.584064 -0.1349482 
1.618659 -1.930887 -0.7489551 
1.543782 -1.869254 -0.6818049 
1.778438 -1.809594 -0.7573063 
1.754805 -1.563004 -0.6153934 
1.838464 -1.614524 -0.7001563 
1.618565 -1.696449 -0.6059867 
1.979022 -2.223343 -0.8224786 
1.888356 -2.144096 -0.8326979 
2.172698 -2.069526 -0.8309574 
2.138716 -1.781817 -0.8483834 
2.251317 -1.838168 -0.8556623 
1.969464 -1.933292 -0.8344407 
2.301471 -2.497231 -0.585192 
2.231572 -2.436478 -0.6683749 
2.521187 -2.301787 -0.5900949 
2.564924 -2.002259 -0.7587249 
2.65623 -2.046308 -0.6852908 
2.360947 -2.195398 -0.7466248 
2.460232 -2.633305 -0.1303739 
2.437866 -2.61371 -0.255389 
2.687499 -2.406652 -0.1320825 
2.850294 -2.139006 -0.3840762 
2.884789 -2.1515 -0.2609161 
2.631207 -2.372489 -0.3796274 
3.327066 -1.63192 0.4105129 
3.3675 -1.63391 0.2802285 
3.574901 -1.343386 0.4295151 
3.866138 -1.004007 0.157169 
3.843415 -1.01596 0.306659 
3.639619 -1.331045 0.150532 
2.975608 -1.571313 0.8052987 
3.085381 -1.597065 0.7289233 
3.184973 -1.322478 0.8381304 
3.626535 -1.045711 0.6949648 
3.508435 -1.050705 0.7931304 
3.414919 -1.342647 0.6646069 
2.452059 -1.437742 0.8884563 
2.587424 -1.478355 0.8979414 
2.602174 -1.235835 0.9170539 
3.067024 -1.039845 0.9598262 
2.902314 -1.031415 0.9645278 
2.903674 -1.286549 0.9224524 
1.994217 -1.263572 0.6391493 
2.09227 -1.306735 0.7284135 
2.09859 -1.096993 0.6549335 
2.436821 -0.9732472 0.8512112 
2.30575 -0.9466705 0.7701012 
2.327399 -1.169314 0.8253435 
1.802131 -1.184078 0.1417826 
1.825738 -1.188142 0.2806854 
1.896411 -1.02141 0.1451303 
2.035998 -0.8729715 0.4326734 
1.997528 -0.8581137 0.2940561 
1.957582 -1.041968 0.4224531 
1.857913 -1.213637 -0.4139358 
1.816066 -1.199227 -0.2809873 
1.952221 -1.056557 -0.4229565 
1.969556 -0.8616064 -0.1488518 
1.988722 -0.8716885 -0.2938243 
1.88958 -1.032682 -0.1452622 
2.217461 -1.355452 -0.8067359 
2.104876 -1.307777 -0.7327574 
2.343302 -1.175806 -0.8301132 
2.199013 -0.9206121 -0.676856 
2.315701 -0.9463712 -0.7742564 
2.111417 -1.102493 -0.6591334 
2.745392 -1.511792 -0.8942779 
2.610375 -1.474011 -0.9040362 
2.929611 -1.291471 -0.9281797 
2.756038 -1.016474 -0.9548624 
2.921108 -1.029574 -0.9704022 
2.627417 -1.24014 -0.9232187 
3.195785 -1.612495 -0.6340158 
3.101795 -1.593248 -0.7260978 
3.430618 -1.345119 -0.6615861 
3.388545 -1.049437 -0.8728125 
3.520724 -1.047837 -0.7909865 
3.204956 -1.326486 -0.8363042 
3.385471 -1.624606 -0.1362343 
3.361678 -1.628137 -0.2723134 
3.636009 -1.328497 -0.1419277 
3.799413 -1.027524 -0.4424616 
3.841384 -1.013099 -0.2990052 
3.572248 -1.344226 -0.4214696 
4.188882 0.7027631 0.6857929 
4.288356 0.7585169 0.5323197 
4.054549 -0.2590856 0.6334677 
3.989249 -0.6669094 0.4686927 
4.064084 -0.6295938 0.1626169 
4.228962 -0.1741625 0.1710407 
4.246606 -0.1645904 0.0031963 
4.444793 0.8441539 0.003178588 
4.394334 1.339432 0.1878748 
4.259532 1.258509 0.545411 
3.574445 0.4287931 1.085196 
3.755374 0.5017048 1.021657 
3.48627 -0.3885717 1.009579 
3.537315 -0.7385083 0.9107458 
3.811167 -0.7063919 0.7251785 
3.947223 -0.292457 0.7575868 
4.032771 1.122537 0.8416733 
3.7214 0.9512457 1.050392 
2.811913 0.1603123 1.046804 
2.99804 0.2210585 1.094718 
2.756537 -0.4797187 0.9783523 
2.853657 -0.7668783 0.9847106 
3.209462 -0.7584571 0.9990059 
3.309275 -0.4173927 1.038854 
3.354964 0.7642776 1.148608 
2.971035 0.5838621 1.127681 
2.241616 0.009569134 0.631593 
2.351707 0.03458707 0.761717 
2.211834 -0.4809933 0.5938098 
2.264648 -0.7200267 0.6934224 
2.529389 -0.7515326 0.8798014 
2.593702 -0.4870508 0.9097243 
2.616847 0.4265718 1.001636 
2.329546 0.3119144 0.7850239 
2.083899 -0.01833034 -0.001574429 
2.086954 -0.01667112 0.1655608 
2.0699 -0.4590592 -0.001346672 
2.035565 -0.6663127 0.1524654 
2.096856 -0.6850997 0.4444807 
2.139126 -0.4719656 0.4569683 
2.135963 0.2445795 0.4999878 
2.057746 0.2185612 0.1709547 
2.248285 0.01971772 -0.6346802 
2.169859 -0.0004941057 -0.4877872 
2.216941 -0.4713407 -0.5965992 
2.094782 -0.6905026 -0.4447592 
2.031517 -0.6718352 -0.152666 
2.075135 -0.4599356 -0.15793 
2.063985 0.2175176 -0.1728146 
2.142371 0.2457296 -0.5015869 
2.819852 0.1747387 -1.048914 
2.646234 0.1237916 -0.9750432 
2.764507 -0.4647684 -0.9807012 
2.532648 -0.7439015 -0.8820571 
2.266047 -0.7123086 -0.6956601 
2.319146 -0.4717086 -0.717977 
2.327698 0.3235326 -0.7869207 
2.614723 0.4390526 -1.003131 
3.586799 0.4454911 -1.085288 
3.39388 0.3712047 -1.116674 
3.498266 -0.370744 -1.009986 
3.214143 -0.7509215 -1.001151 
2.857299 -0.7597713 -0.9873793 
2.939435 -0.4500149 -1.023534 
2.96683 0.5934015 -1.126766 
3.350493 0.7729582 -1.147514 
4.209108 0.7144828 -0.6821083 
4.079504 0.6554364 -0.8175546 
4.074046 -0.2458272 -0.6297718 
3.813334 -0.6988449 -0.7238115 
3.540658 -0.7310874 -0.9104434 
3.663838 -0.3414186 -0.9488854 
3.718572 0.9560446 -1.04955 
4.030076 1.125937 -0.8409162 
4.439682 0.8325569 -0.1789122 
4.069947 -0.6279085 -0.1582581 
3.998809 -0.6646364 -0.4649345 
4.163613 -0.2185927 -0.4858472 
4.26512 1.254803 -0.5437285 
4.400165 1.334929 -0.1863156 
3.489994 2.555465 0.7256684 
3.570627 2.631215 0.5603579 
4.015449 1.67452 0.7155173 
4.240952 1.826532 0.1886103 
4.252014 1.835342 -0.002260835 
3.665995 2.724908 -0.0023215 
3.288548 3.104694 0.1930289 
3.209327 3.015995 0.56262 
3.003214 2.097161 1.167357 
3.140846 2.232095 1.095411 
3.425303 1.286215 1.139743 
3.893033 1.59344 0.857248 
3.053667 2.836857 0.8743032 
2.837246 2.592623 1.10068 
2.394308 1.513813 1.145675 
2.542485 1.654667 1.194262 
2.700033 0.8449385 1.105276 
3.244602 1.172132 1.174084 
2.5862 2.295031 1.214495 
2.312153 1.972288 1.206363 
1.916859 1.067627 0.6967905 
2.011307 1.151772 0.8393489 
2.149293 0.5417739 0.6677562 
2.535139 0.7494243 1.026992 
2.056469 1.670201 1.080316 
1.839578 1.412714 0.8516632 
1.75799 0.934287 -0.0009602397 
1.76173 0.9388937 0.1825403 
1.983029 0.4585891 -0.0007029681 
2.066711 0.5024294 0.5128733 
1.686051 1.237038 0.5444283 
1.610333 1.159037 0.1859859 
1.913672 1.075708 -0.6971672 
1.846423 1.008942 -0.5378687 
2.146136 0.5483113 -0.6679026 
1.992609 0.4622695 -0.1770805 
1.615946 1.16711 -0.1879861 
1.69037 1.244699 -0.546297 
2.382086 1.525339 -1.143128 
2.245363 1.395088 -1.066307 
2.6882 0.8561432 -1.102967 
2.250325 0.6087998 -0.8055494 
1.83458 1.419295 -0.8520983 
2.050898 1.676379 -1.080776 
2.985104 2.097979 -1.164659 
2.837101 1.960217 -1.201982 
3.407247 1.286417 -1.137336 
2.862487 0.9593527 -1.151422 
2.303666 1.976775 -1.20363 
2.576986 2.299142 -1.212194 
3.469448 2.547467 -0.727255 
3.373189 2.456916 -0.8708527 
3.995861 1.665765 -0.7171224 
3.578393 1.392099 -1.070018 
2.832312 2.594658 -1.099854 
3.048814 2.839345 -0.8741925 
3.649598 2.709949 -0.1949098 
4.098314 1.731537 -0.5557374 
3.202349 3.013641 -0.5630025 
3.284083 3.103078 -0.1938519 
1.90144 3.744477 0.7291461 
1.941664 3.835535 0.5625162 
2.757593 3.255626 0.7295872 
2.887393 3.432894 0.1932131 
2.89632 3.447309 -0.0007209724 
1.998513 3.962656 -0.0008534475 
1.506336 4.127887 0.1930607 
1.468846 4.013371 0.5624802 
1.651511 3.179427 1.180049 
1.725113 3.342051 1.103648 
2.391114 2.743339 1.178617 
2.684541 3.15089 0.8756734 
1.401565 3.798769 0.875019 
1.304652 3.500171 1.103327 
1.336681 2.468784 1.177555 
1.416699 2.645245 1.222256 
1.926334 2.075643 1.168667 
2.279316 2.581518 1.220195 
1.192554 3.153227 1.222905 
1.072515 2.784341 1.22309 
1.080875 1.879237 0.7255074 
1.134755 2.000025 0.8717713 
1.553196 1.529251 0.7163835 
1.818987 1.917354 1.090817 
0.9573008 2.431972 1.1021 
0.8596783 2.127335 0.8731316 
0.9838108 1.648279 0.0008744441 
0.9893565 1.657468 0.192044 
1.417871 1.342766 0.000726615 
1.493054 1.440706 0.5517735 
0.7867383 1.900945 0.5604466 
0.7483757 1.773423 0.1919537 
1.076335 1.876477 -0.7237713 
1.036874 1.785181 -0.5590202 
1.550362 1.526885 -0.7149206 
1.425859 1.358422 -0.1891409 
0.7472609 1.781846 -0.1926217 
0.7853795 1.907557 -0.5611759 
1.331686 2.4577 -1.176553 
1.258013 2.291204 -1.100029 
1.922824 2.065815 -1.167724 
1.623869 1.634552 -0.8605335 
0.8525152 2.12729 -0.8728132 
0.9507791 2.432019 -1.102223 
1.648687 3.17514 -1.180932 
1.569072 3.000189 -1.222456 
2.390177 2.74008 -1.179359 
2.036407 2.233034 -1.213157 
1.063233 2.783501 -1.221836 
1.183515 3.153766 -1.222084 
1.902669 3.748992 -0.7310223 
1.849563 3.634847 -0.8767874 
2.760121 3.260154 -0.7312567 
2.497344 2.895106 -1.104648 
1.298247 3.502758 -1.103599 
1.395219 3.802276 -0.8752999 
1.991098 3.949425 -0.1939439 
2.819142 3.342393 -0.5641927 
1.467083 4.015392 -0.5626609 
1.503876 4.129329 -0.193198 
-0.02096293 4.149142 0.7289895 
-0.02123383 4.249671 0.5623569 
0.9604715 4.045237 0.7289912 
1.006313 4.260979 0.1932399 
1.008404 4.276583 7.160728e-05 
-0.02221872 4.385348 1.59235e-05 
-0.5368973 4.342885 0.1930933 
-0.5246147 4.223893 0.5624369 
-0.02036336 3.530951 1.179562 
-0.01935096 3.708632 1.10302 
0.8324041 3.440737 1.179643 
0.9360882 3.92204 0.8749 
-0.4987251 3.999397 0.8749432 
-0.4661936 3.687394 1.103278 
-0.02074295 2.769766 1.180015 
-0.01881765 2.957308 1.223025 
0.6734983 2.69835 1.180551 
0.7952161 3.257547 1.222748 
-0.4275778 3.325506 1.222787 
-0.386926 2.939568 1.2228 
-0.02061505 2.146372 0.7287378 
-0.01883648 2.275964 0.8750997 
0.5443581 2.087027 0.7285461 
0.6376488 2.523479 1.104028 
-0.3483341 2.570273 1.102114 
-0.3149166 2.252969 0.8730481 
-0.02046546 1.887613 0.0004671015 
-0.01918201 1.90688 0.193271 
0.4931026 1.833295 8.983386e-05 
0.5232464 1.982668 0.5621341 
-0.2925652 2.017458 0.5613117 
-0.2785158 1.884713 0.1926516 
-0.02244012 2.142325 -0.7279314 
-0.02252468 2.036382 -0.561707 
0.5433017 2.084813 -0.7280829 
0.4947661 1.852476 -0.1930212 
-0.281991 1.884073 -0.1919379 
-0.2956933 2.017136 -0.560577 
-0.02215766 2.771039 -1.180313 
-0.02306969 2.591865 -1.103688 
0.6722605 2.700729 -1.180595 
0.5681049 2.212274 -0.8746684 
-0.3230556 2.255749 -0.8740189 
-0.3560585 2.573228 -1.103046 
-0.02252588 3.534172 -1.180385 
-0.02414956 3.346347 -1.223314 
0.8302475 3.445194 -1.180178 
0.7097386 2.884803 -1.223671 
-0.394917 2.937358 -1.222691 
-0.4354293 3.322889 -1.222637 
-0.02294349 4.149908 -0.7291578 
-0.02477548 4.023834 -0.874964 
0.9584703 4.046634 -0.729037 
0.8660522 3.618218 -1.103454 
-0.4726829 3.686318 -1.103174 
-0.5057132 3.998111 -0.8748415 
-0.02349526 4.369754 -0.1930983 
0.9793444 4.144115 -0.5622351 
-0.5270498 4.22358 -0.5624283 
-0.5397347 4.342696 -0.1931122 
-1.940956 3.743665 0.7291026 
-1.981328 3.834119 0.5621648 
-1.003019 4.048024 0.7293893 
-1.047526 4.262126 0.193075 
-1.052081 4.277218 -1.625742e-05 
-2.036507 3.957237 -0.0002104643 
-2.492503 3.710186 0.1933946 
-2.431724 3.606205 0.562835 
-1.691397 3.182358 1.180548 
-1.762574 3.345116 1.104018 
-0.8755068 3.445881 1.180733 
-0.9750986 3.925463 0.875263 
-2.317693 3.412238 0.8755345 
-2.159606 3.139792 1.103594 
-1.378479 2.473457 1.178537 
-1.455419 2.654037 1.222902 
-0.7152712 2.692821 1.179451 
-0.8350821 3.263424 1.223658 
-1.97474 2.818838 1.221339 
-1.777637 2.476618 1.2197 
-1.112226 1.849173 0.7201873 
-1.165184 1.978203 0.8667125 
-0.5830826 2.061758 0.7251902 
-0.6755586 2.511845 1.10165 
-1.590578 2.135798 1.096912 
-1.422153 1.825471 0.8631333 
-1.008962 1.597584 2.602948e-05 
-1.01498 1.61632 0.1909329 
-0.5305578 1.806567 -0.0002171423 
-0.5613884 1.956428 0.55998 
-1.299682 1.600072 0.5528675 
-1.234022 1.474544 0.1899842 
-1.11392 1.854473 -0.7208942 
-1.069766 1.747515 -0.5547466 
-0.5855194 2.068608 -0.726334 
-0.5359526 1.825198 -0.1918326 
-1.238971 1.46938 -0.1885645 
-1.305575 1.595911 -0.5514674 
-1.380109 2.474202 -1.178672 
-1.306353 2.302328 -1.101043 
-0.7183783 2.694336 -1.179623 
-0.6155163 2.20083 -0.8736731 
-1.427061 1.824743 -0.8638803 
-1.596178 2.134921 -1.097461 
-1.691132 3.17695 -1.17963 
-1.616354 3.004487 -1.222551 
-0.8764155 3.440994 -1.179574 
-0.758912 2.877561 -1.222688 
-1.786498 2.474767 -1.221245 
-1.983425 2.816425 -1.222358 
-1.941103 3.74075 -0.7289928 
-1.891745 3.625525 -0.874956 
-1.004071 4.045825 -0.7289994 
-0.9141717 3.614833 -1.10304 
-2.166013 3.136258 -1.103721 
-2.323511 3.408195 -0.8750587 
-2.031088 3.9422 -0.193433 
-1.024696 4.144324 -0.5623924 
-2.433623 3.603503 -0.5626373 
-2.493532 3.707701 -0.1929031 
-3.550478 2.58517 0.7338967 
-3.630472 2.655702 0.5672604 
-2.806734 3.247631 0.7326521 
-2.941936 3.42737 0.1958675 
-2.951035 3.438477 0.002800669 
-3.733024 2.744112 0.002698846 
-4.016714 2.335504 0.1926021 
-3.918551 2.263494 0.5610522 
-3.062231 2.137527 1.176495 
-3.205053 2.270706 1.103737 
-2.431768 2.735682 1.179775 
-2.731101 3.145661 0.8782576 
-3.727843 2.118868 0.8711893 
-3.460346 1.9131 1.094101 
-2.450542 1.554827 1.157143 
-2.600612 1.700411 1.204342 
-1.965297 2.086382 1.171063 
-2.317495 2.578381 1.220678 
-3.142263 1.663372 1.204441 
-2.80395 1.390426 1.192524 
-1.955113 1.057863 0.7004284 
-2.058761 1.162035 0.8459263 
-1.57733 1.5097 0.7120819 
-1.856725 1.927272 1.092777 
-2.488208 1.129728 1.067019 
-2.217281 0.900295 0.8370283 
-1.74886 0.8675793 -0.0007369336 
-1.760118 0.8826075 0.1846852 
-1.423229 1.278035 -0.0005960206 
-1.510374 1.414394 0.548848 
-2.009911 0.736657 0.5332016 
-1.891683 0.6546737 0.1832689 
-1.962659 1.053928 -0.7021019 
-1.876607 0.9715098 -0.5395402 
-1.585534 1.50656 -0.7138491 
-1.437392 1.290102 -0.1880227 
-1.896639 0.6475565 -0.1823568 
-2.015431 0.7291528 -0.532286 
-2.462804 1.556109 -1.159826 
-2.316992 1.41168 -1.079189 
-1.978558 2.088342 -1.174014 
-1.664521 1.626162 -0.8601879 
-2.217098 0.8926141 -0.8354901 
-2.48874 1.122092 -1.065479 
-3.075911 2.140967 -1.177521 
-2.926858 2.001664 -1.217877 
-2.446457 2.739348 -1.180809 
-2.095389 2.25443 -1.220356 
-2.810387 1.386847 -1.193879 
-3.149037 1.660518 -1.205594 
-3.557457 2.583391 -0.7304773 
-3.460868 2.493493 -0.8770977 
-2.814448 3.245841 -0.729105 
-2.5529 2.886027 -1.105206 
-3.463163 1.909529 -1.094754 
-3.730322 2.115283 -0.8713665 
-3.722737 2.731663 -0.1922466 
-2.872558 3.326202 -0.5626553 
-3.920884 2.262956 -0.5619726 
-4.017768 2.334599 -0.1932492 
-4.195782 0.8769816 0.6787854 
-4.289058 0.9213274 0.5240914 
-4.026302 1.77601 0.7142514 
-4.219426 1.89953 0.1883949 
-4.232342 1.909364 -0.001430435 
-4.415827 0.9872715 -0.001373535 
-4.382923 0.5129193 0.1728373 
-4.273116 0.4641565 0.5065808 
-3.624393 0.6014208 1.092986 
-3.791176 0.68058 1.024827 
-3.472958 1.411814 1.147868 
-3.916195 1.70372 0.8571605 
-4.066292 0.3810408 0.7884707 
-3.781247 0.2648062 0.9926425 
-2.8988 0.261215 1.075567 
-3.075019 0.3451529 1.119562 
-2.77305 0.9346219 1.1269 
-3.300321 1.297447 1.18571 
-3.441362 0.1332392 1.09609 
-3.075501 -0.004152823 1.087751 
-2.322504 -0.008605281 0.6544408 
-2.440668 0.04515117 0.7888091 
-2.210381 0.5384551 0.6823183 
-2.611327 0.8212745 1.049633 
-2.734043 -0.1307007 0.9749307 
-2.447251 -0.2344798 0.7687423 
-2.070422 -0.09056643 0.0002969543 
-2.087667 -0.0836549 0.172625 
-1.968102 0.3992713 0.0005603903 
-2.109597 0.4783137 0.5247523 
-2.230551 -0.3005253 0.4913284 
-2.099998 -0.3238936 0.1687856 
-2.320208 -0.01422135 -0.6530559 
-2.218753 -0.05166574 -0.5030202 
-2.208107 0.5324692 -0.6805734 
-1.986227 0.4040804 -0.1791689 
-2.099286 -0.3288951 -0.167976 
-2.228375 -0.3061185 -0.4906436 
-2.896314 0.2523792 -1.073864 
-2.729603 0.1726081 -0.9999688 
-2.770109 0.9260002 -1.125394 
-2.322597 0.6109248 -0.82087 
-2.44817 -0.2417729 -0.7666906 
-2.733958 -0.1387162 -0.9730965 
-3.623329 0.5965015 -1.092998 
-3.446469 0.5099278 -1.128815 
-3.471698 1.407103 -1.148183 
-2.943501 1.044584 -1.173147 
-3.073551 -0.01206051 -1.085953 
-3.439131 0.1257565 -1.094706 
-4.197518 0.8787703 -0.6807852 
-4.082387 0.8207815 -0.816309 
-4.02771 1.777424 -0.7163179 
-3.632936 1.516182 -1.077987 
-3.779757 0.2598393 -0.9935656 
-4.065729 0.3769198 -0.790021 
-4.404297 0.9809386 -0.1818009 
-4.118631 1.836476 -0.5544771 
-4.270095 0.4657903 -0.5094718 
-4.381725 0.5145963 -0.1760354 
-3.738664 -0.8188376 0.5791086 
-3.811479 -0.8059473 0.4453109 
-4.090114 -0.004485004 0.6317958 
-4.279345 0.06532525 0.165326 
-4.288905 0.07144636 -0.002600599 
-3.897157 -0.780483 -0.002631613 
-3.649578 -1.170321 0.1456985 
-3.578029 -1.183089 0.4275399 
-3.266557 -0.8823308 0.9449935 
-3.402533 -0.866003 0.8819967 
-3.547965 -0.1790711 1.023164 
-3.979022 -0.04056548 0.7592939 
-3.425077 -1.190281 0.6687449 
-3.204241 -1.196339 0.8475115 
-2.656709 -0.941675 0.9466581 
-2.808247 -0.928834 0.9814643 
-2.853434 -0.3791291 1.013388 
-3.377969 -0.2298887 1.0594 
-2.943353 -1.197391 0.9440649 
-2.658439 -1.194685 0.9474373 
-2.152026 -0.9654991 0.5836025 
-2.254006 -0.9620793 0.7006455 
-2.297765 -0.5210628 0.6210386 
-2.690552 -0.4222712 0.9453665 
-2.38434 -1.185974 0.8562815 
-2.145086 -1.170748 0.6792651 
-1.936594 -0.9445097 0.001667309 
-1.955082 -0.9458487 0.1554559 
-2.054028 -0.5472883 0.001662741 
-2.200557 -0.5357907 0.4784032 
-1.969762 -1.150416 0.436347 
-1.868173 -1.125522 0.1500743 
-2.146207 -0.9688136 -0.5810218 
-2.058496 -0.9630357 -0.4479845 
-2.292717 -0.5247915 -0.6184767 
-2.07002 -0.5486286 -0.162489 
-1.864585 -1.127356 -0.149436 
-1.964919 -1.151699 -0.4358304 
-2.645924 -0.9475539 -0.9447247 
-2.506379 -0.9578689 -0.8829337 
-2.843636 -0.3846135 -1.011559 
-2.409193 -0.4997754 -0.744436 
-2.144706 -1.175886 -0.6773441 
-2.382859 -1.190911 -0.8545607 
-3.252009 -0.888711 -0.9449427 
-3.104527 -0.9068804 -0.9783445 
-3.534451 -0.1846382 -1.023125 
-3.013527 -0.3381828 -1.050901 
-2.652155 -1.200987 -0.9452545 
-2.936815 -1.203824 -0.9421501 
-3.726324 -0.8227217 -0.5827091 
-3.633638 -0.8399919 -0.6992972 
-4.07808 -0.007357342 -0.6352879 
-3.695333 -0.1363625 -0.958693 
-3.201132 -1.202303 -0.8487661 
-3.422751 -1.196672 -0.6704906 
-3.883785 -0.7846457 -0.1563133 
-4.165577 0.02514965 -0.4912698 
-3.574968 -1.185642 -0.4303358 
-3.648343 -1.173066 -0.1487961 
-2.796143 -2.068894 0.5019105 
-2.845589 -2.087398 0.3852891 
-3.284481 -1.512805 0.5354127 
-3.410328 -1.511727 0.1405056 
-3.420794 -1.512815 -0.0008814286 
-2.916701 -2.112876 -0.0008838056 
-2.646667 -2.373548 0.1294941 
-2.589178 -2.340752 0.3776724 
-2.465175 -1.938091 0.8248549 
-2.562266 -1.975153 0.7670113 
-2.886261 -1.474856 0.8770181 
-3.205252 -1.505304 0.6438468 
-2.482978 -2.275676 0.5907047 
-2.328976 -2.185191 0.7500763 
-2.041263 -1.772678 0.8409727 
-2.148242 -1.812501 0.8672241 
-2.37196 -1.411077 0.8871686 
-2.76209 -1.459786 0.9115433 
-2.149138 -2.082234 0.8393577 
-1.955735 -1.973816 0.8484883 
-1.683046 -1.624378 0.5271477 
-1.759105 -1.655165 0.6310352 
-1.937527 -1.336119 0.5508603 
-2.249211 -1.391546 0.831161 
-1.769885 -1.872652 0.773449 
-1.606836 -1.780684 0.6188343 
-1.530647 -1.5396 0.0001138659 
-1.544159 -1.54695 0.1400605 
-1.755122 -1.275806 -8.600717e-05 
-1.863616 -1.315268 0.4248198 
-1.484739 -1.70865 0.4001554 
-1.415877 -1.658807 0.1376022 
-1.679273 -1.621066 -0.5262202 
-1.618735 -1.589694 -0.4068232 
-1.934976 -1.333502 -0.5502275 
-1.768183 -1.281214 -0.1462029 
-1.412564 -1.658266 -0.1371623 
-1.481966 -1.707205 -0.3997149 
-2.03542 -1.768671 -0.8398501 
-1.934415 -1.729282 -0.7874733 
-2.368028 -1.407456 -0.8859342 
-2.025576 -1.352782 -0.6591537 
-1.60241 -1.782917 -0.6174028 
-1.765923 -1.874429 -0.7719493 
-2.460935 -1.935087 -0.8248985 
-2.356483 -1.896771 -0.8575095 
-2.883828 -1.471945 -0.8767694 
-2.496512 -1.427407 -0.9155635 
-1.950787 -1.978592 -0.8485556 
-2.14474 -2.087699 -0.8391325 
-2.796301 -2.069009 -0.5031469 
-2.726777 -2.044345 -0.6051003 
-3.28562 -1.512721 -0.5365608 
-3.001123 -1.48718 -0.8177147 
-2.326412 -2.191596 -0.7516046 
-2.480083 -2.282789 -0.5918137 
-2.909134 -2.113091 -0.1337139 
-3.346706 -1.516889 -0.4132412 
-2.591189 -2.344975 -0.3784357 
-2.647455 -2.377734 -0.1300633 
-1.804799 -2.957624 0.4845209 
-1.842874 -3.009949 0.3736188 
-2.298564 -2.547419 0.4862325 
-2.397774 -2.628448 0.1297576 
-2.405091 -2.634896 0.002090704 
-1.894741 -3.080544 0.002205931 
-1.612638 -3.252463 0.128322 
-1.57285 -3.183861 0.3730649 
-1.571761 -2.642886 0.7850845 
-1.639021 -2.729493 0.7322126 
-2.019456 -2.322664 0.7942761 
-2.242821 -2.499468 0.5834393 
-1.499665 -3.054491 0.5805224 
-1.395991 -2.874789 0.7317086 
-1.294148 -2.293797 0.7952512 
-1.364222 -2.376385 0.8206215 
-1.67507 -2.06256 0.8097732 
-1.936806 -2.256946 0.8261448 
-1.278261 -2.676766 0.8135127 
-1.156523 -2.47868 0.8176702 
-1.070008 -2.027406 0.4993505 
-1.11852 -2.0818 0.5973276 
-1.388227 -1.851102 0.5092859 
-1.59539 -2.002717 0.7609627 
-1.040975 -2.300724 0.7430006 
-0.9442144 -2.153252 0.5940084 
-0.9791278 -1.908899 -0.0006124122 
-0.9877707 -1.919057 0.1329282 
-1.269951 -1.748855 -0.0006817247 
-1.340736 -1.811716 0.3941275 
-0.8708322 -2.045194 0.3842624 
-0.8319441 -1.981314 0.1325208 
-1.072272 -2.025847 -0.5009125 
-1.033426 -1.978011 -0.3868767 
-1.3907 -1.8505 -0.5107844 
-1.278289 -1.756909 -0.1359213 
-0.8285415 -1.978763 -0.1316787 
-0.8684916 -2.043335 -0.3835018 
-1.299713 -2.293803 -0.7971795 
-1.232611 -2.215036 -0.7474852 
-1.680862 -2.063471 -0.811395 
-1.449581 -1.895805 -0.6096591 
-0.9398649 -2.155453 -0.593857 
-1.037227 -2.302803 -0.742752 
-1.579526 -2.647843 -0.7857285 
-1.507893 -2.558199 -0.8165308 
-2.027315 -2.328735 -0.7948685 
-1.764894 -2.128676 -0.8364635 
-1.1524 -2.484397 -0.8190354 
-1.274128 -2.682322 -0.8143839 
-1.80977 -2.962744 -0.4819801 
-1.760733 -2.898934 -0.5796833 
-2.303805 -2.553583 -0.4839287 
-2.105822 -2.393828 -0.7403709 
-1.392948 -2.877686 -0.7322401 
-1.495804 -3.05706 -0.5805038 
-1.888797 -3.07453 -0.1261325 
-2.346928 -2.589274 -0.3720171 
-1.572315 -3.185515 -0.3728087 
-1.611268 -3.254035 -0.1278313 
-0.6248745 -3.478556 0.4838093 
-0.6385996 -3.544059 0.3732152 
-1.248658 -3.274116 0.4836997 
-1.308414 -3.408275 0.1279676 
-1.311493 -3.417293 5.891375e-05 
-0.6560916 -3.630836 0.0001986643 
-0.317118 -3.67631 0.1281999 
-0.3089294 -3.597251 0.3731984 
-0.5391043 -3.074651 0.7824246 
-0.5644171 -3.191863 0.7319226 
-1.080977 -2.897166 0.7823717 
-1.215554 -3.19731 0.5803412 
-0.2945742 -3.447891 0.5806354 
-0.2727799 -3.240536 0.7320473 
-0.4349594 -2.585837 0.7836856 
-0.460723 -2.702168 0.8110808 
-0.8818135 -2.46689 0.7878681 
-1.031936 -2.786703 0.8114128 
-0.2476491 -2.99618 0.8108644 
-0.2207036 -2.739325 0.8107422 
-0.3532075 -2.219882 0.4881033 
-0.3704544 -2.292352 0.5841998 
-0.7241157 -2.147715 0.4933187 
-0.8365424 -2.372887 0.7386971 
-0.1953895 -2.506885 0.7330806 
-0.1744514 -2.314483 0.5832925 
-0.3210942 -2.080604 -4.448683e-05 
-0.3244445 -2.090869 0.1298566 
-0.6610439 -2.019736 0.0001028177 
-0.6982084 -2.095479 0.3815479 
-0.1581375 -2.1795 0.3761478 
-0.15021 -2.107324 0.1295534 
-0.3529599 -2.224501 -0.4887034 
-0.3392214 -2.162324 -0.3768987 
-0.7232559 -2.152574 -0.4936148 
-0.6644354 -2.028123 -0.1307202 
-0.1481672 -2.103819 -0.1291275 
-0.1562139 -2.176763 -0.375755 
-0.4337282 -2.592 -0.7844616 
-0.4095999 -2.483639 -0.7345245 
-0.8798965 -2.473539 -0.7884993 
-0.7543018 -2.217782 -0.5902776 
-0.1706121 -2.316473 -0.5834643 
-0.1913551 -2.508644 -0.7331821 
-0.535849 -3.075081 -0.7820231 
-0.5097602 -2.95609 -0.8111906 
-1.077197 -2.898447 -0.7821344 
-0.9270149 -2.576423 -0.815376 
-0.2154414 -2.742586 -0.8114046 
-0.2421797 -2.998867 -0.8113781 
-0.6216161 -3.475218 -0.4829888 
-0.6029748 -3.392636 -0.5796279 
-1.245215 -3.271433 -0.4831713 
-1.124018 -3.002272 -0.7306505 
-0.2677937 -3.239396 -0.7317477 
-0.2895915 -3.446423 -0.5803119 
-0.6532892 -3.621165 -0.1280333 
-1.273242 -3.333653 -0.372942 
-0.30703 -3.597205 -0.373184 
-0.3154981 -3.67663 -0.1282067 
0.6774298 -3.47968 0.4838448 
0.6916829 -3.545478 0.3733661 
0.02521942 -3.547426 0.4837105 
0.02531969 -3.694736 0.1281626 
0.02612449 -3.704937 -1.20102e-05 
0.710959 -3.633447 7.663308e-05 
1.038582 -3.533616 0.1281406 
1.01402 -3.457898 0.3730674 
0.5909516 -3.076488 0.7825492 
0.6153833 -3.193358 0.7319508 
0.02434207 -3.135853 0.7824912 
0.02416158 -3.464164 0.5805534 
0.966179 -3.315274 0.5804384 
0.9021542 -3.117798 0.7319672 
0.4848229 -2.578115 0.782358 
0.509712 -2.698975 0.8105541 
0.02434086 -2.626145 0.7822527 
0.02340228 -3.00993 0.8108138 
0.8262118 -2.88565 0.8112623 
0.7468473 -2.641161 0.8113257 
0.4022232 -2.202835 0.4863175 
0.418156 -2.275899 0.58241 
0.02512485 -2.240834 0.4862528 
0.02425913 -2.512144 0.7321193 
0.6735091 -2.417778 0.7332605 
0.61089 -2.235138 0.583751 
0.3723102 -2.070679 -0.0001510653 
0.3735567 -2.079199 0.1288312 
0.0263065 -2.09822 5.761629e-05 
0.0255912 -2.180053 0.3752215 
0.567296 -2.109383 0.3759468 
0.5442094 -2.047802 0.1292105 
0.4041863 -2.201987 -0.4864655 
0.390415 -2.142768 -0.3754826 
0.02721028 -2.239371 -0.4861501 
0.02692904 -2.104959 -0.1288845 
0.5456967 -2.04668 -0.1296679 
0.5686981 -2.106931 -0.3763824 
0.4888604 -2.576961 -0.7822323 
0.4646523 -2.466232 -0.7321069 
0.02816424 -2.625212 -0.7821907 
0.02817332 -2.316284 -0.5822073 
0.6148094 -2.233536 -0.5834609 
0.6771401 -2.415622 -0.7329943 
0.59455 -3.076008 -0.782478 
0.5694106 -2.952704 -0.8108057 
0.02776502 -3.135959 -0.7825819 
0.02912688 -2.749043 -0.8104545 
0.7523016 -2.638174 -0.8108819 
0.8317989 -2.883915 -0.8110868 
0.678991 -3.479906 -0.4838191 
0.6626493 -3.39814 -0.5806445 
0.02681319 -3.548082 -0.4838298 
0.02794542 -3.255427 -0.7319908 
0.9062344 -3.115937 -0.731889 
0.9706694 -3.314422 -0.5806092 
0.7096661 -3.623352 -0.1280724 
0.02650244 -3.615299 -0.3733336 
1.016008 -3.45818 -0.3731491 
1.040401 -3.533521 -0.128249 
1.860262 -2.937347 0.4820243 
1.89924 -2.990259 0.3717097 
1.294751 -3.270057 0.4821545 
1.354188 -3.403978 0.1273428 
1.359199 -3.413358 -0.0008980593 
1.954408 -3.065269 -0.0006859879 
2.219794 -2.853019 0.1280297 
2.167697 -2.793789 0.3731389 
1.623622 -2.619769 0.7826791 
1.690647 -2.709733 0.7310189 
1.130211 -2.900879 0.7820957 
1.259955 -3.194712 0.579088 
2.06678 -2.687905 0.5816718 
1.931718 -2.540958 0.734884 
1.334189 -2.239699 0.7879108 
1.403704 -2.330192 0.8147941 
0.9269696 -2.449629 0.7841323 
1.078653 -2.787499 0.8108885 
1.770416 -2.374696 0.8159164 
1.603437 -2.198824 0.819328 
1.105255 -1.963656 0.493647 
1.150586 -2.01778 0.5900622 
0.7653787 -2.110414 0.4890177 
0.8796747 -2.348602 0.7342809 
1.447119 -2.038078 0.7428952 
1.314911 -1.914049 0.5939695 
1.019034 -1.867056 0.0002592702 
1.024045 -1.873173 0.1309259 
0.7061954 -1.993915 0.0003678745 
0.7394878 -2.058041 0.3771462 
1.224073 -1.831856 0.3837047 
1.174412 -1.790094 0.1316766 
1.105632 -1.956137 -0.4927686 
1.069125 -1.916979 -0.3811992 
0.765776 -2.102973 -0.4878955 
0.7107118 -2.000352 -0.1296784 
1.173628 -1.787285 -0.1325548 
1.222528 -1.828645 -0.3844646 
1.334019 -2.228508 -0.7869285 
1.268329 -2.146207 -0.7377247 
0.9257845 -2.439246 -0.7828854 
0.7992817 -2.168843 -0.5839689 
1.319712 -1.915859 -0.5939655 
1.450306 -2.040074 -0.7428068 
1.624817 -2.614398 -0.7828716 
1.553883 -2.517048 -0.811731 
1.130403 -2.896729 -0.78232 
0.9768584 -2.549209 -0.8105563 
1.609182 -2.192939 -0.8189592 
1.775861 -2.368999 -0.8160883 
1.86293 -2.937866 -0.4832657 
1.81525 -2.871168 -0.579705 
1.297406 -3.271616 -0.4837692 
1.178636 -3.004206 -0.7314086 
1.934073 -2.537221 -0.7336854 
2.070488 -2.684293 -0.5813366 
1.949358 -3.057165 -0.1281509 
1.324626 -3.333374 -0.3731342 
2.165384 -2.788692 -0.373053 
2.218802 -2.847826 -0.1283007 
2.809474 -2.126941 0.4955928 
2.859067 -2.151252 0.3809035 
2.368006 -2.554708 0.4853335 
2.465852 -2.644774 0.1270571 
2.470945 -2.645614 -0.002166092 
2.916167 -2.166544 -0.002084849 
3.136486 -1.906098 0.1354939 
3.079426 -1.898726 0.3926 
2.474251 -1.956623 0.8133863 
2.571232 -2.008715 0.7583776 
2.0753 -2.300554 0.7926615 
2.305502 -2.503805 0.5838915 
2.950893 -1.86338 0.612851 
2.765537 -1.798957 0.7771779 
2.035241 -1.720933 0.8211644 
2.141123 -1.783988 0.8481694 
1.706342 -1.989122 0.7996825 
1.980947 -2.225073 0.821992 
2.540569 -1.71779 0.862065 
2.295771 -1.620902 0.8647587 
1.687184 -1.513447 0.5159298 
1.754996 -1.552683 0.6160932 
1.414132 -1.76033 0.5021303 
1.620429 -1.917469 0.7497745 
2.070255 -1.51482 0.7837908 
1.877782 -1.414729 0.6260587 
1.569131 -1.462918 0.000313289 
1.577933 -1.466989 0.1370339 
1.309846 -1.689417 0.0001488058 
1.370378 -1.731029 0.3878283 
1.755317 -1.350429 0.4052861 
1.694696 -1.331845 0.1390179 
1.683825 -1.517767 -0.5147467 
1.631696 -1.487289 -0.3984027 
1.412087 -1.765239 -0.5010514 
1.315268 -1.691479 -0.1336958 
1.687626 -1.332546 -0.1391576 
1.748652 -1.353289 -0.4054632 
2.028083 -1.727323 -0.8193203 
1.929953 -1.670049 -0.7688709 
1.700167 -1.997459 -0.7975643 
1.473766 -1.813154 -0.5990906 
1.882461 -1.415908 -0.6273076 
2.074939 -1.517189 -0.7850738 
2.463826 -1.955223 -0.8124846 
2.360119 -1.898121 -0.8433609 
2.06572 -2.300934 -0.7915744 
1.79352 -2.067461 -0.824531 
2.303622 -1.614462 -0.8668996 
2.548121 -1.710577 -0.8642572 
2.800734 -2.121096 -0.4977501 
2.735307 -2.088719 -0.5972357 
2.359959 -2.550111 -0.4876003 
2.151739 -2.3714 -0.7377869 
2.770448 -1.79412 -0.7755372 
2.955081 -1.857143 -0.6113026 
2.90649 -2.161009 -0.1327071 
2.405102 -2.587844 -0.375439 
3.073505 -1.891473 -0.3905845 
3.131178 -1.897669 -0.1335161 
3.729589 -1.037559 0.5794636 
3.8011 -1.028397 0.4479104 
3.266246 -1.62472 0.529461 
3.388897 -1.630118 0.1423264 
3.393981 -1.624366 0.002768513 
3.873286 -0.9978148 0.002670659 
3.229385 -1.044146 0.9314256 
3.378435 -1.050506 0.8733239 
2.856345 -1.541404 0.8595545 
3.184714 -1.615011 0.6353368 
2.580882 -0.9948903 0.9126837 
2.739538 -1.016156 0.9493958 
2.324235 -1.393935 0.8574549 
2.726319 -1.512905 0.888593 
2.095604 -0.8903834 0.5608441 
2.188871 -0.9168721 0.6732144 
1.915983 -1.225646 0.5346372 
2.204603 -1.350561 0.8026044 
1.966087 -0.8508011 6.001594e-05 
1.974741 -0.8477198 0.1489545 
1.791875 -1.184847 -8.746458e-05 
1.862998 -1.199902 0.4134787 
2.098877 -0.8985372 -0.5621893 
2.029253 -0.8815715 -0.4325472 
1.919868 -1.233604 -0.5361679 
1.794136 -1.188911 -0.1419196 
2.593975 -1.002135 -0.9160134 
2.445612 -0.9748495 -0.8541998 
2.339952 -1.401048 -0.8609344 
2.003464 -1.264299 -0.6421218 
3.24383 -1.052194 -0.9327512 
3.085061 -1.043895 -0.9635726 
2.873934 -1.548349 -0.8607925 
2.472177 -1.438666 -0.8925486 
3.733566 -1.042974 -0.5761936 
3.638611 -1.048479 -0.6920608 
3.270685 -1.628688 -0.5258939 
2.992998 -1.574311 -0.8022761 
3.863859 -1.002988 -0.1504186 
3.322798 -1.631923 -0.403473 
3 600 601 602 
3 603 604 605 
3 606 607 608 
3 609 610 611 
3 612 613 614 
3 615 616 617 
3 618 619 620 
3 621 622 623 
3 624 625 626 
3 627 628 629 
3 630 631 632 
3 633 634 635 
3 636 637 638 
3 639 640 641 
3 642 643 644 
3 645 646 647 
3 648 649 650 
3 651 652 653 
3 654 655 656 
3 657 658 659 
3 660 661 662 
3 663 664 665 
3 666 667 668 
3 669 670 671 
3 672 673 674 
3 675 676 677 
3 678 679 680 
3 681 682 683 
3 684 685 686 
3 687 688 689 
3 690 691 692 
3 693 694 695 
3 696 697 698 
3 699 700 701 
3 702 703 704 
3 705 706 707 
3 708 709 710 
3 711 712 713 
3 714 715 716 
3 717 718 719 
3 720 721 722 
3 723 724 725 
3 726 727 728 
3 729 730 731 
3 732 733 734 
3 735 736 737 
3 738 739 740 
3 741 742 743 
3 744 745 746 
3 747 748 749 
3 750 751 752 
3 753 754 755 
3 756 757 758 
3 759 760 761 
3 762 763 764 
3 765 766 767 
3 768 769 770 
3 771 772 773 
3 774 775 776 
3 777 778 779 
3 780 781 782 
3 783 784 785 
3 786 787 788 
3 789 790 791 
3 792 793 794 
3 795 796 797 
3 798 799 800 
3 801 802 803 
3 804 805 806 
3 807 808 809 
3 810 811 812 
3 813 814 815 
3 816 817 818 
3 819 820 821 
3 822 823 824 
3 825 826 827 
3 828 829 830 
3 831 832 833 
3 834 835 836 
3 837 838 839 
3 840 841 842 
3 843 844 845 
3 846 847 848 
3 849 850 851 
3 852 853 854 
3 855 856 857 
3 858 859 860 
3 861 862 863 
3 864 865 866 
3 867 868 869 
3 870 871 872 
3 873 874 875 
3 876 877 878 
3 879 880 881 
3 882 883 884 
3 885 886 887 
3 888 889 890 
3 891 892 893 
3 894 895 896 
3 897 898 899 
3 900 901 902 
3 903 904 905 
3 906 907 908 
3 909 910 911 
3 912 913 914 
3 915 916 917 
3 918 919 920 
3 921 922 923 
3 924 925 926 
3 927 928 929 
3 930 931 932 
3 933 934 935 
3 936 937 938 
3 939 940 941 
3 942 943 944 
3 945 946 947 
3 948 949 950 
3 951 952 953 
3 954 955 956 
3 957 958 959 
3 960 961 962 
3 963 964 965 
3 966 967 968 
3 969 970 971 
3 972 973 974 
3 975 976 977 
3 978 979 980 
3 981 982 983 
3 984 985 986 
3 987 988 989 
3 990 991 992 
3 993 994 995 
3 996 997 998 
3 999 1000 1001 
3 1002 1003 1004 
3 1005 1006 1007 
3 1008 1009 1010 
3 1011 1012 1013 
3 1014 1015 1016 
3 1017 1018 1019 
3 1020 1021 1022 
3 1023 1024 1025 
3 1026 1027 1028 
3 1029 1030 1031 
3 1032 1033 1034 
3 1035 1036 1037 
3 1038 1039 1040 
3 1041 1042 1043 
3 1044 1045 1046 
3 1047 1048 1049 
3 1050 1051 1052 
3 1053 1054 1055 
3 1056 1057 1058 
3 1059 1060 1061 
3 1062 1063 1064 
3 1065 1066 1067 
3 1068 1069 1070 
3 1071 1072 1073 
3 1074 1075 1076 
3 1077 1078 1079 
3 1080 1081 1082 
3 1083 1084 1085 
3 1086 1087 1088 
3 1089 1090 1091 
3 1092 1093 1094 
3 1095 1096 1097 
3 1098 1099 1100 
3 1101 1102 1103 
3 1104 1105 1106 
3 1107 1108 1109 
3 1110 1111 1112 
3 1113 1114 1115 
3 1116 1117 1118 
3 1119 1120 1121 
3 1122 1123 1124 
3 1125 1126 1127 
3 1128 1129 1130 
3 1131 1132 1133 
3 1134 1135 1136 
3 1137 1138 1139 
3 1140 1141 1142 
3 1143 1144 1145 
3 1146 1147 1148 
3 1149 1150 1151 
3 1152 1153 1154 
3 1155 1156 1157 
3 1158 1159 1160 
3 1161 1162 1163 
3 1164 1165 1166 
3 1167 1168 1169 
3 1170 1171 1172 
3 1173 1174 1175 
3 1176 1177 1178 
3 1179 1180 1181 
3 1182 1183 1184 
3 1185 1186 1187 
3 1188 1189 1190 
3 1191 1192 1193 
3 1194 1195 1196 
3 1197 1198 1199 
3 1200 1201 1202 
3 1203 1204 1205 
3 1206 1207 1208 
3 1209 1210 1211 
3 1212 1213 1214 
3 1215 1216 1217 
3 1218 1219 1220 
3 1221 1222 1223 
3 1224 1225 1226 
3 1227 1228 1229 
3 1230 1231 1232 
3 1233 1234 1235 
3 1236 1237 1238 
3 1239 1240 1241 
3 1242 1243 1244 
3 1245 1246 1247 
3 1248 1249 1250 
3 1251 1252 1253 
3 1254 1255 1256 
3 1257 1258 1259 
3 1260 1261 1262 
3 1263 1264 1265 
3 1266 1267 1268 
3 1269 1270 1271 
3 1272 1273 1274 
3 1275 1276 1277 
3 1278 1279 1280 
3 1281 1282 1283 
3 1284 1285 1286 
3 1287 1288 1289 
3 1290 1291 1292 
3 1293 1294 1295 
3 1296 1297 1298 
3 1299 1300 1301 
3 1302 1303 1304 
3 1305 1306 1307 
3 1308 1309 1310 
3 1311 1312 1313 
3 1314 1315 1316 
3 1317 1318 1319 
3 1320 1321 1322 
3 1323 1324 1325 
3 1326 1327 1328 
3 1329 1330 1331 
3 1332 1333 1334 
3 1335 1336 1337 
3 1338 1339 1340 
3 1341 1342 1343 
3 1344 1345 1346 
3 1347 1348 1349 
3 1350 1351 1352 
3 1353 1354 1355 
3 1356 1357 1358 
3 1359 1360 1361 
3 1362 1363 1364 
3 1365 1366 1367 
3 1368 1369 1370 
3 1371 1372 1373 
3 1374 1375 1376 
3 1377 1378 1379 
3 1380 1381 1382 
3 1383 1384 1385 
3 1386 1387 1388 
3 1389 1390 1391 
3 1392 1393 1394 
3 1395 1396 1397 
3 1398 1399 1400 
3 1401 1402 1403 
3 1404 1405 1406 
3 1407 1408 1409 
3 1410 1411 1412 
3 1413 1414 1415 
3 1416 1417 1418 
3 1419 1420 1421 
3 1422 1423 1424 
3 1425 1426 1427 
3 1428 1429 1430 
3 1431 1432 1433 
3 1434 1435 1436 
3 1437 1438 1439 
3 1440 1441 1442 
3 1443 1444 1445 
3 1446 1447 1448 
3 1449 1450 1451 
3 1452 1453 1454 
3 1455 1456 1457 
3 1458 1459 1460 
3 1461 1462 1463 
3 1464 1465 1466 
3 1467 1468 1469 
3 1470 1471 1472 
3 1473 1474 1475 
3 1476 1477 1478 
3 1479 1480 1481 
3 1482 1483 1484 
3 1485 1486 1487 
3 1488 1489 1490 
3 1491 1492 1493 
3 1494 1495 1496 
3 1497 1498 1499 
3 1500 602 1501 
3 1502 1503 600 
3 601 1504 1505 
3 1506 605 1505 
3 1507 1508 603 
3 604 1509 1501 
3 1510 608 1511 
3 1512 1513 606 
3 607 1514 1515 
3 1502 611 1515 
3 1500 1516 609 
3 610 1517 1511 
3 1518 614 1519 
3 1520 1521 612 
3 613 1522 1523 
3 1512 617 1523 
3 1510 1524 615 
3 616 1525 1519 
3 1526 620 1527 
3 1528 1529 618 
3 619 1530 1531 
3 1520 623 1531 
3 1518 1532 621 
3 622 1533 1527 
3 1534 626 1535 
3 1536 1537 624 
3 625 1538 1539 
3 1528 629 1539 
3 1526 1540 627 
3 628 1541 1535 
3 1542 632 1543 
3 1544 1545 630 
3 631 1546 1547 
3 1536 635 1547 
3 1534 1548 633 
3 634 1549 1543 
3 1550 638 1551 
3 1552 1553 636 
3 637 1554 1555 
3 1544 641 1555 
3 1542 1556 639 
3 640 1557 1551 
3 1558 644 1559 
3 1560 1561 642 
3 643 1562 1563 
3 1552 647 1563 
3 1550 1564 645 
3 646 1565 1559 
3 1566 650 1567 
3 1568 1569 648 
3 649 1570 1571 
3 1560 653 1571 
3 1558 1572 651 
3 652 1573 1567 
3 1507 656 1574 
3 1506 1575 654 
3 655 1576 1577 
3 1568 659 1577 
3 1566 1578 657 
3 658 1579 1574 
3 1580 662 1581 
3 1582 1509 660 
3 661 1508 1583 
3 1584 665 1583 
3 1585 1586 663 
3 664 1587 1581 
3 1588 668 1589 
3 1590 1517 666 
3 667 1516 1591 
3 1582 671 1591 
3 1580 1592 669 
3 670 1593 1589 
3 1594 674 1595 
3 1596 1525 672 
3 673 1524 1597 
3 1590 677 1597 
3 1588 1598 675 
3 676 1599 1595 
3 1600 680 1601 
3 1602 1533 678 
3 679 1532 1603 
3 1596 683 1603 
3 1594 1604 681 
3 682 1605 1601 
3 1606 686 1607 
3 1608 1541 684 
3 685 1540 1609 
3 1602 689 1609 
3 1600 1610 687 
3 688 1611 1607 
3 1612 692 1613 
3 1614 1549 690 
3 691 1548 1615 
3 1608 695 1615 
3 1606 1616 693 
3 694 1617 1613 
3 1618 698 1619 
3 1620 1557 696 
3 697 1556 1621 
3 1614 701 1621 
3 1612 1622 699 
3 700 1623 1619 
3 1624 704 1625 
3 1626 1565 702 
3 703 1564 1627 
3 1620 707 1627 
3 1618 1628 705 
3 706 1629 1625 
3 1630 710 1631 
3 1632 1573 708 
3 709 1572 1633 
3 1626 713 1633 
3 1624 1634 711 
3 712 1635 1631 
3 1585 716 1636 
3 1584 1579 714 
3 715 1578 1637 
3 1632 719 1637 
3 1630 1638 717 
3 718 1639 1636 
3 1640 722 1641 
3 1642 1587 720 
3 721 1586 1643 
3 1644 725 1643 
3 1645 1646 723 
3 724 1647 1641 
3 1648 728 1649 
3 1650 1593 726 
3 727 1592 1651 
3 1642 731 1651 
3 1640 1652 729 
3 730 1653 1649 
3 1654 734 1655 
3 1656 1599 732 
3 733 1598 1657 
3 1650 737 1657 
3 1648 1658 735 
3 736 1659 1655 
3 1660 740 1661 
3 1662 1605 738 
3 739 1604 1663 
3 1656 743 1663 
3 1654 1664 741 
3 742 1665 1661 
3 1666 746 1667 
3 1668 1611 744 
3 745 1610 1669 
3 1662 749 1669 
3 1660 1670 747 
3 748 1671 1667 
3 1672 752 1673 
3 1674 1617 750 
3 751 1616 1675 
3 1668 755 1675 
3 1666 1676 753 
3 754 1677 1673 
3 1678 758 1679 
3 1680 1623 756 
3 757 1622 1681 
3 1674 761 1681 
3 1672 1682 759 
3 760 1683 1679 
3 1684 764 1685 
3 1686 1629 762 
3 763 1628 1687 
3 1680 767 1687 
3 1678 1688 765 
3 766 1689 1685 
3 1690 770 1691 
3 1692 1635 768 
3 769 1634 1693 
3 1686 773 1693 
3 1684 1694 771 
3 772 1695 1691 
3 1645 776 1696 
3 1644 1639 774 
3 775 1638 1697 
3 1692 779 1697 
3 1690 1698 777 
3 778 1699 1696 
3 1700 782 1701 
3 1702 1647 780 
3 781 1646 1703 
3 1704 785 1703 
3 1705 1706 783 
3 784 1707 1701 
3 1708 788 1709 
3 1710 1653 786 
3 787 1652 1711 
3 1702 791 1711 
3 1700 1712 789 
3 790 1713 1709 
3 1714 794 1715 
3 1716 1659 792 
3 793 1658 1717 
3 1710 797 1717 
3 1708 1718 795 
3 796 1719 1715 
3 1720 800 1721 
3 1722 1665 798 
3 799 1664 1723 
3 1716 803 1723 
3 1714 1724 801 
3 802 1725 1721 
3 1726 806 1727 
3 1728 1671 804 
3 805 1670 1729 
3 1722 809 1729 
3 1720 1730 807 
3 808 1731 1727 
3 1732 812 1733 
3 1734 1677 810 
3 811 1676 1735 
3 1728 815 1735 
3 1726 1736 813 
3 814 1737 1733 
3 1738 818 1739 
3 1740 1683 816 
3 817 1682 1741 
3 1734 821 1741 
3 1732 1742 819 
3 820 1743 1739 
3 1744 824 1745 
3 1746 1689 822 
3 823 1688 1747 
3 1740 827 1747 
3 1738 1748 825 
3 826 1749 1745 
3 1750 830 1751 
3 1752 1695 828 
3 829 1694 1753 
3 1746 833 1753 
3 1744 1754 831 
3 832 1755 1751 
3 1705 836 1756 
3 1704 1699 834 
3 835 1698 1757 
3 1752 839 1757 
3 1750 1758 837 
3 838 1759 1756 
3 1760 842 1761 
3 1762 1707 840 
3 841 1706 1763 
3 1764 845 1763 
3 1765 1766 843 
3 844 1767 1761 
3 1768 848 1769 
3 1770 1713 846 
3 847 1712 1771 
3 1762 851 1771 
3 1760 1772 849 
3 850 1773 1769 
3 1774 854 1775 
3 1776 1719 852 
3 853 1718 1777 
3 1770 857 1777 
3 1768 1778 855 
3 856 1779 1775 
3 1780 860 1781 
3 1782 1725 858 
3 859 1724 1783 
3 1776 863 1783 
3 1774 1784 861 
3 862 1785 1781 
3 1786 866 1787 
3 1788 1731 864 
3 865 1730 1789 
3 1782 869 1789 
3 1780 1790 867 
3 868 1791 1787 
3 1792 872 1793 
3 1794 1737 870 
3 871 1736 1795 
3 1788 875 1795 
3 1786 1796 873 
3 874 1797 1793 
3 1798 878 1799 
3 1800 1743 876 
3 877 1742 1801 
3 1794 881 1801 
3 1792 1802 879 
3 880 1803 1799 
3 1804 884 1805 
3 1806 1749 882 
3 883 1748 1807 
3 1800 887 1807 
3 1798 1808 885 
3 886 1809 1805 
3 1810 890 1811 
3 1812 1755 888 
3 889 1754 1813 
3 1806 893 1813 
3 1804 1814 891 
3 892 1815 1811 
3 1765 896 1816 
3 1764 1759 894 
3 895 1758 1817 
3 1812 899 1817 
3 1810 1818 897 
3 898 1819 1816 
3 1820 902 1821 
3 1822 1767 900 
3 901 1766 1823 
3 1824 905 1823 
3 1825 1826 903 
3 904 1827 1821 
3 1828 908 1829 
3 1830 1773 906 
3 907 1772 1831 
3 1822 911 1831 
3 1820 1832 909 
3 910 1833 1829 
3 1834 914 1835 
3 1836 1779 912 
3 913 1778 1837 
3 1830 917 1837 
3 1828 1838 915 
3 916 1839 1835 
3 1840 920 1841 
3 1842 1785 918 
3 919 1784 1843 
3 1836 923 1843 
3 1834 1844 921 
3 922 1845 1841 
3 1846 926 1847 
3 1848 1791 924 
3 925 1790 1849 
3 1842 929 1849 
3 1840 1850 927 
3 928 1851 1847 
3 1852 932 1853 
3 1854 1797 930 
3 931 1796 1855 
3 1848 935 1855 
3 1846 1856 933 
3 934 1857 1853 
3 1858 938 1859 
3 1860 1803 936 
3 937 1802 1861 
3 1854 941 1861 
3 1852 1862 939 
3 940 1863 1859 
3 1864 944 1865 
3 1866 1809 942 
3 943 1808 1867 
3 1860 947 1867 
3 1858 1868 945 
3 946 1869 1865 
3 1870 950 1871 
3 1872 1815 948 
3 949 1814 1873 
3 1866 953 1873 
3 1864 1874 951 
3 952 1875 1871 
3 1825 956 1876 
3 1824 1819 954 
3 955 1818 1877 
3 1872 959 1877 
3 1870 1878 957 
3 958 1879 1876 
3 1880 962 1881 
3 1882 1827 960 
3 961 1826 1883 
3 1884 965 1883 
3 1885 1886 963 
3 964 1887 1881 
3 1888 968 1889 
3 1890 1833 966 
3 967 1832 1891 
3 1882 971 1891 
3 1880 1892 969 
3 970 1893 1889 
3 1894 974 1895 
3 1896 1839 972 
3 973 1838 1897 
3 1890 977 1897 
3 1888 1898 975 
3 976 1899 1895 
3 1900 980 1901 
3 1902 1845 978 
3 979 1844 1903 
3 1896 983 1903 
3 1894 1904 981 
3 982 1905 1901 
3 1906 986 1907 
3 1908 1851 984 
3 985 1850 1909 
3 1902 989 1909 
3 1900 1910 987 
3 988 1911 1907 
3 1912 992 1913 
3 1914 1857 990 
3 991 1856 1915 
3 1908 995 1915 
3 1906 1916 993 
3 994 1917 1913 
3 1918 998 1919 
3 1920 1863 996 
3 997 1862 1921 
3 1914 1001 1921 
3 1912 1922 999 
3 1000 1923 1919 
3 1924 1004 1925 
3 1926 1869 1002 
3 1003 1868 1927 
3 1920 1007 1927 
3 1918 1928 1005 
3 1006 1929 1925 
3 1930 1010 1931 
3 1932 1875 1008 
3 1009 1874 1933 
3 1926 1013 1933 
3 1924 1934 1011 
3 1012 1935 1931 
3 1885 1016 1936 
3 1884 1879 1014 
3 1015 1878 1937 
3 1932 1019 1937 
3 1930 1938 1017 
3 1018 1939 1936 
3 1940 1022 1941 
3 1942 1887 1020 
3 1021 1886 1943 
3 1944 1025 1943 
3 1945 1946 1023 
3 1024 1947 1941 
3 1948 1028 1949 
3 1950 1893 1026 
3 1027 1892 1951 
3 1942 1031 1951 
3 1940 1952 1029 
3 1030 1953 1949 
3 1954 1034 1955 
3 1956 1899 1032 
3 1033 1898 1957 
3 1950 1037 1957 
3 1948 1958 1035 
3 1036 1959 1955 
3 1960 1040 1961 
3 1962 1905 1038 
3 1039 1904 1963 
3 1956 1043 1963 
3 1954 1964 1041 
3 1042 1965 1961 
3 1966 1046 1967 
3 1968 1911 1044 
3 1045 1910 1969 
3 1962 1049 1969 
3 1960 1970 1047 
3 1048 1971 1967 
3 1972 1052 1973 
3 1974 1917 1050 
3 1051 1916 1975 
3 1968 1055 1975 
3 1966 1976 1053 
3 1054 1977 1973 
3 1978 1058 1979 
3 1980 1923 1056 
3 1057 1922 1981 
3 1974 1061 1981 
3 1972 1982 1059 
3 1060 1983 1979 
3 1984 1064 1985 
3 1986 1929 1062 
3 1063 1928 1987 
3 1980 1067 1987 
3 1978 1988 1065 
3 1066 1989 1985 
3 1990 1070 1991 
3 1992 1935 1068 
3 1069 1934 1993 
3 1986 1073 1993 
3 1984 1994 1071 
3 1072 1995 1991 
3 1945 1076 1996 
3 1944 1939 1074 
3 1075 1938 1997 
3 1992 1079 1997 
3 1990 1998 1077 
3 1078 1999 1996 
3 2000 1082 2001 
3 2002 1947 1080 
3 1081 1946 2003 
3 2004 1085 2003 
3 2005 2006 1083 
3 1084 2007 2001 
3 2008 1088 2009 
3 2010 1953 1086 
3 1087 1952 2011 
3 2002 1091 2011 
3 2000 2012 1089 
3 1090 2013 2009 
3 2014 1094 2015 
3 2016 1959 1092 
3 1093 1958 2017 
3 2010 1097 2017 
3 2008 2018 1095 
3 1096 2019 2015 
3 2020 1100 2021 
3 2022 1965 1098 
3 1099 1964 2023 
3 2016 1103 2023 
3 2014 2024 1101 
3 1102 2025 2021 
3 2026 1106 2027 
3 2028 1971 1104 
3 1105 1970 2029 
3 2022 1109 2029 
3 2020 2030 1107 
3 1108 2031 2027 
3 2032 1112 2033 
3 2034 1977 1110 
3 1111 1976 2035 
3 2028 1115 2035 
3 2026 2036 1113 
3 1114 2037 2033 
3 2038 1118 2039 
3 2040 1983 1116 
3 1117 1982 2041 
3 2034 1121 2041 
3 2032 2042 1119 
3 1120 2043 2039 
3 2044 1124 2045 
3 2046 1989 1122 
3 1123 1988 2047 
3 2040 1127 2047 
3 2038 2048 1125 
3 1126 2049 2045 
3 2050 1130 2051 
3 2052 1995 1128 
3 1129 1994 2053 
3 2046 1133 2053 
3 2044 2054 1131 
3 1132 2055 2051 
3 2005 1136 2056 
3 2004 1999 1134 
3 1135 1998 2057 
3 2052 1139 2057 
3 2050 2058 1137 
3 1138 2059 2056 
3 2060 1142 2061 
3 2062 2007 1140 
3 1141 2006 2063 
3 2064 1145 2063 
3 2065 2066 1143 
3 1144 2067 2061 
3 2068 1148 2069 
3 2070 2013 1146 
3 1147 2012 2071 
3 2062 1151 2071 
3 2060 2072 1149 
3 1150 2073 2069 
3 2074 1154 2075 
3 2076 2019 1152 
3 1153 2018 2077 
3 2070 1157 2077 
3 2068 2078 1155 
3 1156 2079 2075 
3 2080 1160 2081 
3 2082 2025 1158 
3 1159 2024 2083 
3 2076 1163 2083 
3 2074 2084 1161 
3 1162 2085 2081 
3 2086 1166 2087 
3 2088 2031 1164 
3 1165 2030 2089 
3 2082 1169 2089 
3 2080 2090 1167 
3 1168 2091 2087 
3 2092 1172 2093 
3 2094 2037 1170 
3 1171 2036 2095 
3 2088 1175 2095 
3 2086 2096 1173 
3 1174 2097 2093 
3 2098 1178 2099 
3 2100 2043 1176 
3 1177 2042 2101 
3 2094 1181 2101 
3 2092 2102 1179 
3 1180 2103 2099 
3 2104 1184 2105 
3 2106 2049 1182 
3 1183 2048 2107 
3 2100 1187 2107 
3 2098 2108 1185 
3 1186 2109 2105 
3 2110 1190 2111 
3 2112 2055 1188 
3 1189 2054 2113 
3 2106 1193 2113 
3 2104 2114 1191 
3 1192 2115 2111 
3 2065 1196 2116 
3 2064 2059 1194 
3 1195 2058 2117 
3 2112 1199 2117 
3 2110 2118 1197 
3 1198 2119 2116 
3 2120 1202 2121 
3 2122 2067 1200 
3 1201 2066 2123 
3 2124 1205 2123 
3 2125 2126 1203 
3 1204 2127 2121 
3 2128 1208 2129 
3 2130 2073 1206 
3 1207 2072 2131 
3 2122 1211 2131 
3 2120 2132 1209 
3 1210 2133 2129 
3 2134 1214 2135 
3 2136 2079 1212 
3 1213 2078 2137 
3 2130 1217 2137 
3 2128 2138 1215 
3 1216 2139 2135 
3 2140 1220 2141 
3 2142 2085 1218 
3 1219 2084 2143 
3 2136 1223 2143 
3 2134 2144 1221 
3 1222 2145 2141 
3 2146 1226 2147 
3 2148 2091 1224 
3 1225 2090 2149 
3 2142 1229 2149 
3 2140 2150 1227 
3 1228 2151 2147 
3 2152 1232 2153 
3 2154 2097 1230 
3 1231 2096 2155 
3 2148 1235 2155 
3 2146 2156 1233 
3 1234 2157 2153 
3 2158 1238 2159 
3 2160 2103 1236 
3 1237 2102 2161 
3 2154 1241 2161 
3 2152 2162 1239 
3 1240 2163 2159 
3 2164 1244 2165 
3 2166 2109 1242 
3 1243 2108 2167 
3 2160 1247 2167 
3 2158 2168 1245 
3 1246 2169 2165 
3 2170 1250 2171 
3 2172 2115 1248 
3 1249 2114 2173 
3 2166 1253 2173 
3 2164 2174 1251 
3 1252 2175 2171 
3 2125 1256 2176 
3 2124 2119 1254 
3 1255 2118 2177 
3 2172 1259 2177 
3 2170 2178 1257 
3 1258 2179 2176 
3 2180 1262 2181 
3 2182 2127 1260 
3 1261 2126 2183 
3 2184 1265 2183 
3 2185 2186 1263 
3 1264 2187 2181 
3 2188 1268 2189 
3 2190 2133 1266 
3 1267 2132 2191 
3 2182 1271 2191 
3 2180 2192 1269 
3 1270 2193 2189 
3 2194 1274 2195 
3 2196 2139 1272 
3 1273 2138 2197 
3 2190 1277 2197 
3 2188 2198 1275 
3 1276 2199 2195 
3 2200 1280 2201 
3 2202 2145 1278 
3 1279 2144 2203 
3 2196 1283 2203 
3 2194 2204 1281 
3 1282 2205 2201 
3 2206 1286 2207 
3 2208 2151 1284 
3 1285 2150 2209 
3 2202 1289 2209 
3 2200 2210 1287 
3 1288 2211 2207 
3 2212 1292 2213 
3 2214 2157 1290 
3 1291 2156 2215 
3 2208 1295 2215 
3 2206 2216 1293 
3 1294 2217 2213 
3 2218 1298 2219 
3 2220 2163 1296 
3 1297 2162 2221 
3 2214 1301 2221 
3 2212 2222 1299 
3 1300 2223 2219 
3 2224 1304 2225 
3 2226 2169 1302 
3 1303 2168 2227 
3 2220 1307 2227 
3 2218 2228 1305 
3 1306 2229 2225 
3 2230 1310 2231 
3 2232 2175 1308 
3 1309 2174 2233 
3 2226 1313 2233 
3 2224 2234 1311 
3 1312 2235 2231 
3 2185 1316 2236 
3 2184 2179 1314 
3 1315 2178 2237 
3 2232 1319 2237 
3 2230 2238 1317 
3 1318 2239 2236 
3 2240 1322 2241 
3 2242 2187 1320 
3 1321 2186 2243 
3 2244 1325 2243 
3 2245 2246 1323 
3 1324 2247 2241 
3 2248 1328 2249 
3 2250 2193 1326 
3 1327 2192 2251 
3 2242 1331 2251 
3 2240 2252 1329 
3 1330 2253 2249 
3 2254 1334 2255 
3 2256 2199 1332 
3 1333 2198 2257 
3 2250 1337 2257 
3 2248 2258 1335 
3 1336 2259 2255 
3 2260 1340 2261 
3 2262 2205 1338 
3 1339 2204 2263 
3 2256 1343 2263 
3 2254 2264 1341 
3 1342 2265 2261 
3 2266 1346 2267 
3 2268 2211 1344 
3 1345 2210 2269 
3 2262 1349 2269 
3 2260 2270 1347 
3 1348 2271 2267 
3 2272 1352 2273 
3 2274 2217 1350 
3 1351 2216 2275 
3 2268 1355 2275 
3 2266 2276 1353 
3 1354 2277 2273 
3 2278 1358 2279 
3 2280 2223 1356 
3 1357 2222 2281 
3 2274 1361 2281 
3 2272 2282 1359 
3 1360 2283 2279 
3 2284 1364 2285 
3 2286 2229 1362 
3 1363 2228 2287 
3 2280 1367 2287 
3 2278 2288 1365 
3 1366 2289 2285 
3 2290 1370 2291 
3 2292 2235 1368 
3 1369 2234 2293 
3 2286 1373 2293 
3 2284 2294 1371 
3 1372 2295 2291 
3 2245 1376 2296 
3 2244 2239 1374 
3 1375 2238 2297 
3 2292 1379 2297 
3 2290 2298 1377 
3 1378 2299 2296 
3 2300 1382 2301 
3 2302 2247 1380 
3 1381 2246 2303 
3 2304 1385 2303 
3 2305 2306 1383 
3 1384 2307 2301 
3 2308 1388 2309 
3 2310 2253 1386 
3 1387 2252 2311 
3 2302 1391 2311 
3 2300 2312 1389 
3 1390 2313 2309 
3 2314 1394 2315 
3 2316 2259 1392 
3 1393 2258 2317 
3 2310 1397 2317 
3 2308 2318 1395 
3 1396 2319 2315 
3 2320 1400 2321 
3 2322 2265 1398 
3 1399 2264 2323 
3 2316 1403 2323 
3 2314 2324 1401 
3 1402 2325 2321 
3 2326 1406 2327 
3 2328 2271 1404 
3 1405 2270 2329 
3 2322 1409 2329 
3 2320 2330 1407 
3 1408 2331 2327 
3 2332 1412 2333 
3 2334 2277 1410 
3 1411 2276 2335 
3 2328 1415 2335 
3 2326 2336 1413 
3 1414 2337 2333 
3 2338 1418 2339 
3 2340 2283 1416 
3 1417 2282 2341 
3 2334 1421 2341 
3 2332 2342 1419 
3 1420 2343 2339 
3 2344 1424 2345 
3 2346 2289 1422 
3 1423 2288 2347 
3 2340 1427 2347 
3 2338 2348 1425 
3 1426 2349 2345 
3 2350 1430 2351 
3 2352 2295 1428 
3 1429 2294 2353 
3 2346 1433 2353 
3 2344 2354 1431 
3 1432 2355 2351 
3 2305 1436 2356 
3 2304 2299 1434 
3 1435 2298 2357 
3 2352 1439 2357 
3 2350 2358 1437 
3 1438 2359 2356 
3 2360 1442 2361 
3 2362 2307 1440 
3 1441 2306 2363 
3 2364 1445 2363 
3 2365 1504 1443 
3 1444 1503 2361 
3 2366 1448 2367 
3 2368 2313 1446 
3 1447 2312 2369 
3 2362 1451 2369 
3 2360 1514 1449 
3 1450 1513 2367 
3 2370 1454 2371 
3 2372 2319 1452 
3 1453 2318 2373 
3 2368 1457 2373 
3 2366 1522 1455 
3 1456 1521 2371 
3 2374 1460 2375 
3 2376 2325 1458 
3 1459 2324 2377 
3 2372 1463 2377 
3 2370 1530 1461 
3 1462 1529 2375 
3 2378 1466 2379 
3 2380 2331 1464 
3 1465 2330 2381 
3 2376 1469 2381 
3 2374 1538 1467 
3 1468 1537 2379 
3 2382 1472 2383 
3 2384 2337 1470 
3 1471 2336 2385 
3 2380 1475 2385 
3 2378 1546 1473 
3 1474 1545 2383 
3 2386 1478 2387 
3 2388 2343 1476 
3 1477 2342 2389 
3 2384 1481 2389 
3 2382 1554 1479 
3 1480 1553 2387 
3 2390 1484 2391 
3 2392 2349 1482 
3 1483 2348 2393 
3 2388 1487 2393 
3 2386 1562 1485 
3 1486 1561 2391 
3 2394 1490 2395 
3 2396 2355 1488 
3 1489 2354 2397 
3 2392 1493 2397 
3 2390 1570 1491 
3 1492 1569 2395 
3 2365 1496 2398 
3 2364 2359 1494 
3 1495 2358 2399 
3 2396 1499 2399 
3 2394 1576 1497 
3 1498 1575 2398 
3 150 600 602 
3 600 151 601 
3 602 601 152 
3 153 603 605 
3 603 154 604 
3 605 604 152 
3 155 606 608 
3 606 156 607 
3 608 607 157 
3 150 609 611 
3 609 158 610 
3 611 610 157 
3 159 612 614 
3 612 160 613 
3 614 613 161 
3 155 615 617 
3 615 162 616 
3 617 616 161 
3 163 618 620 
3 618 164 619 
3 620 619 165 
3 159 621 623 
3 621 166 622 
3 623 622 165 
3 167 624 626 
3 624 168 625 
3 626 625 169 
3 163 627 629 
3 627 170 628 
3 629 628 169 
3 171 630 632 
3 630 172 631 
3 632 631 173 
3 167 633 635 
3 633 174 634 
3 635 634 173 
3 175 636 638 
3 636 176 637 
3 638 637 177 
3 171 639 641 
3 639 178 640 
3 641 640 177 
3 179 642 644 
3 642 180 643 
3 644 643 181 
3 175 645 647 
3 645 182 646 
3 647 646 181 
3 183 648 650 
3 648 184 649 
3 650 649 185 
3 179 651 653 
3 651 186 652 
3 653 652 185 
3 153 654 656 
3 654 187 655 
3 656 655 188 
3 183 657 659 
3 657 189 658 
3 659 658 188 
3 190 660 662 
3 660 154 661 
3 662 661 191 
3 192 663 665 
3 663 193 664 
3 665 664 191 
3 194 666 668 
3 666 158 667 
3 668 667 195 
3 190 669 671 
3 669 196 670 
3 671 670 195 
3 197 672 674 
3 672 162 673 
3 674 673 198 
3 194 675 677 
3 675 199 676 
3 677 676 198 
3 200 678 680 
3 678 166 679 
3 680 679 201 
3 197 681 683 
3 681 202 682 
3 683 682 201 
3 203 684 686 
3 684 170 685 
3 686 685 204 
3 200 687 689 
3 687 205 688 
3 689 688 204 
3 206 690 692 
3 690 174 691 
3 692 691 207 
3 203 693 695 
3 693 208 694 
3 695 694 207 
3 209 696 698 
3 696 178 697 
3 698 697 210 
3 206 699 701 
3 699 211 700 
3 701 700 210 
3 212 702 704 
3 702 182 703 
3 704 703 213 
3 209 705 707 
3 705 214 706 
3 707 706 213 
3 215 708 710 
3 708 186 709 
3 710 709 216 
3 212 711 713 
3 711 217 712 
3 713 712 216 
3 192 714 716 
3 714 189 715 
3 716 715 218 
3 215 717 719 
3 717 219 718 
3 719 718 218 
3 220 720 722 
3 720 193 721 
3 722 721 221 
3 222 723 725 
3 723 223 724 
3 725 724 221 
3 224 726 728 
3 726 196 727 
3 728 727 225 
3 220 729 731 
3 729 226 730 
3 731 730 225 
3 227 732 734 
3 732 199 733 
3 734 733 228 
3 224 735 737 
3 735 229 736 
3 737 736 228 
3 230 738 740 
3 738 202 739 
3 740 739 231 
3 227 741 743 
3 741 232 742 
3 743 742 231 
3 233 744 746 
3 744 205 745 
3 746 745 234 
3 230 747 749 
3 747 235 748 
3 749 748 234 
3 236 750 752 
3 750 208 751 
3 752 751 237 
3 233 753 755 
3 753 238 754 
3 755 754 237 
3 239 756 758 
3 756 211 757 
3 758 757 240 
3 236 759 761 
3 759 241 760 
3 761 760 240 
3 242 762 764 
3 762 214 763 
3 764 763 243 
3 239 765 767 
3 765 244 766 
3 767 766 243 
3 245 768 770 
3 768 217 769 
3 770 769 246 
3 242 771 773 
3 771 247 772 
3 773 772 246 
3 222 774 776 
3 774 219 775 
3 776 775 248 
3 245 777 779 
3 777 249 778 
3 779 778 248 
3 250 780 782 
3 780 223 781 
3 782 781 251 
3 252 783 785 
3 783 253 784 
3 785 784 251 
3 254 786 788 
3 786 226 787 
3 788 787 255 
3 250 789 791 
3 789 256 790 
3 791 790 255 
3 257 792 794 
3 792 229 793 
3 794 793 258 
3 254 795 797 
3 795 259 796 
3 797 796 258 
3 260 798 800 
3 798 232 799 
3 800 799 261 
3 257 801 803 
3 801 262 802 
3 803 802 261 
3 263 804 806 
3 804 235 805 
3 806 805 264 
3 260 807 809 
3 807 265 808 
3 809 808 264 
3 266 810 812 
3 810 238 811 
3 812 811 267 
3 263 813 815 
3 813 268 814 
3 815 814 267 
3 269 816 818 
3 816 241 817 
3 818 817 270 
3 266 819 821 
3 819 271 820 
3 821 820 270 
3 272 822 824 
3 822 244 823 
3 824 823 273 
3 269 825 827 
3 825 274 826 
3 827 826 273 
3 275 828 830 
3 828 247 829 
3 830 829 276 
3 272 831 833 
3 831 277 832 
3 833 832 276 
3 252 834 836 
3 834 249 835 
3 836 835 278 
3 275 837 839 
3 837 279 838 
3 839 838 278 
3 280 840 842 
3 840 253 841 
3 842 841 281 
3 282 843 845 
3 843 283 844 
3 845 844 281 
3 284 846 848 
3 846 256 847 
3 848 847 285 
3 280 849 851 
3 849 286 850 
3 851 850 285 
3 287 852 854 
3 852 259 853 
3 854 853 288 
3 284 855 857 
3 855 289 856 
3 857 856 288 
3 290 858 860 
3 858 262 859 
3 860 859 291 
3 287 861 863 
3 861 292 862 
3 863 862 291 
3 293 864 866 
3 864 265 865 
3 866 865 294 
3 290 867 869 
3 867 295 868 
3 869 868 294 
3 296 870 872 
3 870 268 871 
3 872 871 297 
3 293 873 875 
3 873 298 874 
3 875 874 297 
3 299 876 878 
3 876 271 877 
3 878 877 300 
3 296 879 881 
3 879 301 880 
3 881 880 300 
3 302 882 884 
3 882 274 883 
3 884 883 303 
3 299 885 887 
3 885 304 886 
3 887 886 303 
3 305 888 890 
3 888 277 889 
3 890 889 306 
3 302 891 893 
3 891 307 892 
3 893 892 306 
3 282 894 896 
3 894 279 895 
3 896 895 308 
3 305 897 899 
3 897 309 898 
3 899 898 308 
3 310 900 902 
3 900 283 901 
3 902 901 311 
3 312 903 905 
3 903 313 904 
3 905 904 311 
3 314 906 908 
3 906 286 907 
3 908 907 315 
3 310 909 911 
3 909 316 910 
3 911 910 315 
3 317 912 914 
3 912 289 913 
3 914 913 318 
3 314 915 917 
3 915 319 916 
3 917 916 318 
3 320 918 920 
3 918 292 919 
3 920 919 321 
3 317 921 923 
3 921 322 922 
3 923 922 321 
3 323 924 926 
3 924 295 925 
3 926 925 324 
3 320 927 929 
3 927 325 928 
3 929 928 324 
3 326 930 932 
3 930 298 931 
3 932 931 327 
3 323 933 935 
3 933 328 934 
3 935 934 327 
3 329 936 938 
3 936 301 937 
3 938 937 330 
3 326 939 941 
3 939 331 940 
3 941 940 330 
3 332 942 944 
3 942 304 943 
3 944 943 333 
3 329 945 947 
3 945 334 946 
3 947 946 333 
3 335 948 950 
3 948 307 949 
3 950 949 336 
3 332 951 953 
3 951 337 952 
3 953 952 336 
3 312 954 956 
3 954 309 955 
3 956 955 338 
3 335 957 959 
3 957 339 958 
3 959 958 338 
3 340 960 962 
3 960 313 961 
3 962 961 341 
3 342 963 965 
3 963 343 964 
3 965 964 341 
3 344 966 968 
3 966 316 967 
3 968 967 345 
3 340 969 971 
3 969 346 970 
3 971 970 345 
3 347 972 974 
3 972 319 973 
3 974 973 348 
3 344 975 977 
3 975 349 976 
3 977 976 348 
3 350 978 980 
3 978 322 979 
3 980 979 351 
3 347 981 983 
3 981 352 982 
3 983 982 351 
3 353 984 986 
3 984 325 985 
3 986 985 354 
3 350 987 989 
3 987 355 988 
3 989 988 354 
3 356 990 992 
3 990 328 991 
3 992 991 357 
3 353 993 995 
3 993 358 994 
3 995 994 357 
3 359 996 998 
3 996 331 997 
3 998 997 360 
3 356 999 1001 
3 999 361 1000 
3 1001 1000 360 
3 362 1002 1004 
3 1002 334 1003 
3 1004 1003 363 
3 359 1005 1007 
3 1005 364 1006 
3 1007 1006 363 
3 365 1008 1010 
3 1008 337 1009 
3 1010 1009 366 
3 362 1011 1013 
3 1011 367 1012 
3 1013 1012 366 
3 342 1014 1016 
3 1014 339 1015 
3 1016 1015 368 
3 365 1017 1019 
3 1017 369 1018 
3 1019 1018 368 
3 370 1020 1022 
3 1020 343 1021 
3 1022 1021 371 
3 372 1023 1025 
3 1023 373 1024 
3 1025 1024 371 
3 374 1026 1028 
3 1026 346 1027 
3 1028 1027 375 
3 370 1029 1031 
3 1029 376 1030 
3 1031 1030 375 
3 377 1032 1034 
3 1032 349 1033 
3 1034 1033 378 
3 374 1035 1037 
3 1035 379 1036 
3 1037 1036 378 
3 380 1038 1040 
3 1038 352 1039 
3 1040 1039 381 
3 377 1041 1043 
3 1041 382 1042 
3 1043 1042 381 
3 383 1044 1046 
3 1044 355 1045 
3 1046 1045 384 
3 380 1047 1049 
3 1047 385 1048 
3 1049 1048 384 
3 386 1050 1052 
3 1050 358 1051 
3 1052 1051 387 
3 383 1053 1055 
3 1053 388 1054 
3 1055 1054 387 
3 389 1056 1058 
3 1056 361 1057 
3 1058 1057 390 
3 386 1059 1061 
3 1059 391 1060 
3 1061 1060 390 
3 392 1062 1064 
3 1062 364 1063 
3 1064 1063 393 
3 389 1065 1067 
3 1065 394 1066 
3 1067 1066 393 
3 395 1068 1070 
3 1068 367 1069 
3 1070 1069 396 
3 392 1071 1073 
3 1071 397 1072 
3 1073 1072 396 
3 372 1074 1076 
3 1074 369 1075 
3 1076 1075 398 
3 395 1077 1079 
3 1077 399 1078 
3 1079 1078 398 
3 400 1080 1082 
3 1080 373 1081 
3 1082 1081 401 
3 402 1083 1085 
3 1083 403 1084 
3 1085 1084 401 
3 404 1086 1088 
3 1086 376 1087 
3 1088 1087 405 
3 400 1089 1091 
3 1089 406 1090 
3 1091 1090 405 
3 407 1092 1094 
3 1092 379 1093 
3 1094 1093 408 
3 404 1095 1097 
3 1095 409 1096 
3 1097 1096 408 
3 410 1098 1100 
3 1098 382 1099 
3 1100 1099 411 
3 407 1101 1103 
3 1101 412 1102 
3 1103 1102 411 
3 413 1104 1106 
3 1104 385 1105 
3 1106 1105 414 
3 410 1107 1109 
3 1107 415 1108 
3 1109 1108 414 
3 416 1110 1112 
3 1110 388 1111 
3 1112 1111 417 
3 413 1113 1115 
3 1113 418 1114 
3 1115 1114 417 
3 419 1116 1118 
3 1116 391 1117 
3 1118 1117 420 
3 416 1119 1121 
3 1119 421 1120 
3 1121 1120 420 
3 422 1122 1124 
3 1122 394 1123 
3 1124 1123 423 
3 419 1125 1127 
3 1125 424 1126 
3 1127 1126 423 
3 425 1128 1130 
3 1128 397 1129 
3 1130 1129 426 
3 422 1131 1133 
3 1131 427 1132 
3 1133 1132 426 
3 402 1134 1136 
3 1134 399 1135 
3 1136 1135 428 
3 425 1137 1139 
3 1137 429 1138 
3 1139 1138 428 
3 430 1140 1142 
3 1140 403 1141 
3 1142 1141 431 
3 432 1143 1145 
3 1143 433 1144 
3 1145 1144 431 
3 434 1146 1148 
3 1146 406 1147 
3 1148 1147 435 
3 430 1149 1151 
3 1149 436 1150 
3 1151 1150 435 
3 437 1152 1154 
3 1152 409 1153 
3 1154 1153 438 
3 434 1155 1157 
3 1155 439 1156 
3 1157 1156 438 
3 440 1158 1160 
3 1158 412 1159 
3 1160 1159 441 
3 437 1161 1163 
3 1161 442 1162 
3 1163 1162 441 
3 443 1164 1166 
3 1164 415 1165 
3 1166 1165 444 
3 440 1167 1169 
3 1167 445 1168 
3 1169 1168 444 
3 446 1170 1172 
3 1170 418 1171 
3 1172 1171 447 
3 443 1173 1175 
3 1173 448 1174 
3 1175 1174 447 
3 449 1176 1178 
3 1176 421 1177 
3 1178 1177 450 
3 446 1179 1181 
3 1179 451 1180 
3 1181 1180 450 
3 452 1182 1184 
3 1182 424 1183 
3 1184 1183 453 
3 449 1185 1187 
3 1185 454 1186 
3 1187 1186 453 
3 455 1188 1190 
3 1188 427 1189 
3 1190 1189 456 
3 452 1191 1193 
3 1191 457 1192 
3 1193 1192 456 
3 432 1194 1196 
3 1194 429 1195 
3 1196 1195 458 
3 455 1197 1199 
3 1197 459 1198 
3 1199 1198 458 
3 460 1200 1202 
3 1200 433 1201 
3 1202 1201 461 
3 462 1203 1205 
3 1203 463 1204 
3 1205 1204 461 
3 464 1206 1208 
3 1206 436 1207 
3 1208 1207 465 
3 460 1209 1211 
3 1209 466 1210 
3 1211 1210 465 
3 467 1212 1214 
3 1212 439 1213 
3 1214 1213 468 
3 464 1215 1217 
3 1215 469 1216 
3 1217 1216 468 
3 470 1218 1220 
3 1218 442 1219 
3 1220 1219 471 
3 467 1221 1223 
3 1221 472 1222 
3 1223 1222 471 
3 473 1224 1226 
3 1224 445 1225 
3 1226 1225 474 
3 470 1227 1229 
3 1227 475 1228 
3 1229 1228 474 
3 476 1230 1232 
3 1230 448 1231 
3 1232 1231 477 
3 473 1233 1235 
3 1233 478 1234 
3 1235 1234 477 
3 479 1236 1238 
3 1236 451 1237 
3 1238 1237 480 
3 476 1239 1241 
3 1239 481 1240 
3 1241 1240 480 
3 482 1242 1244 
3 1242 454 1243 
3 1244 1243 483 
3 479 1245 1247 
3 1245 484 1246 
3 1247 1246 483 
3 485 1248 1250 
3 1248 457 1249 
3 1250 1249 486 
3 482 1251 1253 
3 1251 487 1252 
3 1253 1252 486 
3 462 1254 1256 
3 1254 459 1255 
3 1256 1255 488 
3 485 1257 1259 
3 1257 489 1258 
3 1259 1258 488 
3 490 1260 1262 
3 1260 463 1261 
3 1262 1261 491 
3 492 1263 1265 
3 1263 493 1264 
3 1265 1264 491 
3 494 1266 1268 
3 1266 466 1267 
3 1268 1267 495 
3 490 1269 1271 
3 1269 496 1270 
3 1271 1270 495 
3 497 1272 1274 
3 1272 469 1273 
3 1274 1273 498 
3 494 1275 1277 
3 1275 499 1276 
3 1277 1276 498 
3 500 1278 1280 
3 1278 472 1279 
3 1280 1279 501 
3 497 1281 1283 
3 1281 502 1282 
3 1283 1282 501 
3 503 1284 1286 
3 1284 475 1285 
3 1286 1285 504 
3 500 1287 1289 
3 1287 505 1288 
3 1289 1288 504 
3 506 1290 1292 
3 1290 478 1291 
3 1292 1291 507 
3 503 1293 1295 
3 1293 508 1294 
3 1295 1294 507 
3 509 1296 1298 
3 1296 481 1297 
3 1298 1297 510 
3 506 1299 1301 
3 1299 511 1300 
3 1301 1300 510 
3 512 1302 1304 
3 1302 484 1303 
3 1304 1303 513 
3 509 1305 1307 
3 1305 514 1306 
3 1307 1306 513 
3 515 1308 1310 
3 1308 487 1309 
3 1310 1309 516 
3 512 1311 1313 
3 1311 517 1312 
3 1313 1312 516 
3 492 1314 1316 
3 1314 489 1315 
3 1316 1315 518 
3 515 1317 1319 
3 1317 519 1318 
3 1319 1318 518 
3 520 1320 1322 
3 1320 493 1321 
3 1322 1321 521 
3 522 1323 1325 
3 1323 523 1324 
3 1325 1324 521 
3 524 1326 1328 
3 1326 496 1327 
3 1328 1327 525 
3 520 1329 1331 
3 1329 526 1330 
3 1331 1330 525 
3 527 1332 1334 
3 1332 499 1333 
3 1334 1333 528 
3 524 1335 1337 
3 1335 529 1336 
3 1337 1336 528 
3 530 1338 1340 
3 1338 502 1339 
3 1340 1339 531 
3 527 1341 1343 
3 1341 532 1342 
3 1343 1342 531 
3 533 1344 1346 
3 1344 505 1345 
3 1346 1345 534 
3 530 1347 1349 
3 1347 535 1348 
3 1349 1348 534 
3 536 1350 1352 
3 1350 508 1351 
3 1352 1351 537 
3 533 1353 1355 
3 1353 538 1354 
3 1355 1354 537 
3 539 1356 1358 
3 1356 511 1357 
3 1358 1357 540 
3 536 1359 1361 
3 1359 541 1360 
3 1361 1360 540 
3 542 1362 1364 
3 1362 514 1363 
3 1364 1363 543 
3 539 1365 1367 
3 1365 544 1366 
3 1367 1366 543 
3 545 1368 1370 
3 1368 517 1369 
3 1370 1369 546 
3 542 1371 1373 
3 1371 547 1372 
3 1373 1372 546 
3 522 1374 1376 
3 1374 519 1375 
3 1376 1375 548 
3 545 1377 1379 
3 1377 549 1378 
3 1379 1378 548 
3 550 1380 1382 
3 1380 523 1381 
3 1382 1381 551 
3 552 1383 1385 
3 1383 553 1384 
3 1385 1384 551 
3 554 1386 1388 
3 1386 526 1387 
3 1388 1387 555 
3 550 1389 1391 
3 1389 556 1390 
3 1391 1390 555 
3 557 1392 1394 
3 1392 529 1393 
3 1394 1393 558 
3 554 1395 1397 
3 1395 559 1396 
3 1397 1396 558 
3 560 1398 1400 
3 1398 532 1399 
3 1400 1399 561 
3 557 1401 1403 
3 1401 562 1402 
3 1403 1402 561 
3 563 1404 1406 
3 1404 535 1405 
3 1406 1405 564 
3 560 1407 1409 
3 1407 565 1408 
3 1409 1408 564 
3 566 1410 1412 
3 1410 538 1411 
3 1412 1411 567 
3 563 1413 1415 
3 1413 568 1414 
3 1415 1414 567 
3 569 1416 1418 
3 1416 541 1417 
3 1418 1417 570 
3 566 1419 1421 
3 1419 571 1420 
3 1421 1420 570 
3 572 1422 1424 
3 1422 544 1423 
3 1424 1423 573 
3 569 1425 1427 
3 1425 574 1426 
3 1427 1426 573 
3 575 1428 1430 
3 1428 547 1429 
3 1430 1429 576 
3 572 1431 1433 
3 1431 577 1432 
3 1433 1432 576 
3 552 1434 1436 
3 1434 549 1435 
3 1436 1435 578 
3 575 1437 1439 
3 1437 579 1438 
3 1439 1438 578 
3 580 1440 1442 
3 1440 553 1441 
3 1442 1441 581 
3 582 1443 1445 
3 1443 151 1444 
3 1445 1444 581 
3 583 1446 1448 
3 1446 556 1447 
3 1448 1447 584 
3 580 1449 1451 
3 1449 156 1450 
3 1451 1450 584 
3 585 1452 1454 
3 1452 559 1453 
3 1454 1453 586 
3 583 1455 1457 
3 1455 160 1456 
3 1457 1456 586 
3 587 1458 1460 
3 1458 562 1459 
3 1460 1459 588 
3 585 1461 1463 
3 1461 164 1462 
3 1463 1462 588 
3 589 1464 1466 
3 1464 565 1465 
3 1466 1465 590 
3 587 1467 1469 
3 1467 168 1468 
3 1469 1468 590 
3 591 1470 1472 
3 1470 568 1471 
3 1472 1471 592 
3 589 1473 1475 
3 1473 172 1474 
3 1475 1474 592 
3 593 1476 1478 
3 1476 571 1477 
3 1478 1477 594 
3 591 1479 1481 
3 1479 176 1480 
3 1481 1480 594 
3 595 1482 1484 
3 1482 574 1483 
3 1484 1483 596 
3 593 1485 1487 
3 1485 180 1486 
3 1487 1486 596 
3 597 1488 1490 
3 1488 577 1489 
3 1490 1489 598 
3 595 1491 1493 
3 1491 184 1492 
3 1493 1492 598 
3 582 1494 1496 
3 1494 579 1495 
3 1496 1495 599 
3 597 1497 1499 
3 1497 187 1498 
3 1499 1498 599 
3 11 1500 1501 
3 1500 150 602 
3 1501 602 152 
3 150 1502 600 
3 1502 1 1503 
3 600 1503 151 
3 152 601 1505 
3 601 151 1504 
3 1505 1504 0 
3 0 1506 1505 
3 1506 153 605 
3 1505 605 152 
3 153 1507 603 
3 1507 10 1508 
3 603 1508 154 
3 152 604 1501 
3 604 154 1509 
3 1501 1509 11 
3 12 1510 1511 
3 1510 155 608 
3 1511 608 157 
3 155 1512 606 
3 1512 2 1513 
3 606 1513 156 
3 157 607 1515 
3 607 156 1514 
3 1515 1514 1 
3 1 1502 1515 
3 1502 150 611 
3 1515 611 157 
3 150 1500 609 
3 1500 11 1516 
3 609 1516 158 
3 157 610 1511 
3 610 158 1517 
3 1511 1517 12 
3 13 1518 1519 
3 1518 159 614 
3 1519 614 161 
3 159 1520 612 
3 1520 3 1521 
3 612 1521 160 
3 161 613 1523 
3 613 160 1522 
3 1523 1522 2 
3 2 1512 1523 
3 1512 155 617 
3 1523 617 161 
3 155 1510 615 
3 1510 12 1524 
3 615 1524 162 
3 161 616 1519 
3 616 162 1525 
3 1519 1525 13 
3 14 1526 1527 
3 1526 163 620 
3 1527 620 165 
3 163 1528 618 
3 1528 4 1529 
3 618 1529 164 
3 165 619 1531 
3 619 164 1530 
3 1531 1530 3 
3 3 1520 1531 
3 1520 159 623 
3 1531 623 165 
3 159 1518 621 
3 1518 13 1532 
3 621 1532 166 
3 165 622 1527 
3 622 166 1533 
3 1527 1533 14 
3 15 1534 1535 
3 1534 167 626 
3 1535 626 169 
3 167 1536 624 
3 1536 5 1537 
3 624 1537 168 
3 169 625 1539 
3 625 168 1538 
3 1539 1538 4 
3 4 1528 1539 
3 1528 163 629 
3 1539 629 169 
3 163 1526 627 
3 1526 14 1540 
3 627 1540 170 
3 169 628 1535 
3 628 170 1541 
3 1535 1541 15 
3 16 1542 1543 
3 1542 171 632 
3 1543 632 173 
3 171 1544 630 
3 1544 6 1545 
3 630 1545 172 
3 173 631 1547 
3 631 172 1546 
3 1547 1546 5 
3 5 1536 1547 
3 1536 167 635 
3 1547 635 173 
3 167 1534 633 
3 1534 15 1548 
3 633 1548 174 
3 173 634 1543 
3 634 174 1549 
3 1543 1549 16 
3 17 1550 1551 
3 1550 175 638 
3 1551 638 177 
3 175 1552 636 
3 1552 7 1553 
3 636 1553 176 
3 177 637 1555 
3 637 176 1554 
3 1555 1554 6 
3 6 1544 1555 
3 1544 171 641 
3 1555 641 177 
3 171 1542 639 
3 1542 16 1556 
3 639 1556 178 
3 177 640 1551 
3 640 178 1557 
3 1551 1557 17 
3 18 1558 1559 
3 1558 179 644 
3 1559 644 181 
3 179 1560 642 
3 1560 8 1561 
3 642 1561 180 
3 181 643 1563 
3 643 180 1562 
3 1563 1562 7 
3 7 1552 1563 
3 1552 175 647 
3 1563 647 181 
3 175 1550 645 
3 1550 17 1564 
3 645 1564 182 
3 181 646 1559 
3 646 182 1565 
3 1559 1565 18 
3 19 1566 1567 
3 1566 183 650 
3 1567 650 185 
3 183 1568 648 
3 1568 9 1569 
3 648 1569 184 
3 185 649 1571 
3 649 184 1570 
3 1571 1570 8 
3 8 1560 1571 
3 1560 179 653 
3 1571 653 185 
3 179 1558 651 
3 1558 18 1572 
3 651 1572 186 
3 185 652 1567 
3 652 186 1573 
3 1567 1573 19 
3 10 1507 1574 
3 1507 153 656 
3 1574 656 188 
3 153 1506 654 
3 1506 0 1575 
3 654 1575 187 
3 188 655 1577 
3 655 187 1576 
3 1577 1576 9 
3 9 1568 1577 
3 1568 183 659 
3 1577 659 188 
3 183 1566 657 
3 1566 19 1578 
3 657 1578 189 
3 188 658 1574 
3 658 189 1579 
3 1574 1579 10 
3 21 1580 1581 
3 1580 190 662 
3 1581 662 191 
3 190 1582 660 
3 1582 11 1509 
3 660 1509 154 
3 191 661 1583 
3 661 154 1508 
3 1583 1508 10 
3 10 1584 1583 
3 1584 192 665 
3 1583 665 191 
3 192 1585 663 
3 1585 20 1586 
3 663 1586 193 
3 191 664 1581 
3 664 193 1587 
3 1581 1587 21 
3 22 1588 1589 
3 1588 194 668 
3 1589 668 195 
3 194 1590 666 
3 1590 12 1517 
3 666 1517 158 
3 195 667 1591 
3 667 158 1516 
3 1591 1516 11 
3 11 1582 1591 
3 1582 190 671 
3 1591 671 195 
3 190 1580 669 
3 1580 21 1592 
3 669 1592 196 
3 195 670 1589 
3 670 196 1593 
3 1589 1593 22 
3 23 1594 1595 
3 1594 197 674 
3 1595 674 198 
3 197 1596 672 
3 1596 13 1525 
3 672 1525 162 
3 198 673 1597 
3 673 162 1524 
3 1597 1524 12 
3 12 1590 1597 
3 1590 194 677 
3 1597 677 198 
3 194 1588 675 
3 1588 22 1598 
3 675 1598 199 
3 198 676 1595 
3 676 199 1599 
3 1595 1599 23 
3 24 1600 1601 
3 1600 200 680 
3 1601 680 201 
3 200 1602 678 
3 1602 14 1533 
3 678 1533 166 
3 201 679 1603 
3 679 166 1532 
3 1603 1532 13 
3 13 1596 1603 
3 1596 197 683 
3 1603 683 201 
3 197 1594 681 
3 1594 23 1604 
3 681 1604 202 
3 201 682 1601 
3 682 202 1605 
3 1601 1605 24 
3 25 1606 1607 
3 1606 203 686 
3 1607 686 204 
3 203 1608 684 
3 1608 15 1541 
3 684 1541 170 
3 204 685 1609 
3 685 170 1540 
3 1609 1540 14 
3 14 1602 1609 
3 1602 200 689 
3 1609 689 204 
3 200 1600 687 
3 1600 24 1610 
3 687 1610 205 
3 204 688 1607 
3 688 205 1611 
3 1607 1611 25 
3 26 1612 1613 
3 1612 206 692 
3 1613 692 207 
3 206 1614 690 
3 1614 16 1549 
3 690 1549 174 
3 207 691 1615 
3 691 174 1548 
3 1615 1548 15 
3 15 1608 1615 
3 1608 203 695 
3 1615 695 207 
3 203 1606 693 
3 1606 25 1616 
3 693 1616 208 
3 207 694 1613 
3 694 208 1617 
3 1613 1617 26 
3 27 1618 1619 
3 1618 209 698 
3 1619 698 210 
3 209 1620 696 
3 1620 17 1557 
3 696 1557 178 
3 210 697 1621 
3 697 178 1556 
3 1621 1556 16 
3 16 1614 1621 
3 1614 206 701 
3 1621 701 210 
3 206 1612 699 
3 1612 26 1622 
3 699 1622 211 
3 210 700 1619 
3 700 211 1623 
3 1619 1623 27 
3 28 1624 1625 
3 1624 212 704 
3 1625 704 213 
3 212 1626 702 
3 1626 18 1565 
3 702 1565 182 
3 213 703 1627 
3 703 182 1564 
3 1627 1564 17 
3 17 1620 1627 
3 1620 209 707 
3 1627 707 213 
3 209 1618 705 
3 1618 27 1628 
3 705 1628 214 
3 213 706 1625 
3 706 214 1629 
3 1625 1629 28 
3 29 1630 1631 
3 1630 215 710 
3 1631 710 216 
3 215 1632 708 
3 1632 19 1573 
3 708 1573 186 
3 216 709 1633 
3 709 186 1572 
3 1633 1572 18 
3 18 1626 1633 
3 1626 212 713 
3 1633 713 216 
3 212 1624 711 
3 1624 28 1634 
3 711 1634 217 
3 216 712 1631 
3 712 217 1635 
3 1631 1635 29 
3 20 1585 1636 
3 1585 192 716 
3 1636 716 218 
3 192 1584 714 
3 1584 10 1579 
3 714 1579 189 
3 218 715 1637 
3 715 189 1578 
3 1637 1578 19 
3 19 1632 1637 
3 1632 215 719 
3 1637 719 218 
3 215 1630 717 
3 1630 29 1638 
3 717 1638 219 
3 218 718 1636 
3 718 219 1639 
3 1636 1639 20 
3 31 1640 1641 
3 1640 220 722 
3 1641 722 221 
3 220 1642 720 
3 1642 21 1587 
3 720 1587 193 
3 221 721 1643 
3 721 193 1586 
3 1643 1586 20 
3 20 1644 1643 
3 1644 222 725 
3 1643 725 221 
3 222 1645 723 
3 1645 30 1646 
3 723 1646 223 
3 221 724 1641 
3 724 223 1647 
3 1641 1647 31 
3 32 1648 1649 
3 1648 224 728 
3 1649 728 225 
3 224 1650 726 
3 1650 22 1593 
3 726 1593 196 
3 225 727 1651 
3 727 196 1592 
3 1651 1592 21 
3 21 1642 1651 
3 1642 220 731 
3 1651 731 225 
3 220 1640 729 
3 1640 31 1652 
3 729 1652 226 
3 225 730 1649 
3 730 226 1653 
3 1649 1653 32 
3 33 1654 1655 
3 1654 227 734 
3 1655 734 228 
3 227 1656 732 
3 1656 23 1599 
3 732 1599 199 
3 228 733 1657 
3 733 199 1598 
3 1657 1598 22 
3 22 1650 1657 
3 1650 224 737 
3 1657 737 228 
3 224 1648 735 
3 1648 32 1658 
3 735 1658 229 
3 228 736 1655 
3 736 229 1659 
3 1655 1659 33 
3 34 1660 1661 
3 1660 230 740 
3 1661 740 231 
3 230 1662 738 
3 1662 24 1605 
3 738 1605 202 
3 231 739 1663 
3 739 202 1604 
3 1663 1604 23 
3 23 1656 1663 
3 1656 227 743 
3 1663 743 231 
3 227 1654 741 
3 1654 33 1664 
3 741 1664 232 
3 231 742 1661 
3 742 232 1665 
3 1661 1665 34 
3 35 1666 1667 
3 1666 233 746 
3 1667 746 234 
3 233 1668 744 
3 1668 25 1611 
3 744 1611 205 
3 234 745 1669 
3 745 205 1610 
3 1669 1610 24 
3 24 1662 1669 
3 1662 230 749 
3 1669 749 234 
3 230 1660 747 
3 1660 34 1670 
3 747 1670 235 
3 234 748 1667 
3 748 235 1671 
3 1667 1671 35 
3 36 1672 1673 
3 1672 236 752 
3 1673 752 237 
3 236 1674 750 
3 1674 26 1617 
3 750 1617 208 
3 237 751 1675 
3 751 208 1616 
3 1675 1616 25 
3 25 1668 1675 
3 1668 233 755 
3 1675 755 237 
3 233 1666 753 
3 1666 35 1676 
3 753 1676 238 
3 237 754 1673 
3 754 238 1677 
3 1673 1677 36 
3 37 1678 1679 
3 1678 239 758 
3 1679 758 240 
3 239 1680 756 
3 1680 27 1623 
3 756 1623 211 
3 240 757 1681 
3 757 211 1622 
3 1681 1622 26 
3 26 1674 1681 
3 1674 236 761 
3 1681 761 240 
3 236 1672 759 
3 1672 36 1682 
3 759 1682 241 
3 240 760 1679 
3 760 241 1683 
3 1679 1683 37 
3 38 1684 1685 
3 1684 242 764 
3 1685 764 243 
3 242 1686 762 
3 1686 28 1629 
3 762 1629 214 
3 243 763 1687 
3 763 214 1628 
3 1687 1628 27 
3 27 1680 1687 
3 1680 239 767 
3 1687 767 243 
3 239 1678 765 
3 1678 37 1688 
3 765 1688 244 
3 243 766 1685 
3 766 244 1689 
3 1685 1689 38 
3 39 1690 1691 
3 1690 245 770 
3 1691 770 246 
3 245 1692 768 
3 1692 29 1635 
3 768 1635 217 
3 246 769 1693 
3 769 217 1634 
3 1693 1634 28 
3 28 1686 1693 
3 1686 242 773 
3 1693 773 246 
3 242 1684 771 
3 1684 38 1694 
3 771 1694 247 
3 246 772 1691 
3 772 247 1695 
3 1691 1695 39 
3 30 1645 1696 
3 1645 222 776 
3 1696 776 248 
3 222 1644 774 
3 1644 20 1639 
3 774 1639 219 
3 248 775 1697 
3 775 219 1638 
3 1697 1638 29 
3 29 1692 1697 
3 1692 245 779 
3 1697 779 248 
3 245 1690 777 
3 1690 39 1698 
3 777 1698 249 
3 248 778 1696 
3 778 249 1699 
3 1696 1699 30 
3 41 1700 1701 
3 1700 250 782 
3 1701 782 251 
3 250 1702 780 
3 1702 31 1647 
3 780 1647 223 
3 251 781 1703 
3 781 223 1646 
3 1703 1646 30 
3 30 1704 1703 
3 1704 252 785 
3 1703 785 251 
3 252 1705 783 
3 1705 40 1706 
3 783 1706 253 
3 251 784 1701 
3 784 253 1707 
3 1701 1707 41 
3 42 1708 1709 
3 1708 254 788 
3 1709 788 255 
3 254 1710 786 
3 1710 32 1653 
3 786 1653 226 
3 255 787 1711 
3 787 226 1652 
3 1711 1652 31 
3 31 1702 1711 
3 1702 250 791 
3 1711 791 255 
3 250 1700 789 
3 1700 41 1712 
3 789 1712 256 
3 255 790 1709 
3 790 256 1713 
3 1709 1713 42 
3 43 1714 1715 
3 1714 257 794 
3 1715 794 258 
3 257 1716 792 
3 1716 33 1659 
3 792 1659 229 
3 258 793 1717 
3 793 229 1658 
3 1717 1658 32 
3 32 1710 1717 
3 1710 254 797 
3 1717 797 258 
3 254 1708 795 
3 1708 42 1718 
3 795 1718 259 
3 258 796 1715 
3 796 259 1719 
3 1715 1719 43 
3 44 1720 1721 
3 1720 260 800 
3 1721 800 261 
3 260 1722 798 
3 1722 34 1665 
3 798 1665 232 
3 261 799 1723 
3 799 232 1664 
3 1723 1664 33 
3 33 1716 1723 
3 1716 257 803 
3 1723 803 261 
3 257 1714 801 
3 1714 43 1724 
3 801 1724 262 
3 261 802 1721 
3 802 262 1725 
3 1721 1725 44 
3 45 1726 1727 
3 1726 263 806 
3 1727 806 264 
3 263 1728 804 
3 1728 35 1671 
3 804 1671 235 
3 264 805 1729 
3 805 235 1670 
3 1729 1670 34 
3 34 1722 1729 
3 1722 260 809 
3 1729 809 264 
3 260 1720 807 
3 1720 44 1730 
3 807 1730 265 
3 264 808 1727 
3 808 265 1731 
3 1727 1731 45 
3 46 1732 1733 
3 1732 266 812 
3 1733 812 267 
3 266 1734 810 
3 1734 36 1677 
3 810 1677 238 
3 267 811 1735 
3 811 238 1676 
3 1735 1676 35 
3 35 1728 1735 
3 1728 263 815 
3 1735 815 267 
3 263 1726 813 
3 1726 45 1736 
3 813 1736 268 
3 267 814 1733 
3 814 268 1737 
3 1733 1737 46 
3 47 1738 1739 
3 1738 269 818 
3 1739 818 270 
3 269 1740 816 
3 1740 37 1683 
3 816 1683 241 
3 270 817 1741 
3 817 241 1682 
3 1741 1682 36 
3 36 1734 1741 
3 1734 266 821 
3 1741 821 270 
3 266 1732 819 
3 1732 46 1742 
3 819 1742 271 
3 270 820 1739 
3 820 271 1743 
3 1739 1743 47 
3 48 1744 1745 
3 1744 272 824 
3 1745 824 273 
3 272 1746 822 
3 1746 38 1689 
3 822 1689 244 
3 273 823 1747 
3 823 244 1688 
3 1747 1688 37 
3 37 1740 1747 
3 1740 269 827 
3 1747 827 273 
3 269 1738 825 
3 1738 47 1748 
3 825 1748 274 
3 273 826 1745 
3 826 274 1749 
3 1745 1749 48 
3 49 1750 1751 
3 1750 275 830 
3 1751 830 276 
3 275 1752 828 
3 1752 39 1695 
3 828 1695 247 
3 276 829 1753 
3 829 247 1694 
3 1753 1694 38 
3 38 1746 1753 
3 1746 272 833 
3 1753 833 276 
3 272 1744 831 
3 1744 48 1754 
3 831 1754 277 
3 276 832 1751 
3 832 277 1755 
3 1751 1755 49 
3 40 1705 1756 
3 1705 252 836 
3 1756 836 278 
3 252 1704 834 
3 1704 30 1699 
3 834 1699 249 
3 278 835 1757 
3 835 249 1698 
3 1757 1698 39 
3 39 1752 1757 
3 1752 275 839 
3 1757 839 278 
3 275 1750 837 
3 1750 49 1758 
3 837 1758 279 
3 278 838 1756 
3 838 279 1759 
3 1756 1759 40 
3 51 1760 1761 
3 1760 280 842 
3 1761 842 281 
3 280 1762 840 
3 1762 41 1707 
3 840 1707 253 
3 281 841 1763 
3 841 253 1706 
3 1763 1706 40 
3 40 1764 1763 
3 1764 282 845 
3 1763 845 281 
3 282 1765 843 
3 1765 50 1766 
3 843 1766 283 
3 281 844 1761 
3 844 283 1767 
3 1761 1767 51 
3 52 1768 1769 
3 1768 284 848 
3 1769 848 285 
3 284 1770 846 
3 1770 42 1713 
3 846 1713 256 
3 285 847 1771 
3 847 256 1712 
3 1771 1712 41 
3 41 1762 1771 
3 1762 280 851 
3 1771 851 285 
3 280 1760 849 
3 1760 51 1772 
3 849 1772 286 
3 285 850 1769 
3 850 286 1773 
3 1769 1773 52 
3 53 1774 1775 
3 1774 287 854 
3 1775 854 288 
3 287 1776 852 
3 1776 43 1719 
3 852 1719 259 
3 288 853 1777 
3 853 259 1718 
3 1777 1718 42 
3 42 1770 1777 
3 1770 284 857 
3 1777 857 288 
3 284 1768 855 
3 1768 52 1778 
3 855 1778 289 
3 288 856 1775 
3 856 289 1779 
3 1775 1779 53 
3 54 1780 1781 
3 1780 290 860 
3 1781 860 291 
3 290 1782 858 
3 1782 44 1725 
3 858 1725 262 
3 291 859 1783 
3 859 262 1724 
3 1783 1724 43 
3 43 1776 1783 
3 1776 287 863 
3 1783 863 291 
3 287 1774 861 
3 1774 53 1784 
3 861 1784 292 
3 291 862 1781 
3 862 292 1785 
3 1781 1785 54 
3 55 1786 1787 
3 1786 293 866 
3 1787 866 294 
3 293 1788 864 
3 1788 45 1731 
3 864 1731 265 
3 294 865 1789 
3 865 265 1730 
3 1789 1730 44 
3 44 1782 1789 
3 1782 290 869 
3 1789 869 294 
3 290 1780 867 
3 1780 54 1790 
3 867 1790 295 
3 294 868 1787 
3 868 295 1791 
3 1787 1791 55 
3 56 1792 1793 
3 1792 296 872 
3 1793 872 297 
3 296 1794 870 
3 1794 46 1737 
3 870 1737 268 
3 297 871 1795 
3 871 268 1736 
3 1795 1736 45 
3 45 1788 1795 
3 1788 293 875 
3 1795 875 297 
3 293 1786 873 
3 1786 55 1796 
3 873 1796 298 
3 297 874 1793 
3 874 298 1797 
3 1793 1797 56 
3 57 1798 1799 
3 1798 299 878 
3 1799 878 300 
3 299 1800 876 
3 1800 47 1743 
3 876 1743 271 
3 300 877 1801 
3 877 271 1742 
3 1801 1742 46 
3 46 1794 1801 
3 1794 296 881 
3 1801 881 300 
3 296 1792 879 
3 1792 56 1802 
3 879 1802 301 
3 300 880 1799 
3 880 301 1803 
3 1799 1803 57 
3 58 1804 1805 
3 1804 302 884 
3 1805 884 303 
3 302 1806 882 
3 1806 48 1749 
3 882 1749 274 
3 303 883 1807 
3 883 274 1748 
3 1807 1748 47 
3 47 1800 1807 
3 1800 299 887 
3 1807 887 303 
3 299 1798 885 
3 1798 57 1808 
3 885 1808 304 
3 303 886 1805 
3 886 304 1809 
3 1805 1809 58 
3 59 1810 1811 
3 1810 305 890 
3 1811 890 306 
3 305 1812 888 
3 1812 49 1755 
3 888 1755 277 
3 306 889 1813 
3 889 277 1754 
3 1813 1754 48 
3 48 1806 1813 
3 1806 302 893 
3 1813 893 306 
3 302 1804 891 
3 1804 58 1814 
3 891 1814 307 
3 306 892 1811 
3 892 307 1815 
3 1811 1815 59 
3 50 1765 1816 
3 1765 282 896 
3 1816 896 308 
3 282 1764 894 
3 1764 40 1759 
3 894 1759 279 
3 308 895 1817 
3 895 279 1758 
3 1817 1758 49 
3 49 1812 1817 
3 1812 305 899 
3 1817 899 308 
3 305 1810 897 
3 1810 59 1818 
3 897 1818 309 
3 308 898 1816 
3 898 309 1819 
3 1816 1819 50 
3 61 1820 1821 
3 1820 310 902 
3 1821 902 311 
3 310 1822 900 
3 1822 51 1767 
3 900 1767 283 
3 311 901 1823 
3 901 283 1766 
3 1823 1766 50 
3 50 1824 1823 
3 1824 312 905 
3 1823 905 311 
3 312 1825 903 
3 1825 60 1826 
3 903 1826 313 
3 311 904 1821 
3 904 313 1827 
3 1821 1827 61 
3 62 1828 1829 
3 1828 314 908 
3 1829 908 315 
3 314 1830 906 
3 1830 52 1773 
3 906 1773 286 
3 315 907 1831 
3 907 286 1772 
3 1831 1772 51 
3 51 1822 1831 
3 1822 310 911 
3 1831 911 315 
3 310 1820 909 
3 1820 61 1832 
3 909 1832 316 
3 315 910 1829 
3 910 316 1833 
3 1829 1833 62 
3 63 1834 1835 
3 1834 317 914 
3 1835 914 318 
3 317 1836 912 
3 1836 53 1779 
3 912 1779 289 
3 318 913 1837 
3 913 289 1778 
3 1837 1778 52 
3 52 1830 1837 
3 1830 314 917 
3 1837 917 318 
3 314 1828 915 
3 1828 62 1838 
3 915 1838 319 
3 318 916 1835 
3 916 319 1839 
3 1835 1839 63 
3 64 1840 1841 
3 1840 320 920 
3 1841 920 321 
3 320 1842 918 
3 1842 54 1785 
3 918 1785 292 
3 321 919 1843 
3 919 292 1784 
3 1843 1784 53 
3 53 1836 1843 
3 1836 317 923 
3 1843 923 321 
3 317 1834 921 
3 1834 63 1844 
3 921 1844 322 
3 321 922 1841 
3 922 322 1845 
3 1841 1845 64 
3 65 1846 1847 
3 1846 323 926 
3 1847 926 324 
3 323 1848 924 
3 1848 55 1791 
3 924 1791 295 
3 324 925 1849 
3 925 295 1790 
3 1849 1790 54 
3 54 1842 1849 
3 1842 320 929 
3 1849 929 324 
3 320 1840 927 
3 1840 64 1850 
3 927 1850 325 
3 324 928 1847 
3 928 325 1851 
3 1847 1851 65 
3 66 1852 1853 
3 1852 326 932 
3 1853 932 327 
3 326 1854 930 
3 1854 56 1797 
3 930 1797 298 
3 327 931 1855 
3 931 298 1796 
3 1855 1796 55 
3 55 1848 1855 
3 1848 323 935 
3 1855 935 327 
3 323 1846 933 
3 1846 65 1856 
3 933 1856 328 
3 327 934 1853 
3 934 328 1857 
3 1853 1857 66 
3 67 1858 1859 
3 1858 329 938 
3 1859 938 330 
3 329 1860 936 
3 1860 57 1803 
3 936 1803 301 
3 330 937 1861 
3 937 301 1802 
3 1861 1802 56 
3 56 1854 1861 
3 1854 326 941 
3 1861 941 330 
3 326 1852 939 
3 1852 66 1862 
3 939 1862 331 
3 330 940 1859 
3 940 331 1863 
3 1859 1863 67 
3 68 1864 1865 
3 1864 332 944 
3 1865 944 333 
3 332 1866 942 
3 1866 58 1809 
3 942 1809 304 
3 333 943 1867 
3 943 304 1808 
3 1867 1808 57 
3 57 1860 1867 
3 1860 329 947 
3 1867 947 333 
3 329 1858 945 
3 1858 67 1868 
3 945 1868 334 
3 333 946 1865 
3 946 334 1869 
3 1865 1869 68 
3 69 1870 1871 
3 1870 335 950 
3 1871 950 336 
3 335 1872 948 
3 1872 59 1815 
3 948 1815 307 
3 336 949 1873 
3 949 307 1814 
3 1873 1814 58 
3 58 1866 1873 
3 1866 332 953 
3 1873 953 336 
3 332 1864 951 
3 1864 68 1874 
3 951 1874 337 
3 336 952 1871 
3 952 337 1875 
3 1871 1875 69 
3 60 1825 1876 
3 1825 312 956 
3 1876 956 338 
3 312 1824 954 
3 1824 50 1819 
3 954 1819 309 
3 338 955 1877 
3 955 309 1818 
3 1877 1818 59 
3 59 1872 1877 
3 1872 335 959 
3 1877 959 338 
3 335 1870 957 
3 1870 69 1878 
3 957 1878 339 
3 338 958 1876 
3 958 339 1879 
3 1876 1879 60 
3 71 1880 1881 
3 1880 340 962 
3 1881 962 341 
3 340 1882 960 
3 1882 61 1827 
3 960 1827 313 
3 341 961 1883 
3 961 313 1826 
3 1883 1826 60 
3 60 1884 1883 
3 1884 342 965 
3 1883 965 341 
3 342 1885 963 
3 1885 70 1886 
3 963 1886 343 
3 341 964 1881 
3 964 343 1887 
3 1881 1887 71 
3 72 1888 1889 
3 1888 344 968 
3 1889 968 345 
3 344 1890 966 
3 1890 62 1833 
3 966 1833 316 
3 345 967 1891 
3 967 316 1832 
3 1891 1832 61 
3 61 1882 1891 
3 1882 340 971 
3 1891 971 345 
3 340 1880 969 
3 1880 71 1892 
3 969 1892 346 
3 345 970 1889 
3 970 346 1893 
3 1889 1893 72 
3 73 1894 1895 
3 1894 347 974 
3 1895 974 348 
3 347 1896 972 
3 1896 63 1839 
3 972 1839 319 
3 348 973 1897 
3 973 319 1838 
3 1897 1838 62 
3 62 1890 1897 
3 1890 344 977 
3 1897 977 348 
3 344 1888 975 
3 1888 72 1898 
3 975 1898 349 
3 348 976 1895 
3 976 349 1899 
3 1895 1899 73 
3 74 1900 1901 
3 1900 350 980 
3 1901 980 351 
3 350 1902 978 
3 1902 64 1845 
3 978 1845 322 
3 351 979 1903 
3 979 322 1844 
3 1903 1844 63 
3 63 1896 1903 
3 1896 347 983 
3 1903 983 351 
3 347 1894 981 
3 1894 73 1904 
3 981 1904 352 
3 351 982 1901 
3 982 352 1905 
3 1901 1905 74 
3 75 1906 1907 
3 1906 353 986 
3 1907 986 354 
3 353 1908 984 
3 1908 65 1851 
3 984 1851 325 
3 354 985 1909 
3 985 325 1850 
3 1909 1850 64 
3 64 1902 1909 
3 1902 350 989 
3 1909 989 354 
3 350 1900 987 
3 1900 74 1910 
3 987 1910 355 
3 354 988 1907 
3 988 355 1911 
3 1907 1911 75 
3 76 1912 1913 
3 1912 356 992 
3 1913 992 357 
3 356 1914 990 
3 1914 66 1857 
3 990 1857 328 
3 357 991 1915 
3 991 328 1856 
3 1915 1856 65 
3 65 1908 1915 
3 1908 353 995 
3 1915 995 357 
3 353 1906 993 
3 1906 75 1916 
3 993 1916 358 
3 357 994 1913 
3 994 358 1917 
3 1913 1917 76 
3 77 1918 1919 
3 1918 359 998 
3 1919 998 360 
3 359 1920 996 
3 1920 67 1863 
3 996 1863 331 
3 360 997 1921 
3 997 331 1862 
3 1921 1862 66 
3 66 1914 1921 
3 1914 356 1001 
3 1921 1001 360 
3 356 1912 999 
3 1912 76 1922 
3 999 1922 361 
3 360 1000 1919 
3 1000 361 1923 
3 1919 1923 77 
3 78 1924 1925 
3 1924 362 1004 
3 1925 1004 363 
3 362 1926 1002 
3 1926 68 1869 
3 1002 1869 334 
3 363 1003 1927 
3 1003 334 1868 
3 1927 1868 67 
3 67 1920 1927 
3 1920 359 1007 
3 1927 1007 363 
3 359 1918 1005 
3 1918 77 1928 
3 1005 1928 364 
3 363 1006 1925 
3 1006 364 1929 
3 1925 1929 78 
3 79 1930 1931 
3 1930 365 1010 
3 1931 1010 366 
3 365 1932 1008 
3 1932 69 1875 
3 1008 1875 337 
3 366 1009 1933 
3 1009 337 1874 
3 1933 1874 68 
3 68 1926 1933 
3 1926 362 1013 
3 1933 1013 366 
3 362 1924 1011 
3 1924 78 1934 
3 1011 1934 367 
3 366 1012 1931 
3 1012 367 1935 
3 1931 1935 79 
3 70 1885 1936 
3 1885 342 1016 
3 1936 1016 368 
3 342 1884 1014 
3 1884 60 1879 
3 1014 1879 339 
3 368 1015 1937 
3 1015 339 1878 
3 1937 1878 69 
3 69 1932 1937 
3 1932 365 1019 
3 1937 1019 368 
3 365 1930 1017 
3 1930 79 1938 
3 1017 1938 369 
3 368 1018 1936 
3 1018 369 1939 
3 1936 1939 70 
3 81 1940 1941 
3 1940 370 1022 
3 1941 1022 371 
3 370 1942 1020 
3 1942 71 1887 
3 1020 1887 343 
3 371 1021 1943 
3 1021 343 1886 
3 1943 1886 70 
3 70 1944 1943 
3 1944 372 1025 
3 1943 1025 371 
3 372 1945 1023 
3 1945 80 1946 
3 1023 1946 373 
3 371 1024 1941 
3 1024 373 1947 
3 1941 1947 81 
3 82 1948 1949 
3 1948 374 1028 
3 1949 1028 375 
3 374 1950 1026 
3 1950 72 1893 
3 1026 1893 346 
3 375 1027 1951 
3 1027 346 1892 
3 1951 1892 71 
3 71 1942 1951 
3 1942 370 1031 
3 1951 1031 375 
3 370 1940 1029 
3 1940 81 1952 
3 1029 1952 376 
3 375 1030 1949 
3 1030 376 1953 
3 1949 1953 82 
3 83 1954 1955 
3 1954 377 1034 
3 1955 1034 378 
3 377 1956 1032 
3 1956 73 1899 
3 1032 1899 349 
3 378 1033 1957 
3 1033 349 1898 
3 1957 1898 72 
3 72 1950 1957 
3 1950 374 1037 
3 1957 1037 378 
3 374 1948 1035 
3 1948 82 1958 
3 1035 1958 379 
3 378 1036 1955 
3 1036 379 1959 
3 1955 1959 83 
3 84 1960 1961 
3 1960 380 1040 
3 1961 1040 381 
3 380 1962 1038 
3 1962 74 1905 
3 1038 1905 352 
3 381 1039 1963 
3 1039 352 1904 
3 1963 1904 73 
3 73 1956 1963 
3 1956 377 1043 
3 1963 1043 381 
3 377 1954 1041 
3 1954 83 1964 
3 1041 1964 382 
3 381 1042 1961 
3 1042 382 1965 
3 1961 1965 84 
3 85 1966 1967 
3 1966 383 1046 
3 1967 1046 384 
3 383 1968 1044 
3 1968 75 1911 
3 1044 1911 355 
3 384 1045 1969 
3 1045 355 1910 
3 1969 1910 74 
3 74 1962 1969 
3 1962 380 1049 
3 1969 1049 384 
3 380 1960 1047 
3 1960 84 1970 
3 1047 1970 385 
3 384 1048 1967 
3 1048 385 1971 
3 1967 1971 85 
3 86 1972 1973 
3 1972 386 1052 
3 1973 1052 387 
3 386 1974 1050 
3 1974 76 1917 
3 1050 1917 358 
3 387 1051 1975 
3 1051 358 1916 
3 1975 1916 75 
3 75 1968 1975 
3 1968 383 1055 
3 1975 1055 387 
3 383 1966 1053 
3 1966 85 1976 
3 1053 1976 388 
3 387 1054 1973 
3 1054 388 1977 
3 1973 1977 86 
3 87 1978 1979 
3 1978 389 1058 
3 1979 1058 390 
3 389 1980 1056 
3 1980 77 1923 
3 1056 1923 361 
3 390 1057 1981 
3 1057 361 1922 
3 1981 1922 76 
3 76 1974 1981 
3 1974 386 1061 
3 1981 1061 390 
3 386 1972 1059 
3 1972 86 1982 
3 1059 1982 391 
3 390 1060 1979 
3 1060 391 1983 
3 1979 1983 87 
3 88 1984 1985 
3 1984 392 1064 
3 1985 1064 393 
3 392 1986 1062 
3 1986 78 1929 
3 1062 1929 364 
3 393 1063 1987 
3 1063 364 1928 
3 1987 1928 77 
3 77 1980 1987 
3 1980 389 1067 
3 1987 1067 393 
3 389 1978 1065 
3 1978 87 1988 
3 1065 1988 394 
3 393 1066 1985 
3 1066 394 1989 
3 1985 1989 88 
3 89 1990 1991 
3 1990 395 1070 
3 1991 1070 396 
3 395 1992 1068 
3 1992 79 1935 
3 1068 1935 367 
3 396 1069 1993 
3 1069 367 1934 
3 1993 1934 78 
3 78 1986 1993 
3 1986 392 1073 
3 1993 1073 396 
3 392 1984 1071 
3 1984 88 1994 
3 1071 1994 397 
3 396 1072 1991 
3 1072 397 1995 
3 1991 1995 89 
3 80 1945 1996 
3 1945 372 1076 
3 1996 1076 398 
3 372 1944 1074 
3 1944 70 1939 
3 1074 1939 369 
3 398 1075 1997 
3 1075 369 1938 
3 1997 1938 79 
3 79 1992 1997 
3 1992 395 1079 
3 1997 1079 398 
3 395 1990 1077 
3 1990 89 1998 
3 1077 1998 399 
3 398 1078 1996 
3 1078 399 1999 
3 1996 1999 80 
3 91 2000 2001 
3 2000 400 1082 
3 2001 1082 401 
3 400 2002 1080 
3 2002 81 1947 
3 1080 1947 373 
3 401 1081 2003 
3 1081 373 1946 
3 2003 1946 80 
3 80 2004 2003 
3 2004 402 1085 
3 2003 1085 401 
3 402 2005 1083 
3 2005 90 2006 
3 1083 2006 403 
3 401 1084 2001 
3 1084 403 2007 
3 2001 2007 91 
3 92 2008 2009 
3 2008 404 1088 
3 2009 1088 405 
3 404 2010 1086 
3 2010 82 1953 
3 1086 1953 376 
3 405 1087 2011 
3 1087 376 1952 
3 2011 1952 81 
3 81 2002 2011 
3 2002 400 1091 
3 2011 1091 405 
3 400 2000 1089 
3 2000 91 2012 
3 1089 2012 406 
3 405 1090 2009 
3 1090 406 2013 
3 2009 2013 92 
3 93 2014 2015 
3 2014 407 1094 
3 2015 1094 408 
3 407 2016 1092 
3 2016 83 1959 
3 1092 1959 379 
3 408 1093 2017 
3 1093 379 1958 
3 2017 1958 82 
3 82 2010 2017 
3 2010 404 1097 
3 2017 1097 408 
3 404 2008 1095 
3 2008 92 2018 
3 1095 2018 409 
3 408 1096 2015 
3 1096 409 2019 
3 2015 2019 93 
3 94 2020 2021 
3 2020 410 1100 
3 2021 1100 411 
3 410 2022 1098 
3 2022 84 1965 
3 1098 1965 382 
3 411 1099 2023 
3 1099 382 1964 
3 2023 1964 83 
3 83 2016 2023 
3 2016 407 1103 
3 2023 1103 411 
3 407 2014 1101 
3 2014 93 2024 
3 1101 2024 412 
3 411 1102 2021 
3 1102 412 2025 
3 2021 2025 94 
3 95 2026 2027 
3 2026 413 1106 
3 2027 1106 414 
3 413 2028 1104 
3 2028 85 1971 
3 1104 1971 385 
3 414 1105 2029 
3 1105 385 1970 
3 2029 1970 84 
3 84 2022 2029 
3 2022 410 1109 
3 2029 1109 414 
3 410 2020 1107 
3 2020 94 2030 
3 1107 2030 415 
3 414 1108 2027 
3 1108 415 2031 
3 2027 2031 95 
3 96 2032 2033 
3 2032 416 1112 
3 2033 1112 417 
3 416 2034 1110 
3 2034 86 1977 
3 1110 1977 388 
3 417 1111 2035 
3 1111 388 1976 
3 2035 1976 85 
3 85 2028 2035 
3 2028 413 1115 
3 2035 1115 417 
3 413 2026 1113 
3 2026 95 2036 
3 1113 2036 418 
3 417 1114 2033 
3 1114 418 2037 
3 2033 2037 96 
3 97 2038 2039 
3 2038 419 1118 
3 2039 1118 420 
3 419 2040 1116 
3 2040 87 1983 
3 1116 1983 391 
3 420 1117 2041 
3 1117 391 1982 
3 2041 1982 86 
3 86 2034 2041 
3 2034 416 1121 
3 2041 1121 420 
3 416 2032 1119 
3 2032 96 2042 
3 1119 2042 421 
3 420 1120 2039 
3 1120 421 2043 
3 2039 2043 97 
3 98 2044 2045 
3 2044 422 1124 
3 2045 1124 423 
3 422 2046 1122 
3 2046 88 1989 
3 1122 1989 394 
3 423 1123 2047 
3 1123 394 1988 
3 2047 1988 87 
3 87 2040 2047 
3 2040 419 1127 
3 2047 1127 423 
3 419 2038 1125 
3 2038 97 2048 
3 1125 2048 424 
3 423 1126 2045 
3 1126 424 2049 
3 2045 2049 98 
3 99 2050 2051 
3 2050 425 1130 
3 2051 1130 426 
3 425 2052 1128 
3 2052 89 1995 
3 1128 1995 397 
3 426 1129 2053 
3 1129 397 1994 
3 2053 1994 88 
3 88 2046 2053 
3 2046 422 1133 
3 2053 1133 426 
3 422 2044 1131 
3 2044 98 2054 
3 1131 2054 427 
3 426 1132 2051 
3 1132 427 2055 
3 2051 2055 99 
3 90 2005 2056 
3 2005 402 1136 
3 2056 1136 428 
3 402 2004 1134 
3 2004 80 1999 
3 1134 1999 399 
3 428 1135 2057 
3 1135 399 1998 
3 2057 1998 89 
3 89 2052 2057 
3 2052 425 1139 
3 2057 1139 428 
3 425 2050 1137 
3 2050 99 2058 
3 1137 2058 429 
3 428 1138 2056 
3 1138 429 2059 
3 2056 2059 90 
3 101 2060 2061 
3 2060 430 1142 
3 2061 1142 431 
3 430 2062 1140 
3 2062 91 2007 
3 1140 2007 403 
3 431 1141 2063 
3 1141 403 2006 
3 2063 2006 90 
3 90 2064 2063 
3 2064 432 1145 
3 2063 1145 431 
3 432 2065 1143 
3 2065 100 2066 
3 1143 2066 433 
3 431 1144 2061 
3 1144 433 2067 
3 2061 2067 101 
3 102 2068 2069 
3 2068 434 1148 
3 2069 1148 435 
3 434 2070 1146 
3 2070 92 2013 
3 1146 2013 406 
3 435 1147 2071 
3 1147 406 2012 
3 2071 2012 91 
3 91 2062 2071 
3 2062 430 1151 
3 2071 1151 435 
3 430 2060 1149 
3 2060 101 2072 
3 1149 2072 436 
3 435 1150 2069 
3 1150 436 2073 
3 2069 2073 102 
3 103 2074 2075 
3 2074 437 1154 
3 2075 1154 438 
3 437 2076 1152 
3 2076 93 2019 
3 1152 2019 409 
3 438 1153 2077 
3 1153 409 2018 
3 2077 2018 92 
3 92 2070 2077 
3 2070 434 1157 
3 2077 1157 438 
3 434 2068 1155 
3 2068 102 2078 
3 1155 2078 439 
3 438 1156 2075 
3 1156 439 2079 
3 2075 2079 103 
3 104 2080 2081 
3 2080 440 1160 
3 2081 1160 441 
3 440 2082 1158 
3 2082 94 2025 
3 1158 2025 412 
3 441 1159 2083 
3 1159 412 2024 
3 2083 2024 93 
3 93 2076 2083 
3 2076 437 1163 
3 2083 1163 441 
3 437 2074 1161 
3 2074 103 2084 
3 1161 2084 442 
3 441 1162 2081 
3 1162 442 2085 
3 2081 2085 104 
3 105 2086 2087 
3 2086 443 1166 
3 2087 1166 444 
3 443 2088 1164 
3 2088 95 2031 
3 1164 2031 415 
3 444 1165 2089 
3 1165 415 2030 
3 2089 2030 94 
3 94 2082 2089 
3 2082 440 1169 
3 2089 1169 444 
3 440 2080 1167 
3 2080 104 2090 
3 1167 2090 445 
3 444 1168 2087 
3 1168 445 2091 
3 2087 2091 105 
3 106 2092 2093 
3 2092 446 1172 
3 2093 1172 447 
3 446 2094 1170 
3 2094 96 2037 
3 1170 2037 418 
3 447 1171 2095 
3 1171 418 2036 
3 2095 2036 95 
3 95 2088 2095 
3 2088 443 1175 
3 2095 1175 447 
3 443 2086 1173 
3 2086 105 2096 
3 1173 2096 448 
3 447 1174 2093 
3 1174 448 2097 
3 2093 2097 106 
3 107 2098 2099 
3 2098 449 1178 
3 2099 1178 450 
3 449 2100 1176 
3 2100 97 2043 
3 1176 2043 421 
3 450 1177 2101 
3 1177 421 2042 
3 2101 2042 96 
3 96 2094 2101 
3 2094 446 1181 
3 2101 1181 450 
3 446 2092 1179 
3 2092 106 2102 
3 1179 2102 451 
3 450 1180 2099 
3 1180 451 2103 
3 2099 2103 107 
3 108 2104 2105 
3 2104 452 1184 
3 2105 1184 453 
3 452 2106 1182 
3 2106 98 2049 
3 1182 2049 424 
3 453 1183 2107 
3 1183 424 2048 
3 2107 2048 97 
3 97 2100 2107 
3 2100 449 1187 
3 2107 1187 453 
3 449 2098 1185 
3 2098 107 2108 
3 1185 2108 454 
3 453 1186 2105 
3 1186 454 2109 
3 2105 2109 108 
3 109 2110 2111 
3 2110 455 1190 
3 2111 1190 456 
3 455 2112 1188 
3 2112 99 2055 
3 1188 2055 427 
3 456 1189 2113 
3 1189 427 2054 
3 2113 2054 98 
3 98 2106 2113 
3 2106 452 1193 
3 2113 1193 456 
3 452 2104 1191 
3 2104 108 2114 
3 1191 2114 457 
3 456 1192 2111 
3 1192 457 2115 
3 2111 2115 109 
3 100 2065 2116 
3 2065 432 1196 
3 2116 1196 458 
3 432 2064 1194 
3 2064 90 2059 
3 1194 2059 429 
3 458 1195 2117 
3 1195 429 2058 
3 2117 2058 99 
3 99 2112 2117 
3 2112 455 1199 
3 2117 1199 458 
3 455 2110 1197 
3 2110 109 2118 
3 1197 2118 459 
3 458 1198 2116 
3 1198 459 2119 
3 2116 2119 100 
3 111 2120 2121 
3 2120 460 1202 
3 2121 1202 461 
3 460 2122 1200 
3 2122 101 2067 
3 1200 2067 433 
3 461 1201 2123 
3 1201 433 2066 
3 2123 2066 100 
3 100 2124 2123 
3 2124 462 1205 
3 2123 1205 461 
3 462 2125 1203 
3 2125 110 2126 
3 1203 2126 463 
3 461 1204 2121 
3 1204 463 2127 
3 2121 2127 111 
3 112 2128 2129 
3 2128 464 1208 
3 2129 1208 465 
3 464 2130 1206 
3 2130 102 2073 
3 1206 2073 436 
3 465 1207 2131 
3 1207 436 2072 
3 2131 2072 101 
3 101 2122 2131 
3 2122 460 1211 
3 2131 1211 465 
3 460 2120 1209 
3 2120 111 2132 
3 1209 2132 466 
3 465 1210 2129 
3 1210 466 2133 
3 2129 2133 112 
3 113 2134 2135 
3 2134 467 1214 
3 2135 1214 468 
3 467 2136 1212 
3 2136 103 2079 
3 1212 2079 439 
3 468 1213 2137 
3 1213 439 2078 
3 2137 2078 102 
3 102 2130 2137 
3 2130 464 1217 
3 2137 1217 468 
3 464 2128 1215 
3 2128 112 2138 
3 1215 2138 469 
3 468 1216 2135 
3 1216 469 2139 
3 2135 2139 113 
3 114 2140 2141 
3 2140 470 1220 
3 2141 1220 471 
3 470 2142 1218 
3 2142 104 2085 
3 1218 2085 442 
3 471 1219 2143 
3 1219 442 2084 
3 2143 2084 103 
3 103 2136 2143 
3 2136 467 1223 
3 2143 1223 471 
3 467 2134 1221 
3 2134 113 2144 
3 1221 2144 472 
3 471 1222 2141 
3 1222 472 2145 
3 2141 2145 114 
3 115 2146 2147 
3 2146 473 1226 
3 2147 1226 474 
3 473 2148 1224 
3 2148 105 2091 
3 1224 2091 445 
3 474 1225 2149 
3 1225 445 2090 
3 2149 2090 104 
3 104 2142 2149 
3 2142 470 1229 
3 2149 1229 474 
3 470 2140 1227 
3 2140 114 2150 
3 1227 2150 475 
3 474 1228 2147 
3 1228 475 2151 
3 2147 2151 115 
3 116 2152 2153 
3 2152 476 1232 
3 2153 1232 477 
3 476 2154 1230 
3 2154 106 2097 
3 1230 2097 448 
3 477 1231 2155 
3 1231 448 2096 
3 2155 2096 105 
3 105 2148 2155 
3 2148 473 1235 
3 2155 1235 477 
3 473 2146 1233 
3 2146 115 2156 
3 1233 2156 478 
3 477 1234 2153 
3 1234 478 2157 
3 2153 2157 116 
3 117 2158 2159 
3 2158 479 1238 
3 2159 1238 480 
3 479 2160 1236 
3 2160 107 2103 
3 1236 2103 451 
3 480 1237 2161 
3 1237 451 2102 
3 2161 2102 106 
3 106 2154 2161 
3 2154 476 1241 
3 2161 1241 480 
3 476 2152 1239 
3 2152 116 2162 
3 1239 2162 481 
3 480 1240 2159 
3 1240 481 2163 
3 2159 2163 117 
3 118 2164 2165 
3 2164 482 1244 
3 2165 1244 483 
3 482 2166 1242 
3 2166 108 2109 
3 1242 2109 454 
3 483 1243 2167 
3 1243 454 2108 
3 2167 2108 107 
3 107 2160 2167 
3 2160 479 1247 
3 2167 1247 483 
3 479 2158 1245 
3 2158 117 2168 
3 1245 2168 484 
3 483 1246 2165 
3 1246 484 2169 
3 2165 2169 118 
3 119 2170 2171 
3 2170 485 1250 
3 2171 1250 486 
3 485 2172 1248 
3 2172 109 2115 
3 1248 2115 457 
3 486 1249 2173 
3 1249 457 2114 
3 2173 2114 108 
3 108 2166 2173 
3 2166 482 1253 
3 2173 1253 486 
3 482 2164 1251 
3 2164 118 2174 
3 1251 2174 487 
3 486 1252 2171 
3 1252 487 2175 
3 2171 2175 119 
3 110 2125 2176 
3 2125 462 1256 
3 2176 1256 488 
3 462 2124 1254 
3 2124 100 2119 
3 1254 2119 459 
3 488 1255 2177 
3 1255 459 2118 
3 2177 2118 109 
3 109 2172 2177 
3 2172 485 1259 
3 2177 1259 488 
3 485 2170 1257 
3 2170 119 2178 
3 1257 2178 489 
3 488 1258 2176 
3 1258 489 2179 
3 2176 2179 110 
3 121 2180 2181 
3 2180 490 1262 
3 2181 1262 491 
3 490 2182 1260 
3 2182 111 2127 
3 1260 2127 463 
3 491 1261 2183 
3 1261 463 2126 
3 2183 2126 110 
3 110 2184 2183 
3 2184 492 1265 
3 2183 1265 491 
3 492 2185 1263 
3 2185 120 2186 
3 1263 2186 493 
3 491 1264 2181 
3 1264 493 2187 
3 2181 2187 121 
3 122 2188 2189 
3 2188 494 1268 
3 2189 1268 495 
3 494 2190 1266 
3 2190 112 2133 
3 1266 2133 466 
3 495 1267 2191 
3 1267 466 2132 
3 2191 2132 111 
3 111 2182 2191 
3 2182 490 1271 
3 2191 1271 495 
3 490 2180 1269 
3 2180 121 2192 
3 1269 2192 496 
3 495 1270 2189 
3 1270 496 2193 
3 2189 2193 122 
3 123 2194 2195 
3 2194 497 1274 
3 2195 1274 498 
3 497 2196 1272 
3 2196 113 2139 
3 1272 2139 469 
3 498 1273 2197 
3 1273 469 2138 
3 2197 2138 112 
3 112 2190 2197 
3 2190 494 1277 
3 2197 1277 498 
3 494 2188 1275 
3 2188 122 2198 
3 1275 2198 499 
3 498 1276 2195 
3 1276 499 2199 
3 2195 2199 123 
3 124 2200 2201 
3 2200 500 1280 
3 2201 1280 501 
3 500 2202 1278 
3 2202 114 2145 
3 1278 2145 472 
3 501 1279 2203 
3 1279 472 2144 
3 2203 2144 113 
3 113 2196 2203 
3 2196 497 1283 
3 2203 1283 501 
3 497 2194 1281 
3 2194 123 2204 
3 1281 2204 502 
3 501 1282 2201 
3 1282 502 2205 
3 2201 2205 124 
3 125 2206 2207 
3 2206 503 1286 
3 2207 1286 504 
3 503 2208 1284 
3 2208 115 2151 
3 1284 2151 475 
3 504 1285 2209 
3 1285 475 2150 
3 2209 2150 114 
3 114 2202 2209 
3 2202 500 1289 
3 2209 1289 504 
3 500 2200 1287 
3 2200 124 2210 
3 1287 2210 505 
3 504 1288 2207 
3 1288 505 2211 
3 2207 2211 125 
3 126 2212 2213 
3 2212 506 1292 
3 2213 1292 507 
3 506 2214 1290 
3 2214 116 2157 
3 1290 2157 478 
3 507 1291 2215 
3 1291 478 2156 
3 2215 2156 115 
3 115 2208 2215 
3 2208 503 1295 
3 2215 1295 507 
3 503 2206 1293 
3 2206 125 2216 
3 1293 2216 508 
3 507 1294 2213 
3 1294 508 2217 
3 2213 2217 126 
3 127 2218 2219 
3 2218 509 1298 
3 2219 1298 510 
3 509 2220 1296 
3 2220 117 2163 
3 1296 2163 481 
3 510 1297 2221 
3 1297 481 2162 
3 2221 2162 116 
3 116 2214 2221 
3 2214 506 1301 
3 2221 1301 510 
3 506 2212 1299 
3 2212 126 2222 
3 1299 2222 511 
3 510 1300 2219 
3 1300 511 2223 
3 2219 2223 127 
3 128 2224 2225 
3 2224 512 1304 
3 2225 1304 513 
3 512 2226 1302 
3 2226 118 2169 
3 1302 2169 484 
3 513 1303 2227 
3 1303 484 2168 
3 2227 2168 117 
3 117 2220 2227 
3 2220 509 1307 
3 2227 1307 513 
3 509 2218 1305 
3 2218 127 2228 
3 1305 2228 514 
3 513 1306 2225 
3 1306 514 2229 
3 2225 2229 128 
3 129 2230 2231 
3 2230 515 1310 
3 2231 1310 516 
3 515 2232 1308 
3 2232 119 2175 
3 1308 2175 487 
3 516 1309 2233 
3 1309 487 2174 
3 2233 2174 118 
3 118 2226 2233 
3 2226 512 1313 
3 2233 1313 516 
3 512 2224 1311 
3 2224 128 2234 
3 1311 2234 517 
3 516 1312 2231 
3 1312 517 2235 
3 2231 2235 129 
3 120 2185 2236 
3 2185 492 1316 
3 2236 1316 518 
3 492 2184 1314 
3 2184 110 2179 
3 1314 2179 489 
3 518 1315 2237 
3 1315 489 2178 
3 2237 2178 119 
3 119 2232 2237 
3 2232 515 1319 
3 2237 1319 518 
3 515 2230 1317 
3 2230 129 2238 
3 1317 2238 519 
3 518 1318 2236 
3 1318 519 2239 
3 2236 2239 120 
3 131 2240 2241 
3 2240 520 1322 
3 2241 1322 521 
3 520 2242 1320 
3 2242 121 2187 
3 1320 2187 493 
3 521 1321 2243 
3 1321 493 2186 
3 2243 2186 120 
3 120 2244 2243 
3 2244 522 1325 
3 2243 1325 521 
3 522 2245 1323 
3 2245 130 2246 
3 1323 2246 523 
3 521 1324 2241 
3 1324 523 2247 
3 2241 2247 131 
3 132 2248 2249 
3 2248 524 1328 
3 2249 1328 525 
3 524 2250 1326 
3 2250 122 2193 
3 1326 2193 496 
3 525 1327 2251 
3 1327 496 2192 
3 2251 2192 121 
3 121 2242 2251 
3 2242 520 1331 
3 2251 1331 525 
3 520 2240 1329 
3 2240 131 2252 
3 1329 2252 526 
3 525 1330 2249 
3 1330 526 2253 
3 2249 2253 132 
3 133 2254 2255 
3 2254 527 1334 
3 2255 1334 528 
3 527 2256 1332 
3 2256 123 2199 
3 1332 2199 499 
3 528 1333 2257 
3 1333 499 2198 
3 2257 2198 122 
3 122 2250 2257 
3 2250 524 1337 
3 2257 1337 528 
3 524 2248 1335 
3 2248 132 2258 
3 1335 2258 529 
3 528 1336 2255 
3 1336 529 2259 
3 2255 2259 133 
3 134 2260 2261 
3 2260 530 1340 
3 2261 1340 531 
3 530 2262 1338 
3 2262 124 2205 
3 1338 2205 502 
3 531 1339 2263 
3 1339 502 2204 
3 2263 2204 123 
3 123 2256 2263 
3 2256 527 1343 
3 2263 1343 531 
3 527 2254 1341 
3 2254 133 2264 
3 1341 2264 532 
3 531 1342 2261 
3 1342 532 2265 
3 2261 2265 134 
3 135 2266 2267 
3 2266 533 1346 
3 2267 1346 534 
3 533 2268 1344 
3 2268 125 2211 
3 1344 2211 505 
3 534 1345 2269 
3 1345 505 2210 
3 2269 2210 124 
3 124 2262 2269 
3 2262 530 1349 
3 2269 1349 534 
3 530 2260 1347 
3 2260 134 2270 
3 1347 2270 535 
3 534 1348 2267 
3 1348 535 2271 
3 2267 2271 135 
3 136 2272 2273 
3 2272 536 1352 
3 2273 1352 537 
3 536 2274 1350 
3 2274 126 2217 
3 1350 2217 508 
3 537 1351 2275 
3 1351 508 2216 
3 2275 2216 125 
3 125 2268 2275 
3 2268 533 1355 
3 2275 1355 537 
3 533 2266 1353 
3 2266 135 2276 
3 1353 2276 538 
3 537 1354 2273 
3 1354 538 2277 
3 2273 2277 136 
3 137 2278 2279 
3 2278 539 1358 
3 2279 1358 540 
3 539 2280 1356 
3 2280 127 2223 
3 1356 2223 511 
3 540 1357 2281 
3 1357 511 2222 
3 2281 2222 126 
3 126 2274 2281 
3 2274 536 1361 
3 2281 1361 540 
3 536 2272 1359 
3 2272 136 2282 
3 1359 2282 541 
3 540 1360 2279 
3 1360 541 2283 
3 2279 2283 137 
3 138 2284 2285 
3 2284 542 1364 
3 2285 1364 543 
3 542 2286 1362 
3 2286 128 2229 
3 1362 2229 514 
3 543 1363 2287 
3 1363 514 2228 
3 2287 2228 127 
3 127 2280 2287 
3 2280 539 1367 
3 2287 1367 543 
3 539 2278 1365 
3 2278 137 2288 
3 1365 2288 544 
3 543 1366 2285 
3 1366 544 2289 
3 2285 2289 138 
3 139 2290 2291 
3 2290 545 1370 
3 2291 1370 546 
3 545 2292 1368 
3 2292 129 2235 
3 1368 2235 517 
3 546 1369 2293 
3 1369 517 2234 
3 2293 2234 128 
3 128 2286 2293 
3 2286 542 1373 
3 2293 1373 546 
3 542 2284 1371 
3 2284 138 2294 
3 1371 2294 547 
3 546 1372 2291 
3 1372 547 2295 
3 2291 2295 139 
3 130 2245 2296 
3 2245 522 1376 
3 2296 1376 548 
3 522 2244 1374 
3 2244 120 2239 
3 1374 2239 519 
3 548 1375 2297 
3 1375 519 2238 
3 2297 2238 129 
3 129 2292 2297 
3 2292 545 1379 
3 2297 1379 548 
3 545 2290 1377 
3 2290 139 2298 
3 1377 2298 549 
3 548 1378 2296 
3 1378 549 2299 
3 2296 2299 130 
3 141 2300 2301 
3 2300 550 1382 
3 2301 1382 551 
3 550 2302 1380 
3 2302 131 2247 
3 1380 2247 523 
3 551 1381 2303 
3 1381 523 2246 
3 2303 2246 130 
3 130 2304 2303 
3 2304 552 1385 
3 2303 1385 551 
3 552 2305 1383 
3 2305 140 2306 
3 1383 2306 553 
3 551 1384 2301 
3 1384 553 2307 
3 2301 2307 141 
3 142 2308 2309 
3 2308 554 1388 
3 2309 1388 555 
3 554 2310 1386 
3 2310 132 2253 
3 1386 2253 526 
3 555 1387 2311 
3 1387 526 2252 
3 2311 2252 131 
3 131 2302 2311 
3 2302 550 1391 
3 2311 1391 555 
3 550 2300 1389 
3 2300 141 2312 
3 1389 2312 556 
3 555 1390 2309 
3 1390 556 2313 
3 2309 2313 142 
3 143 2314 2315 
3 2314 557 1394 
3 2315 1394 558 
3 557 2316 1392 
3 2316 133 2259 
3 1392 2259 529 
3 558 1393 2317 
3 1393 529 2258 
3 2317 2258 132 
3 132 2310 2317 
3 2310 554 1397 
3 2317 1397 558 
3 554 2308 1395 
3 2308 142 2318 
3 1395 2318 559 
3 558 1396 2315 
3 1396 559 2319 
3 2315 2319 143 
3 144 2320 2321 
3 2320 560 1400 
3 2321 1400 561 
3 560 2322 1398 
3 2322 134 2265 
3 1398 2265 532 
3 561 1399 2323 
3 1399 532 2264 
3 2323 2264 133 
3 133 2316 2323 
3 2316 557 1403 
3 2323 1403 561 
3 557 2314 1401 
3 2314 143 2324 
3 1401 2324 562 
3 561 1402 2321 
3 1402 562 2325 
3 2321 2325 144 
3 145 2326 2327 
3 2326 563 1406 
3 2327 1406 564 
3 563 2328 1404 
3 2328 135 2271 
3 1404 2271 535 
3 564 1405 2329 
3 1405 535 2270 
3 2329 2270 134 
3 134 2322 2329 
3 2322 560 1409 
3 2329 1409 564 
3 560 2320 1407 
3 2320 144 2330 
3 1407 2330 565 
3 564 1408 2327 
3 1408 565 2331 
3 2327 2331 145 
3 146 2332 2333 
3 2332 566 1412 
3 2333 1412 567 
3 566 2334 1410 
3 2334 136 2277 
3 1410 2277 538 
3 567 1411 2335 
3 1411 538 2276 
3 2335 2276 135 
3 135 2328 2335 
3 2328 563 1415 
3 2335 1415 567 
3 563 2326 1413 
3 2326 145 2336 
3 1413 2336 568 
3 567 1414 2333 
3 1414 568 2337 
3 2333 2337 146 
3 147 2338 2339 
3 2338 569 1418 
3 2339 1418 570 
3 569 2340 1416 
3 2340 137 2283 
3 1416 2283 541 
3 570 1417 2341 
3 1417 541 2282 
3 2341 2282 136 
3 136 2334 2341 
3 2334 566 1421 
3 2341 1421 570 
3 566 2332 1419 
3 2332 146 2342 
3 1419 2342 571 
3 570 1420 2339 
3 1420 571 2343 
3 2339 2343 147 
3 148 2344 2345 
3 2344 572 1424 
3 2345 1424 573 
3 572 2346 1422 
3 2346 138 2289 
3 1422 2289 544 
3 573 1423 2347 
3 1423 544 2288 
3 2347 2288 137 
3 137 2340 2347 
3 2340 569 1427 
3 2347 1427 573 
3 569 2338 1425 
3 2338 147 2348 
3 1425 2348 574 
3 573 1426 2345 
3 1426 574 2349 
3 2345 2349 148 
3 149 2350 2351 
3 2350 575 1430 
3 2351 1430 576 
3 575 2352 1428 
3 2352 139 2295 
3 1428 2295 547 
3 576 1429 2353 
3 1429 547 2294 
3 2353 2294 138 
3 138 2346 2353 
3 2346 572 1433 
3 2353 1433 576 
3 572 2344 1431 
3 2344 148 2354 
3 1431 2354 577 
3 576 1432 2351 
3 1432 577 2355 
3 2351 2355 149 
3 140 2305 2356 
3 2305 552 1436 
3 2356 1436 578 
3 552 2304 1434 
3 2304 130 2299 
3 1434 2299 549 
3 578 1435 2357 
3 1435 549 2298 
3 2357 2298 139 
3 139 2352 2357 
3 2352 575 1439 
3 2357 1439 578 
3 575 2350 1437 
3 2350 149 2358 
3 1437 2358 579 
3 578 1438 2356 
3 1438 579 2359 
3 2356 2359 140 
3 1 2360 2361 
3 2360 580 1442 
3 2361 1442 581 
3 580 2362 1440 
3 2362 141 2307 
3 1440 2307 553 
3 581 1441 2363 
3 1441 553 2306 
3 2363 2306 140 
3 140 2364 2363 
3 2364 582 1445 
3 2363 1445 581 
3 582 2365 1443 
3 2365 0 1504 
3 1443 1504 151 
3 581 1444 2361 
3 1444 151 1503 
3 2361 1503 1 
3 2 2366 2367 
3 2366 583 1448 
3 2367 1448 584 
3 583 2368 1446 
3 2368 142 2313 
3 1446 2313 556 
3 584 1447 2369 
3 1447 556 2312 
3 2369 2312 141 
3 141 2362 2369 
3 2362 580 1451 
3 2369 1451 584 
3 580 2360 1449 
3 2360 1 1514 
3 1449 1514 156 
3 584 1450 2367 
3 1450 156 1513 
3 2367 1513 2 
3 3 2370 2371 
3 2370 585 1454 
3 2371 1454 586 
3 585 2372 1452 
3 2372 143 2319 
3 1452 2319 559 
3 586 1453 2373 
3 1453 559 2318 
3 2373 2318 142 
3 142 2368 2373 
3 2368 583 1457 
3 2373 1457 586 
3 583 2366 1455 
3 2366 2 1522 
3 1455 1522 160 
3 586 1456 2371 
3 1456 160 1521 
3 2371 1521 3 
3 4 2374 2375 
3 2374 587 1460 
3 2375 1460 588 
3 587 2376 1458 
3 2376 144 2325 
3 1458 2325 562 
3 588 1459 2377 
3 1459 562 2324 
3 2377 2324 143 
3 143 2372 2377 
3 2372 585 1463 
3 2377 1463 588 
3 585 2370 1461 
3 2370 3 1530 
3 1461 1530 164 
3 588 1462 2375 
3 1462 164 1529 
3 2375 1529 4 
3 5 2378 2379 
3 2378 589 1466 
3 2379 1466 590 
3 589 2380 1464 
3 2380 145 2331 
3 1464 2331 565 
3 590 1465 2381 
3 1465 565 2330 
3 2381 2330 144 
3 144 2376 2381 
3 2376 587 1469 
3 2381 1469 590 
3 587 2374 1467 
3 2374 4 1538 
3 1467 1538 168 
3 590 1468 2379 
3 1468 168 1537 
3 2379 1537 5 
3 6 2382 2383 
3 2382 591 1472 
3 2383 1472 592 
3 591 2384 1470 
3 2384 146 2337 
3 1470 2337 568 
3 592 1471 2385 
3 1471 568 2336 
3 2385 2336 145 
3 145 2380 2385 
3 2380 589 1475 
3 2385 1475 592 
3 589 2378 1473 
3 2378 5 1546 
3 1473 1546 172 
3 592 1474 2383 
3 1474 172 1545 
3 2383 1545 6 
3 7 2386 2387 
3 2386 593 1478 
3 2387 1478 594 
3 593 2388 1476 
3 2388 147 2343 
3 1476 2343 571 
3 594 1477 2389 
3 1477 571 2342 
3 2389 2342 146 
3 146 2384 2389 
3 2384 591 1481 
3 2389 1481 594 
3 591 2382 1479 
3 2382 6 1554 
3 1479 1554 176 
3 594 1480 2387 
3 1480 176 1553 
3 2387 1553 7 
3 8 2390 2391 
3 2390 595 1484 
3 2391 1484 596 
3 595 2392 1482 
3 2392 148 2349 
3 1482 2349 574 
3 596 1483 2393 
3 1483 574 2348 
3 2393 2348 147 
3 147 2388 2393 
3 2388 593 1487 
3 2393 1487 596 
3 593 2386 1485 
3 2386 7 1562 
3 1485 1562 180 
3 596 1486 2391 
3 1486 180 1561 
3 2391 1561 8 
3 9 2394 2395 
3 2394 597 1490 
3 2395 1490 598 
3 597 2396 1488 
3 2396 149 2355 
3 1488 2355 577 
3 598 1489 2397 
3 1489 577 2354 
3 2397 2354 148 
3 148 2392 2397 
3 2392 595 1493 
3 2397 1493 598 
3 595 2390 1491 
3 2390 8 1570 
3 1491 1570 184 
3 598 1492 2395 
3 1492 184 1569 
3 2395 1569 9 
3 0 2365 2398 
3 2365 582 1496 
3 2398 1496 599 
3 582 2364 1494 
3 2364 140 2359 
3 1494 2359 579 
3 599 1495 2399 
3 1495 579 2358 
3 2399 2358 149 
3 149 2396 2399 
3 2396 597 1499 
3 2399 1499 599 
3 597 2394 1497 
3 2394 9 1576 
3 1497 1576 187 
3 599 1498 2398 
3 1498 187 1575 
3 2398 1575 0 
